2026-08-12 13:22:06,124 [INFO] medcare: Initializing synthetic data generation...
2026-08-12 13:22:06,124 [INFO] medcare: Starting synthetic data generation with seed=42, num_days=180
2026-08-12 13:22:06,135 [INFO] medcare: Simulating daily demand and inventory dynamics...
2026-08-12 13:22:44,309 [INFO] medcare: Injecting realistic data-quality issues...
2026-08-12 13:22:45,497 [INFO] medcare: Synthetic dataset generated and saved successfully!
2026-08-12 13:22:45,519 [INFO] medcare: Data generation script finished successfully.
2026-08-12 13:23:07,333 [INFO] medcare: Initializing model training pipeline...
2026-08-12 13:23:07,333 [INFO] medcare: Cleaning raw datasets...
2026-08-12 13:23:07,757 [INFO] medcare: Deduplicated demand: removed 288 duplicates.
2026-08-12 13:23:08,460 [INFO] medcare: Outliers cleaned using IQR clipping method.
2026-08-12 13:23:09,161 [INFO] medcare: Processed datasets saved to data/processed/
2026-08-12 13:23:09,164 [INFO] medcare: Engineering forecasting features...
2026-08-12 13:23:13,140 [INFO] medcare: Feature matrix built: 46400 rows, 32 columns
2026-08-12 13:23:13,154 [INFO] medcare: Splitting data chronologically: train before 2026-07-07 00:00:00, validation before 2026-07-21 00:00:00
2026-08-12 13:23:13,164 [INFO] medcare: Train size: 37120, Val size: 4480, Test size: 4800
2026-08-12 13:23:13,164 [INFO] medcare: Training models for 1-day horizon target 'target_1d'...
2026-08-12 13:23:14,170 [INFO] medcare: 1d XGBoost Test MAE: 14.85, R2: 0.7529
2026-08-12 13:23:14,170 [INFO] medcare: 1d Naive Baseline Test MAE: 25.92, R2: 0.3385
2026-08-12 13:23:14,170 [INFO] medcare: Training models for 3-day horizon target 'target_3d'...
2026-08-12 13:23:15,135 [INFO] medcare: 3d XGBoost Test MAE: 27.31, R2: 0.8906
2026-08-12 13:23:15,136 [INFO] medcare: 3d Naive Baseline Test MAE: 65.84, R2: 0.4159
2026-08-12 13:23:15,136 [INFO] medcare: Training models for 7-day horizon target 'target_7d'...
2026-08-12 13:23:16,032 [INFO] medcare: 7d XGBoost Test MAE: 46.67, R2: 0.9360
2026-08-12 13:23:16,033 [INFO] medcare: 7d Naive Baseline Test MAE: 127.72, R2: 0.5200
2026-08-12 13:23:16,078 [INFO] medcare: Model for 1-day horizon saved to models\xgb_model_1d.pkl
2026-08-12 13:23:16,086 [INFO] medcare: Model for 3-day horizon saved to models\xgb_model_3d.pkl
2026-08-12 13:23:16,093 [INFO] medcare: Model for 7-day horizon saved to models\xgb_model_7d.pkl
2026-08-12 13:23:16,229 [INFO] medcare: Saved model evaluation metrics to database.
2026-08-12 13:23:16,230 [INFO] medcare: Model training pipeline finished successfully!
2026-08-12 13:23:39,461 [INFO] medcare: Initializing database schema...
2026-08-12 13:23:39,523 [INFO] medcare: Seeding SKUs...
2026-08-12 13:23:39,549 [INFO] medcare: Seeding Distribution Centers...
2026-08-12 13:23:39,553 [INFO] medcare: Seeding Suppliers...
2026-08-12 13:23:39,568 [INFO] medcare: Seeding SKU-Supplier mappings...
2026-08-12 13:23:39,606 [INFO] medcare: Seeding Promotions...
2026-08-12 13:23:39,612 [INFO] medcare: Seeding Batches...
2026-08-12 13:23:40,617 [INFO] medcare: Seeding Distributor Orders...
2026-08-12 13:23:45,875 [INFO] medcare: Seeding Demand History...
2026-08-12 13:23:53,977 [INFO] medcare: Seeding Inventory Snapshots...
2026-08-12 13:24:02,172 [INFO] medcare: Database seeded successfully!
2026-08-12 13:24:56,594 [INFO] numexpr.utils: NumExpr defaulting to 16 threads.
2026-08-12 13:25:00,258 [INFO] medcare: Initializing baseline forecasting and replenishment plans for 2026-08-12...
2026-08-12 13:25:00,492 [INFO] medcare: Forecasting models loaded successfully from disk.
2026-08-12 13:25:00,492 [INFO] medcare: Generating forecasts for target_date=2026-08-12...
2026-08-12 13:25:01,479 [INFO] medcare: Engineering forecasting features...
2026-08-12 13:25:07,808 [INFO] medcare: Feature matrix built: 3200 rows, 32 columns
2026-08-12 13:25:07,833 [WARNING] medcare: No feature records generated for date 2026-08-12.
2026-08-12 13:25:07,904 [INFO] medcare: Generating action recommendations for date 2026-08-12...
2026-08-12 13:25:07,922 [INFO] medcare: Generating inter-DC transfer recommendations for date 2026-08-12...
2026-08-12 13:25:17,540 [ERROR] medcare: Error executing demo commands: 'lead_time_days'
2026-08-12 13:25:53,610 [INFO] numexpr.utils: NumExpr defaulting to 16 threads.
2026-08-12 13:25:57,078 [INFO] medcare: Initializing baseline forecasting and replenishment plans for 2026-08-12...
2026-08-12 13:25:57,155 [INFO] medcare: Forecasting models loaded successfully from disk.
2026-08-12 13:25:57,155 [INFO] medcare: Generating forecasts for target_date=2026-08-12...
2026-08-12 13:25:58,117 [INFO] medcare: Engineering forecasting features...
2026-08-12 13:26:04,514 [INFO] medcare: Feature matrix built: 5440 rows, 32 columns
2026-08-12 13:26:04,548 [WARNING] medcare: No feature records generated for date 2026-08-12.
2026-08-12 13:26:04,618 [INFO] medcare: Generating action recommendations for date 2026-08-12...
2026-08-12 13:26:04,636 [INFO] medcare: Generating inter-DC transfer recommendations for date 2026-08-12...
2026-08-12 13:26:24,078 [INFO] numexpr.utils: NumExpr defaulting to 16 threads.
2026-08-12 13:26:26,176 [INFO] medcare: Initializing baseline forecasting and replenishment plans for 2026-08-12...
2026-08-12 13:26:26,209 [INFO] medcare: Forecasting models loaded successfully from disk.
2026-08-12 13:26:26,210 [INFO] medcare: Generating forecasts for target_date=2026-08-12...
2026-08-12 13:26:28,908 [INFO] medcare: Engineering forecasting features...
2026-08-12 13:26:34,070 [INFO] medcare: Generated and stored 414 action recommendations in database.
2026-08-12 13:26:34,071 [INFO] medcare: System initialization complete.
2026-08-12 13:26:35,794 [INFO] medcare: Feature matrix built: 5760 rows, 32 columns
2026-08-12 13:26:35,932 [ERROR] medcare: Error executing demo commands: 'demand_variability'
2026-08-12 13:30:13,652 [INFO] numexpr.utils: NumExpr defaulting to 16 threads.
2026-08-12 13:30:16,412 [INFO] medcare: Initializing baseline forecasting and replenishment plans for 2026-08-12...
2026-08-12 13:30:16,514 [INFO] medcare: Forecasting models loaded successfully from disk.
2026-08-12 13:30:16,514 [INFO] medcare: Generating forecasts for target_date=2026-08-12...
2026-08-12 13:30:18,171 [INFO] medcare: Engineering forecasting features...
2026-08-12 13:30:22,675 [INFO] medcare: Feature matrix built: 5760 rows, 32 columns
2026-08-12 13:30:31,218 [INFO] medcare: Saved 960 forecasts to database.
2026-08-12 13:30:31,255 [INFO] medcare: Generating action recommendations for date 2026-08-12...
2026-08-12 13:30:31,272 [INFO] medcare: Generating inter-DC transfer recommendations for date 2026-08-12...
2026-08-12 13:30:46,619 [INFO] medcare: Generated and stored 408 action recommendations in database.
2026-08-12 13:30:46,620 [INFO] medcare: System initialization complete.
2026-08-12 13:56:27,347 [INFO] numexpr.utils: NumExpr defaulting to 16 threads.
2026-08-12 13:56:29,519 [INFO] medcare: Initializing baseline forecasting and replenishment plans for 2026-08-12...
2026-08-12 13:56:29,540 [INFO] medcare: Forecasting models loaded successfully from disk.
2026-08-12 13:56:29,541 [INFO] medcare: Generating forecasts for target_date=2026-08-12...
2026-08-12 13:56:30,760 [INFO] medcare: Engineering forecasting features...
2026-08-12 13:56:33,021 [INFO] medcare: Feature matrix built: 5760 rows, 32 columns
2026-08-12 13:56:40,698 [INFO] medcare: Saved 960 forecasts to database.
2026-08-12 13:56:40,747 [INFO] medcare: Generating action recommendations for date 2026-08-12...
2026-08-12 13:56:40,812 [INFO] medcare: Generating inter-DC transfer recommendations for date 2026-08-12...
2026-08-12 13:56:59,455 [INFO] medcare: Generated and stored 408 action recommendations in database.
2026-08-12 13:56:59,457 [INFO] medcare: System initialization complete.
2026-08-12 13:57:02,572 [INFO] numexpr.utils: NumExpr defaulting to 16 threads.
2026-08-12 14:00:18,206 [INFO] numexpr.utils: NumExpr defaulting to 16 threads.
2026-08-12 14:00:20,536 [INFO] medcare: Initializing baseline forecasting and replenishment plans for 2026-08-12...
2026-08-12 14:00:20,563 [INFO] medcare: Forecasting models loaded successfully from disk.
2026-08-12 14:00:20,564 [INFO] medcare: Generating forecasts for target_date=2026-08-12...
2026-08-12 14:00:21,713 [INFO] medcare: Engineering forecasting features...
2026-08-12 14:00:23,801 [INFO] medcare: Feature matrix built: 5760 rows, 32 columns
2026-08-12 14:00:31,293 [INFO] medcare: Saved 960 forecasts to database.
2026-08-12 14:00:31,326 [INFO] medcare: Generating action recommendations for date 2026-08-12...
2026-08-12 14:00:31,384 [INFO] medcare: Generating inter-DC transfer recommendations for date 2026-08-12...
2026-08-12 14:00:38,514 [INFO] medcare: Generated and stored 408 action recommendations in database.
2026-08-12 14:00:38,515 [INFO] medcare: System initialization complete.
2026-08-12 14:00:41,612 [INFO] numexpr.utils: NumExpr defaulting to 16 threads.
2026-08-12 14:19:09,972 [INFO] numexpr.utils: NumExpr defaulting to 16 threads.
2026-08-12 14:19:12,147 [INFO] medcare: Initializing baseline forecasting and replenishment plans for 2026-08-12...
2026-08-12 14:19:12,219 [INFO] medcare: Forecasting models loaded successfully from disk.
2026-08-12 14:19:12,219 [INFO] medcare: Generating forecasts for target_date=2026-08-12...
2026-08-12 14:19:13,250 [INFO] medcare: Engineering forecasting features...
2026-08-12 14:19:15,404 [INFO] medcare: Feature matrix built: 5760 rows, 32 columns
2026-08-12 14:19:22,580 [INFO] medcare: Saved 960 forecasts to database.
2026-08-12 14:19:22,632 [INFO] medcare: Generating action recommendations for date 2026-08-12...
2026-08-12 14:19:22,699 [INFO] medcare: Generating inter-DC transfer recommendations for date 2026-08-12...
2026-08-12 14:19:31,647 [INFO] medcare: Generated and stored 408 action recommendations in database.
2026-08-12 14:19:31,649 [INFO] medcare: System initialization complete.
2026-08-12 14:19:34,697 [INFO] numexpr.utils: NumExpr defaulting to 16 threads.
2026-08-12 14:37:14,711 [INFO] numexpr.utils: NumExpr defaulting to 16 threads.
2026-08-12 14:37:17,666 [INFO] medcare: Triggering Scenario 1: Bangalore DC demand spike for MED003...
2026-08-12 14:37:17,823 [INFO] medcare: Initializing baseline forecasting and replenishment plans for 2026-08-12...
2026-08-12 14:37:17,885 [INFO] medcare: Forecasting models loaded successfully from disk.
2026-08-12 14:37:17,891 [INFO] medcare: Generating forecasts for target_date=2026-08-12...
2026-08-12 14:37:20,209 [INFO] medcare: Engineering forecasting features...
2026-08-12 14:37:26,561 [INFO] medcare: Feature matrix built: 5760 rows, 32 columns
2026-08-12 14:37:30,634 [INFO] numexpr.utils: NumExpr defaulting to 16 threads.
2026-08-12 14:37:32,405 [INFO] medcare: Initializing baseline forecasting and replenishment plans for 2026-08-12...
2026-08-12 14:37:32,465 [INFO] medcare: Forecasting models loaded successfully from disk.
2026-08-12 14:37:32,466 [INFO] medcare: Generating forecasts for target_date=2026-08-12...
2026-08-12 14:37:36,166 [INFO] medcare: Engineering forecasting features...
2026-08-12 14:37:42,055 [INFO] medcare: Saved 960 forecasts to database.
2026-08-12 14:37:42,225 [INFO] medcare: Generating action recommendations for date 2026-08-12...
2026-08-12 14:37:42,277 [INFO] medcare: Generating inter-DC transfer recommendations for date 2026-08-12...
2026-08-12 14:37:46,028 [INFO] medcare: Feature matrix built: 5760 rows, 32 columns
2026-08-12 14:38:04,695 [INFO] medcare: Saved 960 forecasts to database.
2026-08-12 14:38:04,877 [INFO] medcare: Generating action recommendations for date 2026-08-12...
2026-08-12 14:38:04,966 [INFO] medcare: Generating inter-DC transfer recommendations for date 2026-08-12...
2026-08-12 14:38:16,309 [INFO] medcare: Generated and stored 408 action recommendations in database.
2026-08-12 14:38:16,311 [INFO] medcare: System initialization complete.
2026-08-12 14:38:16,313 [INFO] medcare: Scenario 1 triggered and database updated successfully!
2026-08-12 14:38:31,766 [INFO] medcare: Generated and stored 408 action recommendations in database.
2026-08-12 14:38:31,769 [INFO] medcare: System initialization complete.
2026-08-12 14:40:11,259 [INFO] medcare: Forecasting models loaded successfully from disk.
2026-08-12 14:41:50,662 [INFO] numexpr.utils: NumExpr defaulting to 16 threads.
2026-08-12 14:41:52,161 [INFO] medcare: Triggering Scenario 3: Joint Transfer + Replenishment logic...
2026-08-12 14:41:52,245 [INFO] medcare: Initializing baseline forecasting and replenishment plans for 2026-08-12...
2026-08-12 14:41:52,272 [INFO] medcare: Forecasting models loaded successfully from disk.
2026-08-12 14:41:52,273 [INFO] medcare: Generating forecasts for target_date=2026-08-12...
2026-08-12 14:41:54,415 [INFO] medcare: Engineering forecasting features...
2026-08-12 14:42:00,568 [INFO] medcare: Feature matrix built: 5760 rows, 32 columns
2026-08-12 14:42:05,882 [INFO] numexpr.utils: NumExpr defaulting to 16 threads.
2026-08-12 14:42:07,650 [INFO] medcare: Triggering Scenario 5: Critical emergency medicine MED015 shortage escalation...
2026-08-12 14:42:09,361 [INFO] numexpr.utils: NumExpr defaulting to 16 threads.
2026-08-12 14:42:10,965 [INFO] medcare: Initializing baseline forecasting and replenishment plans for 2026-08-12...
2026-08-12 14:42:11,048 [INFO] medcare: Forecasting models loaded successfully from disk.
2026-08-12 14:42:11,049 [INFO] medcare: Generating forecasts for target_date=2026-08-12...
2026-08-12 14:42:13,313 [ERROR] medcare: Error executing demo commands: (sqlite3.OperationalError) database is locked
[SQL: UPDATE skus SET category=? WHERE skus.sku_id = ?]
[parameters: ('Emergency', 'MED015')]
(Background on this error at: https://sqlalche.me/e/20/e3q8)
2026-08-12 14:42:14,805 [INFO] medcare: Engineering forecasting features...
2026-08-12 14:42:15,128 [INFO] medcare: Saved 960 forecasts to database.
2026-08-12 14:42:15,346 [INFO] medcare: Generating action recommendations for date 2026-08-12...
2026-08-12 14:42:15,432 [INFO] medcare: Generating inter-DC transfer recommendations for date 2026-08-12...
2026-08-12 14:42:22,139 [INFO] medcare: Feature matrix built: 5760 rows, 32 columns
2026-08-12 14:42:37,003 [INFO] medcare: Saved 960 forecasts to database.
2026-08-12 14:42:37,080 [INFO] medcare: Generating action recommendations for date 2026-08-12...
2026-08-12 14:42:37,135 [INFO] medcare: Generating inter-DC transfer recommendations for date 2026-08-12...
2026-08-12 14:42:43,686 [INFO] medcare: Generated and stored 409 action recommendations in database.
2026-08-12 14:42:43,688 [INFO] medcare: System initialization complete.
2026-08-12 14:42:43,690 [INFO] medcare: Scenario 3 triggered and database updated successfully!
2026-08-12 14:43:00,359 [INFO] medcare: Generated and stored 409 action recommendations in database.
2026-08-12 14:43:00,361 [INFO] medcare: System initialization complete.
2026-08-12 21:16:47,307 [INFO] numexpr.utils: NumExpr defaulting to 16 threads.
2026-08-12 21:16:50,877 [INFO] medcare: Initializing baseline forecasting and replenishment plans for 2026-08-12...
2026-08-12 21:16:51,121 [INFO] medcare: Forecasting models loaded successfully from disk.
2026-08-12 21:16:51,121 [INFO] medcare: Generating forecasts for target_date=2026-08-12...
2026-08-12 21:16:53,489 [INFO] medcare: Engineering forecasting features...
2026-08-12 21:16:59,113 [INFO] medcare: Feature matrix built: 5760 rows, 32 columns
2026-08-12 21:17:10,072 [INFO] medcare: Saved 960 forecasts to database.
2026-08-12 21:17:10,172 [INFO] medcare: Generating action recommendations for date 2026-08-12...
2026-08-12 21:17:10,201 [INFO] medcare: Generating inter-DC transfer recommendations for date 2026-08-12...
2026-08-12 21:17:32,546 [INFO] medcare: Generated and stored 409 action recommendations in database.
2026-08-12 21:17:32,547 [INFO] medcare: System initialization complete.
2026-08-12 21:18:33,249 [INFO] numexpr.utils: NumExpr defaulting to 16 threads.
2026-08-12 21:18:35,189 [INFO] medcare: Initializing baseline forecasting and replenishment plans for 2026-08-12...
2026-08-12 21:18:35,263 [INFO] medcare: Forecasting models loaded successfully from disk.
2026-08-12 21:18:35,264 [INFO] medcare: Generating forecasts for target_date=2026-08-12...
2026-08-12 21:18:36,341 [INFO] medcare: Engineering forecasting features...
2026-08-12 21:18:38,655 [INFO] medcare: Feature matrix built: 5760 rows, 32 columns
2026-08-12 21:18:46,091 [INFO] medcare: Saved 960 forecasts to database.
2026-08-12 21:18:46,131 [INFO] medcare: Generating action recommendations for date 2026-08-12...
2026-08-12 21:18:46,141 [INFO] medcare: Generating inter-DC transfer recommendations for date 2026-08-12...
2026-08-12 21:18:59,379 [INFO] medcare: Generated and stored 409 action recommendations in database.
2026-08-12 21:18:59,381 [INFO] medcare: System initialization complete.
2026-08-12 21:19:02,394 [INFO] numexpr.utils: NumExpr defaulting to 16 threads.
2026-08-12 21:19:30,760 [INFO] medcare: Endpoint / served in 0.2049s
2026-08-12 21:19:30,826 [INFO] medcare: Endpoint /static/style.css served in 0.0052s
2026-08-12 21:19:30,827 [INFO] medcare: Endpoint /static/app.js served in 0.0054s
2026-08-12 21:19:31,511 [INFO] medcare: Endpoint /favicon.ico served in 0.0005s
2026-08-12 21:19:31,576 [INFO] medcare: Endpoint /api/dashboard/skus served in 0.2035s
2026-08-12 21:19:31,581 [INFO] medcare: Endpoint /api/dashboard/distribution-centers served in 0.2057s
2026-08-12 21:19:32,838 [INFO] medcare: Endpoint /api/dashboard/summary served in 1.2438s
2026-08-12 21:19:36,249 [INFO] medcare: Endpoint /api/forecast/historical-comparison served in 0.0544s
2026-08-12 21:19:40,435 [INFO] medcare: Endpoint /api/inventory/status served in 7.5890s
2026-08-12 21:19:40,539 [INFO] medcare: Endpoint /api/recommendations served in 0.0969s
2026-08-12 21:19:42,018 [INFO] medcare: Endpoint /api/inventory/expiry-risks served in 1.4460s
2026-08-12 21:19:49,137 [INFO] medcare: Endpoint /api/inventory/status served in 8.6967s
2026-08-12 21:19:58,593 [INFO] medcare: Endpoint /api/recommendations served in 0.0215s
2026-08-12 21:20:01,237 [INFO] medcare: Endpoint /api/inventory/expiry-risks served in 1.0304s
2026-08-12 21:20:06,957 [INFO] medcare: Endpoint /api/recommendations/transfers served in 0.0119s
2026-08-12 21:20:13,020 [INFO] medcare: Endpoint /api/recommendations served in 0.0181s
2026-08-12 21:20:18,260 [INFO] medcare: Endpoint /api/dashboard/skus served in 0.0057s
2026-08-12 21:20:31,022 [INFO] medcare: Generating action recommendations for date 2026-08-12...
2026-08-12 21:20:31,079 [INFO] medcare: Generating inter-DC transfer recommendations for date 2026-08-12...
2026-08-12 21:20:45,741 [INFO] medcare: Endpoint /api/dashboard/summary served in 1.3946s
2026-08-12 21:20:56,090 [INFO] medcare: Endpoint /api/inventory/status served in 10.3406s
2026-08-12 21:20:56,107 [INFO] medcare: Generating action recommendations for date 2026-08-12...
2026-08-12 21:20:56,172 [INFO] medcare: Generating inter-DC transfer recommendations for date 2026-08-12...
2026-08-12 21:21:02,111 [INFO] medcare: Generated and stored 409 action recommendations in database.
2026-08-12 21:21:02,145 [INFO] medcare: Endpoint /api/recommendations served in 31.1244s
2026-08-12 21:21:03,766 [INFO] medcare: Endpoint /api/dashboard/summary served in 1.6089s
2026-08-12 21:21:16,136 [INFO] medcare: Endpoint /api/inventory/status served in 12.3624s
2026-08-12 21:21:28,659 [INFO] medcare: Generated and stored 409 action recommendations in database.
2026-08-12 21:21:28,690 [ERROR] medcare: Global exception caught on path /api/recommendations: 409 validation errors:
  {'type': 'datetime_type', 'loc': ('response', 0, 'timestamp'), 'msg': 'Input should be a valid datetime', 'input': None}
  {'type': 'datetime_type', 'loc': ('response', 1, 'timestamp'), 'msg': 'Input should be a valid datetime', 'input': None}
  {'type': 'datetime_type', 'loc': ('response', 2, 'timestamp'), 'msg': 'Input should be a valid datetime', 'input': None}
  {'type': 'datetime_type', 'loc': ('response', 3, 'timestamp'), 'msg': 'Input should be a valid datetime', 'input': None}
  {'type': 'datetime_type', 'loc': ('response', 4, 'timestamp'), 'msg': 'Input should be a valid datetime', 'input': None}
  {'type': 'datetime_type', 'loc': ('response', 5, 'timestamp'), 'msg': 'Input should be a valid datetime', 'input': None}
  {'type': 'datetime_type', 'loc': ('response', 6, 'timestamp'), 'msg': 'Input should be a valid datetime', 'input': None}
  {'type': 'datetime_type', 'loc': ('response', 7, 'timestamp'), 'msg': 'Input should be a valid datetime', 'input': None}
  {'type': 'datetime_type', 'loc': ('response', 8, 'timestamp'), 'msg': 'Input should be a valid datetime', 'input': None}
  {'type': 'datetime_type', 'loc': ('response', 9, 'timestamp'), 'msg': 'Input should be a valid datetime', 'input': None}
  {'type': 'datetime_type', 'loc': ('response', 10, 'timestamp'), 'msg': 'Input should be a valid datetime', 'input': None}
  {'type': 'datetime_type', 'loc': ('response', 11, 'timestamp'), 'msg': 'Input should be a valid datetime', 'input': None}
  {'type': 'datetime_type', 'loc': ('response', 12, 'timestamp'), 'msg': 'Input should be a valid datetime', 'input': None}
  {'type': 'datetime_type', 'loc': ('response', 13, 'timestamp'), 'msg': 'Input should be a valid datetime', 'input': None}
  {'type': 'datetime_type', 'loc': ('response', 14, 'timestamp'), 'msg': 'Input should be a valid datetime', 'input': None}
  {'type': 'datetime_type', 'loc': ('response', 15, 'timestamp'), 'msg': 'Input should be a valid datetime', 'input': None}
  {'type': 'datetime_type', 'loc': ('response', 16, 'timestamp'), 'msg': 'Input should be a valid datetime', 'input': None}
  {'type': 'datetime_type', 'loc': ('response', 17, 'timestamp'), 'msg': 'Input should be a valid datetime', 'input': None}
  {'type': 'datetime_type', 'loc': ('response', 18, 'timestamp'), 'msg': 'Input should be a valid datetime', 'input': None}
  {'type': 'datetime_type', 'loc': ('response', 19, 'timestamp'), 'msg': 'Input should be a valid datetime', 'input': None}
  {'type': 'datetime_type', 'loc': ('response', 20, 'timestamp'), 'msg': 'Input should be a valid datetime', 'input': None}
  {'type': 'datetime_type', 'loc': ('response', 21, 'timestamp'), 'msg': 'Input should be a valid datetime', 'input': None}
  {'type': 'datetime_type', 'loc': ('response', 22, 'timestamp'), 'msg': 'Input should be a valid datetime', 'input': None}
  {'type': 'datetime_type', 'loc': ('response', 23, 'timestamp'), 'msg': 'Input should be a valid datetime', 'input': None}
  {'type': 'datetime_type', 'loc': ('response', 24, 'timestamp'), 'msg': 'Input should be a valid datetime', 'input': None}
  {'type': 'datetime_type', 'loc': ('response', 25, 'timestamp'), 'msg': 'Input should be a valid datetime', 'input': None}
  {'type': 'datetime_type', 'loc': ('response', 26, 'timestamp'), 'msg': 'Input should be a valid datetime', 'input': None}
  {'type': 'datetime_type', 'loc': ('response', 27, 'timestamp'), 'msg': 'Input should be a valid datetime', 'input': None}
  {'type': 'datetime_type', 'loc': ('response', 28, 'timestamp'), 'msg': 'Input should be a valid datetime', 'input': None}
  {'type': 'datetime_type', 'loc': ('response', 29, 'timestamp'), 'msg': 'Input should be a valid datetime', 'input': None}
  {'type': 'datetime_type', 'loc': ('response', 30, 'timestamp'), 'msg': 'Input should be a valid datetime', 'input': None}
  {'type': 'datetime_type', 'loc': ('response', 31, 'timestamp'), 'msg': 'Input should be a valid datetime', 'input': None}
  {'type': 'datetime_type', 'loc': ('response', 32, 'timestamp'), 'msg': 'Input should be a valid datetime', 'input': None}
  {'type': 'datetime_type', 'loc': ('response', 33, 'timestamp'), 'msg': 'Input should be a valid datetime', 'input': None}
  {'type': 'datetime_type', 'loc': ('response', 34, 'timestamp'), 'msg': 'Input should be a valid datetime', 'input': None}
  {'type': 'datetime_type', 'loc': ('response', 35, 'timestamp'), 'msg': 'Input should be a valid datetime', 'input': None}
  {'type': 'datetime_type', 'loc': ('response', 36, 'timestamp'), 'msg': 'Input should be a valid datetime', 'input': None}
  {'type': 'datetime_type', 'loc': ('response', 37, 'timestamp'), 'msg': 'Input should be a valid datetime', 'input': None}
  {'type': 'datetime_type', 'loc': ('response', 38, 'timestamp'), 'msg': 'Input should be a valid datetime', 'input': None}
  {'type': 'datetime_type', 'loc': ('response', 39, 'timestamp'), 'msg': 'Input should be a valid datetime', 'input': None}
  {'type': 'datetime_type', 'loc': ('response', 40, 'timestamp'), 'msg': 'Input should be a valid datetime', 'input': None}
  {'type': 'datetime_type', 'loc': ('response', 41, 'timestamp'), 'msg': 'Input should be a valid datetime', 'input': None}
  {'type': 'datetime_type', 'loc': ('response', 42, 'timestamp'), 'msg': 'Input should be a valid datetime', 'input': None}
  {'type': 'datetime_type', 'loc': ('response', 43, 'timestamp'), 'msg': 'Input should be a valid datetime', 'input': None}
  {'type': 'datetime_type', 'loc': ('response', 44, 'timestamp'), 'msg': 'Input should be a valid datetime', 'input': None}
  {'type': 'datetime_type', 'loc': ('response', 45, 'timestamp'), 'msg': 'Input should be a valid datetime', 'input': None}
  {'type': 'datetime_type', 'loc': ('response', 46, 'timestamp'), 'msg': 'Input should be a valid datetime', 'input': None}
  {'type': 'datetime_type', 'loc': ('response', 47, 'timestamp'), 'msg': 'Input should be a valid datetime', 'input': None}
  {'type': 'datetime_type', 'loc': ('response', 48, 'timestamp'), 'msg': 'Input should be a valid datetime', 'input': None}
  {'type': 'datetime_type', 'loc': ('response', 49, 'timestamp'), 'msg': 'Input should be a valid datetime', 'input': None}
  {'type': 'datetime_type', 'loc': ('response', 50, 'timestamp'), 'msg': 'Input should be a valid datetime', 'input': None}
  {'type': 'datetime_type', 'loc': ('response', 51, 'timestamp'), 'msg': 'Input should be a valid datetime', 'input': None}
  {'type': 'datetime_type', 'loc': ('response', 52, 'timestamp'), 'msg': 'Input should be a valid datetime', 'input': None}
  {'type': 'datetime_type', 'loc': ('response', 53, 'timestamp'), 'msg': 'Input should be a valid datetime', 'input': None}
  {'type': 'datetime_type', 'loc': ('response', 54, 'timestamp'), 'msg': 'Input should be a valid datetime', 'input': None}
  {'type': 'datetime_type', 'loc': ('response', 55, 'timestamp'), 'msg': 'Input should be a valid datetime', 'input': None}
  {'type': 'datetime_type', 'loc': ('response', 56, 'timestamp'), 'msg': 'Input should be a valid datetime', 'input': None}
  {'type': 'datetime_type', 'loc': ('response', 57, 'timestamp'), 'msg': 'Input should be a valid datetime', 'input': None}
  {'type': 'datetime_type', 'loc': ('response', 58, 'timestamp'), 'msg': 'Input should be a valid datetime', 'input': None}
  {'type': 'datetime_type', 'loc': ('response', 59, 'timestamp'), 'msg': 'Input should be a valid datetime', 'input': None}
  {'type': 'datetime_type', 'loc': ('response', 60, 'timestamp'), 'msg': 'Input should be a valid datetime', 'input': None}
  {'type': 'datetime_type', 'loc': ('response', 61, 'timestamp'), 'msg': 'Input should be a valid datetime', 'input': None}
  {'type': 'datetime_type', 'loc': ('response', 62, 'timestamp'), 'msg': 'Input should be a valid datetime', 'input': None}
  {'type': 'datetime_type', 'loc': ('response', 63, 'timestamp'), 'msg': 'Input should be a valid datetime', 'input': None}
  {'type': 'datetime_type', 'loc': ('response', 64, 'timestamp'), 'msg': 'Input should be a valid datetime', 'input': None}
  {'type': 'datetime_type', 'loc': ('response', 65, 'timestamp'), 'msg': 'Input should be a valid datetime', 'input': None}
  {'type': 'datetime_type', 'loc': ('response', 66, 'timestamp'), 'msg': 'Input should be a valid datetime', 'input': None}
  {'type': 'datetime_type', 'loc': ('response', 67, 'timestamp'), 'msg': 'Input should be a valid datetime', 'input': None}
  {'type': 'datetime_type', 'loc': ('response', 68, 'timestamp'), 'msg': 'Input should be a valid datetime', 'input': None}
  {'type': 'datetime_type', 'loc': ('response', 69, 'timestamp'), 'msg': 'Input should be a valid datetime', 'input': None}
  {'type': 'datetime_type', 'loc': ('response', 70, 'timestamp'), 'msg': 'Input should be a valid datetime', 'input': None}
  {'type': 'datetime_type', 'loc': ('response', 71, 'timestamp'), 'msg': 'Input should be a valid datetime', 'input': None}
  {'type': 'datetime_type', 'loc': ('response', 72, 'timestamp'), 'msg': 'Input should be a valid datetime', 'input': None}
  {'type': 'datetime_type', 'loc': ('response', 73, 'timestamp'), 'msg': 'Input should be a valid datetime', 'input': None}
  {'type': 'datetime_type', 'loc': ('response', 74, 'timestamp'), 'msg': 'Input should be a valid datetime', 'input': None}
  {'type': 'datetime_type', 'loc': ('response', 75, 'timestamp'), 'msg': 'Input should be a valid datetime', 'input': None}
  {'type': 'datetime_type', 'loc': ('response', 76, 'timestamp'), 'msg': 'Input should be a valid datetime', 'input': None}
  {'type': 'datetime_type', 'loc': ('response', 77, 'timestamp'), 'msg': 'Input should be a valid datetime', 'input': None}
  {'type': 'datetime_type', 'loc': ('response', 78, 'timestamp'), 'msg': 'Input should be a valid datetime', 'input': None}
  {'type': 'datetime_type', 'loc': ('response', 79, 'timestamp'), 'msg': 'Input should be a valid datetime', 'input': None}
  {'type': 'datetime_type', 'loc': ('response', 80, 'timestamp'), 'msg': 'Input should be a valid datetime', 'input': None}
  {'type': 'datetime_type', 'loc': ('response', 81, 'timestamp'), 'msg': 'Input should be a valid datetime', 'input': None}
  {'type': 'datetime_type', 'loc': ('response', 82, 'timestamp'), 'msg': 'Input should be a valid datetime', 'input': None}
  {'type': 'datetime_type', 'loc': ('response', 83, 'timestamp'), 'msg': 'Input should be a valid datetime', 'input': None}
  {'type': 'datetime_type', 'loc': ('response', 84, 'timestamp'), 'msg': 'Input should be a valid datetime', 'input': None}
  {'type': 'datetime_type', 'loc': ('response', 85, 'timestamp'), 'msg': 'Input should be a valid datetime', 'input': None}
  {'type': 'datetime_type', 'loc': ('response', 86, 'timestamp'), 'msg': 'Input should be a valid datetime', 'input': None}
  {'type': 'datetime_type', 'loc': ('response', 87, 'timestamp'), 'msg': 'Input should be a valid datetime', 'input': None}
  {'type': 'datetime_type', 'loc': ('response', 88, 'timestamp'), 'msg': 'Input should be a valid datetime', 'input': None}
  {'type': 'datetime_type', 'loc': ('response', 89, 'timestamp'), 'msg': 'Input should be a valid datetime', 'input': None}
  {'type': 'datetime_type', 'loc': ('response', 90, 'timestamp'), 'msg': 'Input should be a valid datetime', 'input': None}
  {'type': 'datetime_type', 'loc': ('response', 91, 'timestamp'), 'msg': 'Input should be a valid datetime', 'input': None}
  {'type': 'datetime_type', 'loc': ('response', 92, 'timestamp'), 'msg': 'Input should be a valid datetime', 'input': None}
  {'type': 'datetime_type', 'loc': ('response', 93, 'timestamp'), 'msg': 'Input should be a valid datetime', 'input': None}
  {'type': 'datetime_type', 'loc': ('response', 94, 'timestamp'), 'msg': 'Input should be a valid datetime', 'input': None}
  {'type': 'datetime_type', 'loc': ('response', 95, 'timestamp'), 'msg': 'Input should be a valid datetime', 'input': None}
  {'type': 'datetime_type', 'loc': ('response', 96, 'timestamp'), 'msg': 'Input should be a valid datetime', 'input': None}
  {'type': 'datetime_type', 'loc': ('response', 97, 'timestamp'), 'msg': 'Input should be a valid datetime', 'input': None}
  {'type': 'datetime_type', 'loc': ('response', 98, 'timestamp'), 'msg': 'Input should be a valid datetime', 'input': None}
  {'type': 'datetime_type', 'loc': ('response', 99, 'timestamp'), 'msg': 'Input should be a valid datetime', 'input': None}
  {'type': 'datetime_type', 'loc': ('response', 100, 'timestamp'), 'msg': 'Input should be a valid datetime', 'input': None}
  {'type': 'datetime_type', 'loc': ('response', 101, 'timestamp'), 'msg': 'Input should be a valid datetime', 'input': None}
  {'type': 'datetime_type', 'loc': ('response', 102, 'timestamp'), 'msg': 'Input should be a valid datetime', 'input': None}
  {'type': 'datetime_type', 'loc': ('response', 103, 'timestamp'), 'msg': 'Input should be a valid datetime', 'input': None}
  {'type': 'datetime_type', 'loc': ('response', 104, 'timestamp'), 'msg': 'Input should be a valid datetime', 'input': None}
  {'type': 'datetime_type', 'loc': ('response', 105, 'timestamp'), 'msg': 'Input should be a valid datetime', 'input': None}
  {'type': 'datetime_type', 'loc': ('response', 106, 'timestamp'), 'msg': 'Input should be a valid datetime', 'input': None}
  {'type': 'datetime_type', 'loc': ('response', 107, 'timestamp'), 'msg': 'Input should be a valid datetime', 'input': None}
  {'type': 'datetime_type', 'loc': ('response', 108, 'timestamp'), 'msg': 'Input should be a valid datetime', 'input': None}
  {'type': 'datetime_type', 'loc': ('response', 109, 'timestamp'), 'msg': 'Input should be a valid datetime', 'input': None}
  {'type': 'datetime_type', 'loc': ('response', 110, 'timestamp'), 'msg': 'Input should be a valid datetime', 'input': None}
  {'type': 'datetime_type', 'loc': ('response', 111, 'timestamp'), 'msg': 'Input should be a valid datetime', 'input': None}
  {'type': 'datetime_type', 'loc': ('response', 112, 'timestamp'), 'msg': 'Input should be a valid datetime', 'input': None}
  {'type': 'datetime_type', 'loc': ('response', 113, 'timestamp'), 'msg': 'Input should be a valid datetime', 'input': None}
  {'type': 'datetime_type', 'loc': ('response', 114, 'timestamp'), 'msg': 'Input should be a valid datetime', 'input': None}
  {'type': 'datetime_type', 'loc': ('response', 115, 'timestamp'), 'msg': 'Input should be a valid datetime', 'input': None}
  {'type': 'datetime_type', 'loc': ('response', 116, 'timestamp'), 'msg': 'Input should be a valid datetime', 'input': None}
  {'type': 'datetime_type', 'loc': ('response', 117, 'timestamp'), 'msg': 'Input should be a valid datetime', 'input': None}
  {'type': 'datetime_type', 'loc': ('response', 118, 'timestamp'), 'msg': 'Input should be a valid datetime', 'input': None}
  {'type': 'datetime_type', 'loc': ('response', 119, 'timestamp'), 'msg': 'Input should be a valid datetime', 'input': None}
  {'type': 'datetime_type', 'loc': ('response', 120, 'timestamp'), 'msg': 'Input should be a valid datetime', 'input': None}
  {'type': 'datetime_type', 'loc': ('response', 121, 'timestamp'), 'msg': 'Input should be a valid datetime', 'input': None}
  {'type': 'datetime_type', 'loc': ('response', 122, 'timestamp'), 'msg': 'Input should be a valid datetime', 'input': None}
  {'type': 'datetime_type', 'loc': ('response', 123, 'timestamp'), 'msg': 'Input should be a valid datetime', 'input': None}
  {'type': 'datetime_type', 'loc': ('response', 124, 'timestamp'), 'msg': 'Input should be a valid datetime', 'input': None}
  {'type': 'datetime_type', 'loc': ('response', 125, 'timestamp'), 'msg': 'Input should be a valid datetime', 'input': None}
  {'type': 'datetime_type', 'loc': ('response', 126, 'timestamp'), 'msg': 'Input should be a valid datetime', 'input': None}
  {'type': 'datetime_type', 'loc': ('response', 127, 'timestamp'), 'msg': 'Input should be a valid datetime', 'input': None}
  {'type': 'datetime_type', 'loc': ('response', 128, 'timestamp'), 'msg': 'Input should be a valid datetime', 'input': None}
  {'type': 'datetime_type', 'loc': ('response', 129, 'timestamp'), 'msg': 'Input should be a valid datetime', 'input': None}
  {'type': 'datetime_type', 'loc': ('response', 130, 'timestamp'), 'msg': 'Input should be a valid datetime', 'input': None}
  {'type': 'datetime_type', 'loc': ('response', 131, 'timestamp'), 'msg': 'Input should be a valid datetime', 'input': None}
  {'type': 'datetime_type', 'loc': ('response', 132, 'timestamp'), 'msg': 'Input should be a valid datetime', 'input': None}
  {'type': 'datetime_type', 'loc': ('response', 133, 'timestamp'), 'msg': 'Input should be a valid datetime', 'input': None}
  {'type': 'datetime_type', 'loc': ('response', 134, 'timestamp'), 'msg': 'Input should be a valid datetime', 'input': None}
  {'type': 'datetime_type', 'loc': ('response', 135, 'timestamp'), 'msg': 'Input should be a valid datetime', 'input': None}
  {'type': 'datetime_type', 'loc': ('response', 136, 'timestamp'), 'msg': 'Input should be a valid datetime', 'input': None}
  {'type': 'datetime_type', 'loc': ('response', 137, 'timestamp'), 'msg': 'Input should be a valid datetime', 'input': None}
  {'type': 'datetime_type', 'loc': ('response', 138, 'timestamp'), 'msg': 'Input should be a valid datetime', 'input': None}
  {'type': 'datetime_type', 'loc': ('response', 139, 'timestamp'), 'msg': 'Input should be a valid datetime', 'input': None}
  {'type': 'datetime_type', 'loc': ('response', 140, 'timestamp'), 'msg': 'Input should be a valid datetime', 'input': None}
  {'type': 'datetime_type', 'loc': ('response', 141, 'timestamp'), 'msg': 'Input should be a valid datetime', 'input': None}
  {'type': 'datetime_type', 'loc': ('response', 142, 'timestamp'), 'msg': 'Input should be a valid datetime', 'input': None}
  {'type': 'datetime_type', 'loc': ('response', 143, 'timestamp'), 'msg': 'Input should be a valid datetime', 'input': None}
  {'type': 'datetime_type', 'loc': ('response', 144, 'timestamp'), 'msg': 'Input should be a valid datetime', 'input': None}
  {'type': 'datetime_type', 'loc': ('response', 145, 'timestamp'), 'msg': 'Input should be a valid datetime', 'input': None}
  {'type': 'datetime_type', 'loc': ('response', 146, 'timestamp'), 'msg': 'Input should be a valid datetime', 'input': None}
  {'type': 'datetime_type', 'loc': ('response', 147, 'timestamp'), 'msg': 'Input should be a valid datetime', 'input': None}
  {'type': 'datetime_type', 'loc': ('response', 148, 'timestamp'), 'msg': 'Input should be a valid datetime', 'input': None}
  {'type': 'datetime_type', 'loc': ('response', 149, 'timestamp'), 'msg': 'Input should be a valid datetime', 'input': None}
  {'type': 'datetime_type', 'loc': ('response', 150, 'timestamp'), 'msg': 'Input should be a valid datetime', 'input': None}
  {'type': 'datetime_type', 'loc': ('response', 151, 'timestamp'), 'msg': 'Input should be a valid datetime', 'input': None}
  {'type': 'datetime_type', 'loc': ('response', 152, 'timestamp'), 'msg': 'Input should be a valid datetime', 'input': None}
  {'type': 'datetime_type', 'loc': ('response', 153, 'timestamp'), 'msg': 'Input should be a valid datetime', 'input': None}
  {'type': 'datetime_type', 'loc': ('response', 154, 'timestamp'), 'msg': 'Input should be a valid datetime', 'input': None}
  {'type': 'datetime_type', 'loc': ('response', 155, 'timestamp'), 'msg': 'Input should be a valid datetime', 'input': None}
  {'type': 'datetime_type', 'loc': ('response', 156, 'timestamp'), 'msg': 'Input should be a valid datetime', 'input': None}
  {'type': 'datetime_type', 'loc': ('response', 157, 'timestamp'), 'msg': 'Input should be a valid datetime', 'input': None}
  {'type': 'datetime_type', 'loc': ('response', 158, 'timestamp'), 'msg': 'Input should be a valid datetime', 'input': None}
  {'type': 'datetime_type', 'loc': ('response', 159, 'timestamp'), 'msg': 'Input should be a valid datetime', 'input': None}
  {'type': 'datetime_type', 'loc': ('response', 160, 'timestamp'), 'msg': 'Input should be a valid datetime', 'input': None}
  {'type': 'datetime_type', 'loc': ('response', 161, 'timestamp'), 'msg': 'Input should be a valid datetime', 'input': None}
  {'type': 'datetime_type', 'loc': ('response', 162, 'timestamp'), 'msg': 'Input should be a valid datetime', 'input': None}
  {'type': 'datetime_type', 'loc': ('response', 163, 'timestamp'), 'msg': 'Input should be a valid datetime', 'input': None}
  {'type': 'datetime_type', 'loc': ('response', 164, 'timestamp'), 'msg': 'Input should be a valid datetime', 'input': None}
  {'type': 'datetime_type', 'loc': ('response', 165, 'timestamp'), 'msg': 'Input should be a valid datetime', 'input': None}
  {'type': 'datetime_type', 'loc': ('response', 166, 'timestamp'), 'msg': 'Input should be a valid datetime', 'input': None}
  {'type': 'datetime_type', 'loc': ('response', 167, 'timestamp'), 'msg': 'Input should be a valid datetime', 'input': None}
  {'type': 'datetime_type', 'loc': ('response', 168, 'timestamp'), 'msg': 'Input should be a valid datetime', 'input': None}
  {'type': 'datetime_type', 'loc': ('response', 169, 'timestamp'), 'msg': 'Input should be a valid datetime', 'input': None}
  {'type': 'datetime_type', 'loc': ('response', 170, 'timestamp'), 'msg': 'Input should be a valid datetime', 'input': None}
  {'type': 'datetime_type', 'loc': ('response', 171, 'timestamp'), 'msg': 'Input should be a valid datetime', 'input': None}
  {'type': 'datetime_type', 'loc': ('response', 172, 'timestamp'), 'msg': 'Input should be a valid datetime', 'input': None}
  {'type': 'datetime_type', 'loc': ('response', 173, 'timestamp'), 'msg': 'Input should be a valid datetime', 'input': None}
  {'type': 'datetime_type', 'loc': ('response', 174, 'timestamp'), 'msg': 'Input should be a valid datetime', 'input': None}
  {'type': 'datetime_type', 'loc': ('response', 175, 'timestamp'), 'msg': 'Input should be a valid datetime', 'input': None}
  {'type': 'datetime_type', 'loc': ('response', 176, 'timestamp'), 'msg': 'Input should be a valid datetime', 'input': None}
  {'type': 'datetime_type', 'loc': ('response', 177, 'timestamp'), 'msg': 'Input should be a valid datetime', 'input': None}
  {'type': 'datetime_type', 'loc': ('response', 178, 'timestamp'), 'msg': 'Input should be a valid datetime', 'input': None}
  {'type': 'datetime_type', 'loc': ('response', 179, 'timestamp'), 'msg': 'Input should be a valid datetime', 'input': None}
  {'type': 'datetime_type', 'loc': ('response', 180, 'timestamp'), 'msg': 'Input should be a valid datetime', 'input': None}
  {'type': 'datetime_type', 'loc': ('response', 181, 'timestamp'), 'msg': 'Input should be a valid datetime', 'input': None}
  {'type': 'datetime_type', 'loc': ('response', 182, 'timestamp'), 'msg': 'Input should be a valid datetime', 'input': None}
  {'type': 'datetime_type', 'loc': ('response', 183, 'timestamp'), 'msg': 'Input should be a valid datetime', 'input': None}
  {'type': 'datetime_type', 'loc': ('response', 184, 'timestamp'), 'msg': 'Input should be a valid datetime', 'input': None}
  {'type': 'datetime_type', 'loc': ('response', 185, 'timestamp'), 'msg': 'Input should be a valid datetime', 'input': None}
  {'type': 'datetime_type', 'loc': ('response', 186, 'timestamp'), 'msg': 'Input should be a valid datetime', 'input': None}
  {'type': 'datetime_type', 'loc': ('response', 187, 'timestamp'), 'msg': 'Input should be a valid datetime', 'input': None}
  {'type': 'datetime_type', 'loc': ('response', 188, 'timestamp'), 'msg': 'Input should be a valid datetime', 'input': None}
  {'type': 'datetime_type', 'loc': ('response', 189, 'timestamp'), 'msg': 'Input should be a valid datetime', 'input': None}
  {'type': 'datetime_type', 'loc': ('response', 190, 'timestamp'), 'msg': 'Input should be a valid datetime', 'input': None}
  {'type': 'datetime_type', 'loc': ('response', 191, 'timestamp'), 'msg': 'Input should be a valid datetime', 'input': None}
  {'type': 'datetime_type', 'loc': ('response', 192, 'timestamp'), 'msg': 'Input should be a valid datetime', 'input': None}
  {'type': 'datetime_type', 'loc': ('response', 193, 'timestamp'), 'msg': 'Input should be a valid datetime', 'input': None}
  {'type': 'datetime_type', 'loc': ('response', 194, 'timestamp'), 'msg': 'Input should be a valid datetime', 'input': None}
  {'type': 'datetime_type', 'loc': ('response', 195, 'timestamp'), 'msg': 'Input should be a valid datetime', 'input': None}
  {'type': 'datetime_type', 'loc': ('response', 196, 'timestamp'), 'msg': 'Input should be a valid datetime', 'input': None}
  {'type': 'datetime_type', 'loc': ('response', 197, 'timestamp'), 'msg': 'Input should be a valid datetime', 'input': None}
  {'type': 'datetime_type', 'loc': ('response', 198, 'timestamp'), 'msg': 'Input should be a valid datetime', 'input': None}
  {'type': 'datetime_type', 'loc': ('response', 199, 'timestamp'), 'msg': 'Input should be a valid datetime', 'input': None}
  {'type': 'datetime_type', 'loc': ('response', 200, 'timestamp'), 'msg': 'Input should be a valid datetime', 'input': None}
  {'type': 'datetime_type', 'loc': ('response', 201, 'timestamp'), 'msg': 'Input should be a valid datetime', 'input': None}
  {'type': 'datetime_type', 'loc': ('response', 202, 'timestamp'), 'msg': 'Input should be a valid datetime', 'input': None}
  {'type': 'datetime_type', 'loc': ('response', 203, 'timestamp'), 'msg': 'Input should be a valid datetime', 'input': None}
  {'type': 'datetime_type', 'loc': ('response', 204, 'timestamp'), 'msg': 'Input should be a valid datetime', 'input': None}
  {'type': 'datetime_type', 'loc': ('response', 205, 'timestamp'), 'msg': 'Input should be a valid datetime', 'input': None}
  {'type': 'datetime_type', 'loc': ('response', 206, 'timestamp'), 'msg': 'Input should be a valid datetime', 'input': None}
  {'type': 'datetime_type', 'loc': ('response', 207, 'timestamp'), 'msg': 'Input should be a valid datetime', 'input': None}
  {'type': 'datetime_type', 'loc': ('response', 208, 'timestamp'), 'msg': 'Input should be a valid datetime', 'input': None}
  {'type': 'datetime_type', 'loc': ('response', 209, 'timestamp'), 'msg': 'Input should be a valid datetime', 'input': None}
  {'type': 'datetime_type', 'loc': ('response', 210, 'timestamp'), 'msg': 'Input should be a valid datetime', 'input': None}
  {'type': 'datetime_type', 'loc': ('response', 211, 'timestamp'), 'msg': 'Input should be a valid datetime', 'input': None}
  {'type': 'datetime_type', 'loc': ('response', 212, 'timestamp'), 'msg': 'Input should be a valid datetime', 'input': None}
  {'type': 'datetime_type', 'loc': ('response', 213, 'timestamp'), 'msg': 'Input should be a valid datetime', 'input': None}
  {'type': 'datetime_type', 'loc': ('response', 214, 'timestamp'), 'msg': 'Input should be a valid datetime', 'input': None}
  {'type': 'datetime_type', 'loc': ('response', 215, 'timestamp'), 'msg': 'Input should be a valid datetime', 'input': None}
  {'type': 'datetime_type', 'loc': ('response', 216, 'timestamp'), 'msg': 'Input should be a valid datetime', 'input': None}
  {'type': 'datetime_type', 'loc': ('response', 217, 'timestamp'), 'msg': 'Input should be a valid datetime', 'input': None}
  {'type': 'datetime_type', 'loc': ('response', 218, 'timestamp'), 'msg': 'Input should be a valid datetime', 'input': None}
  {'type': 'datetime_type', 'loc': ('response', 219, 'timestamp'), 'msg': 'Input should be a valid datetime', 'input': None}
  {'type': 'datetime_type', 'loc': ('response', 220, 'timestamp'), 'msg': 'Input should be a valid datetime', 'input': None}
  {'type': 'datetime_type', 'loc': ('response', 221, 'timestamp'), 'msg': 'Input should be a valid datetime', 'input': None}
  {'type': 'datetime_type', 'loc': ('response', 222, 'timestamp'), 'msg': 'Input should be a valid datetime', 'input': None}
  {'type': 'datetime_type', 'loc': ('response', 223, 'timestamp'), 'msg': 'Input should be a valid datetime', 'input': None}
  {'type': 'datetime_type', 'loc': ('response', 224, 'timestamp'), 'msg': 'Input should be a valid datetime', 'input': None}
  {'type': 'datetime_type', 'loc': ('response', 225, 'timestamp'), 'msg': 'Input should be a valid datetime', 'input': None}
  {'type': 'datetime_type', 'loc': ('response', 226, 'timestamp'), 'msg': 'Input should be a valid datetime', 'input': None}
  {'type': 'datetime_type', 'loc': ('response', 227, 'timestamp'), 'msg': 'Input should be a valid datetime', 'input': None}
  {'type': 'datetime_type', 'loc': ('response', 228, 'timestamp'), 'msg': 'Input should be a valid datetime', 'input': None}
  {'type': 'datetime_type', 'loc': ('response', 229, 'timestamp'), 'msg': 'Input should be a valid datetime', 'input': None}
  {'type': 'datetime_type', 'loc': ('response', 230, 'timestamp'), 'msg': 'Input should be a valid datetime', 'input': None}
  {'type': 'datetime_type', 'loc': ('response', 231, 'timestamp'), 'msg': 'Input should be a valid datetime', 'input': None}
  {'type': 'datetime_type', 'loc': ('response', 232, 'timestamp'), 'msg': 'Input should be a valid datetime', 'input': None}
  {'type': 'datetime_type', 'loc': ('response', 233, 'timestamp'), 'msg': 'Input should be a valid datetime', 'input': None}
  {'type': 'datetime_type', 'loc': ('response', 234, 'timestamp'), 'msg': 'Input should be a valid datetime', 'input': None}
  {'type': 'datetime_type', 'loc': ('response', 235, 'timestamp'), 'msg': 'Input should be a valid datetime', 'input': None}
  {'type': 'datetime_type', 'loc': ('response', 236, 'timestamp'), 'msg': 'Input should be a valid datetime', 'input': None}
  {'type': 'datetime_type', 'loc': ('response', 237, 'timestamp'), 'msg': 'Input should be a valid datetime', 'input': None}
  {'type': 'datetime_type', 'loc': ('response', 238, 'timestamp'), 'msg': 'Input should be a valid datetime', 'input': None}
  {'type': 'datetime_type', 'loc': ('response', 239, 'timestamp'), 'msg': 'Input should be a valid datetime', 'input': None}
  {'type': 'datetime_type', 'loc': ('response', 240, 'timestamp'), 'msg': 'Input should be a valid datetime', 'input': None}
  {'type': 'datetime_type', 'loc': ('response', 241, 'timestamp'), 'msg': 'Input should be a valid datetime', 'input': None}
  {'type': 'datetime_type', 'loc': ('response', 242, 'timestamp'), 'msg': 'Input should be a valid datetime', 'input': None}
  {'type': 'datetime_type', 'loc': ('response', 243, 'timestamp'), 'msg': 'Input should be a valid datetime', 'input': None}
  {'type': 'datetime_type', 'loc': ('response', 244, 'timestamp'), 'msg': 'Input should be a valid datetime', 'input': None}
  {'type': 'datetime_type', 'loc': ('response', 245, 'timestamp'), 'msg': 'Input should be a valid datetime', 'input': None}
  {'type': 'datetime_type', 'loc': ('response', 246, 'timestamp'), 'msg': 'Input should be a valid datetime', 'input': None}
  {'type': 'datetime_type', 'loc': ('response', 247, 'timestamp'), 'msg': 'Input should be a valid datetime', 'input': None}
  {'type': 'datetime_type', 'loc': ('response', 248, 'timestamp'), 'msg': 'Input should be a valid datetime', 'input': None}
  {'type': 'datetime_type', 'loc': ('response', 249, 'timestamp'), 'msg': 'Input should be a valid datetime', 'input': None}
  {'type': 'datetime_type', 'loc': ('response', 250, 'timestamp'), 'msg': 'Input should be a valid datetime', 'input': None}
  {'type': 'datetime_type', 'loc': ('response', 251, 'timestamp'), 'msg': 'Input should be a valid datetime', 'input': None}
  {'type': 'datetime_type', 'loc': ('response', 252, 'timestamp'), 'msg': 'Input should be a valid datetime', 'input': None}
  {'type': 'datetime_type', 'loc': ('response', 253, 'timestamp'), 'msg': 'Input should be a valid datetime', 'input': None}
  {'type': 'datetime_type', 'loc': ('response', 254, 'timestamp'), 'msg': 'Input should be a valid datetime', 'input': None}
  {'type': 'datetime_type', 'loc': ('response', 255, 'timestamp'), 'msg': 'Input should be a valid datetime', 'input': None}
  {'type': 'datetime_type', 'loc': ('response', 256, 'timestamp'), 'msg': 'Input should be a valid datetime', 'input': None}
  {'type': 'datetime_type', 'loc': ('response', 257, 'timestamp'), 'msg': 'Input should be a valid datetime', 'input': None}
  {'type': 'datetime_type', 'loc': ('response', 258, 'timestamp'), 'msg': 'Input should be a valid datetime', 'input': None}
  {'type': 'datetime_type', 'loc': ('response', 259, 'timestamp'), 'msg': 'Input should be a valid datetime', 'input': None}
  {'type': 'datetime_type', 'loc': ('response', 260, 'timestamp'), 'msg': 'Input should be a valid datetime', 'input': None}
  {'type': 'datetime_type', 'loc': ('response', 261, 'timestamp'), 'msg': 'Input should be a valid datetime', 'input': None}
  {'type': 'datetime_type', 'loc': ('response', 262, 'timestamp'), 'msg': 'Input should be a valid datetime', 'input': None}
  {'type': 'datetime_type', 'loc': ('response', 263, 'timestamp'), 'msg': 'Input should be a valid datetime', 'input': None}
  {'type': 'datetime_type', 'loc': ('response', 264, 'timestamp'), 'msg': 'Input should be a valid datetime', 'input': None}
  {'type': 'datetime_type', 'loc': ('response', 265, 'timestamp'), 'msg': 'Input should be a valid datetime', 'input': None}
  {'type': 'datetime_type', 'loc': ('response', 266, 'timestamp'), 'msg': 'Input should be a valid datetime', 'input': None}
  {'type': 'datetime_type', 'loc': ('response', 267, 'timestamp'), 'msg': 'Input should be a valid datetime', 'input': None}
  {'type': 'datetime_type', 'loc': ('response', 268, 'timestamp'), 'msg': 'Input should be a valid datetime', 'input': None}
  {'type': 'datetime_type', 'loc': ('response', 269, 'timestamp'), 'msg': 'Input should be a valid datetime', 'input': None}
  {'type': 'datetime_type', 'loc': ('response', 270, 'timestamp'), 'msg': 'Input should be a valid datetime', 'input': None}
  {'type': 'datetime_type', 'loc': ('response', 271, 'timestamp'), 'msg': 'Input should be a valid datetime', 'input': None}
  {'type': 'datetime_type', 'loc': ('response', 272, 'timestamp'), 'msg': 'Input should be a valid datetime', 'input': None}
  {'type': 'datetime_type', 'loc': ('response', 273, 'timestamp'), 'msg': 'Input should be a valid datetime', 'input': None}
  {'type': 'datetime_type', 'loc': ('response', 274, 'timestamp'), 'msg': 'Input should be a valid datetime', 'input': None}
  {'type': 'datetime_type', 'loc': ('response', 275, 'timestamp'), 'msg': 'Input should be a valid datetime', 'input': None}
  {'type': 'datetime_type', 'loc': ('response', 276, 'timestamp'), 'msg': 'Input should be a valid datetime', 'input': None}
  {'type': 'datetime_type', 'loc': ('response', 277, 'timestamp'), 'msg': 'Input should be a valid datetime', 'input': None}
  {'type': 'datetime_type', 'loc': ('response', 278, 'timestamp'), 'msg': 'Input should be a valid datetime', 'input': None}
  {'type': 'datetime_type', 'loc': ('response', 279, 'timestamp'), 'msg': 'Input should be a valid datetime', 'input': None}
  {'type': 'datetime_type', 'loc': ('response', 280, 'timestamp'), 'msg': 'Input should be a valid datetime', 'input': None}
  {'type': 'datetime_type', 'loc': ('response', 281, 'timestamp'), 'msg': 'Input should be a valid datetime', 'input': None}
  {'type': 'datetime_type', 'loc': ('response', 282, 'timestamp'), 'msg': 'Input should be a valid datetime', 'input': None}
  {'type': 'datetime_type', 'loc': ('response', 283, 'timestamp'), 'msg': 'Input should be a valid datetime', 'input': None}
  {'type': 'datetime_type', 'loc': ('response', 284, 'timestamp'), 'msg': 'Input should be a valid datetime', 'input': None}
  {'type': 'datetime_type', 'loc': ('response', 285, 'timestamp'), 'msg': 'Input should be a valid datetime', 'input': None}
  {'type': 'datetime_type', 'loc': ('response', 286, 'timestamp'), 'msg': 'Input should be a valid datetime', 'input': None}
  {'type': 'datetime_type', 'loc': ('response', 287, 'timestamp'), 'msg': 'Input should be a valid datetime', 'input': None}
  {'type': 'datetime_type', 'loc': ('response', 288, 'timestamp'), 'msg': 'Input should be a valid datetime', 'input': None}
  {'type': 'datetime_type', 'loc': ('response', 289, 'timestamp'), 'msg': 'Input should be a valid datetime', 'input': None}
  {'type': 'datetime_type', 'loc': ('response', 290, 'timestamp'), 'msg': 'Input should be a valid datetime', 'input': None}
  {'type': 'datetime_type', 'loc': ('response', 291, 'timestamp'), 'msg': 'Input should be a valid datetime', 'input': None}
  {'type': 'datetime_type', 'loc': ('response', 292, 'timestamp'), 'msg': 'Input should be a valid datetime', 'input': None}
  {'type': 'datetime_type', 'loc': ('response', 293, 'timestamp'), 'msg': 'Input should be a valid datetime', 'input': None}
  {'type': 'datetime_type', 'loc': ('response', 294, 'timestamp'), 'msg': 'Input should be a valid datetime', 'input': None}
  {'type': 'datetime_type', 'loc': ('response', 295, 'timestamp'), 'msg': 'Input should be a valid datetime', 'input': None}
  {'type': 'datetime_type', 'loc': ('response', 296, 'timestamp'), 'msg': 'Input should be a valid datetime', 'input': None}
  {'type': 'datetime_type', 'loc': ('response', 297, 'timestamp'), 'msg': 'Input should be a valid datetime', 'input': None}
  {'type': 'datetime_type', 'loc': ('response', 298, 'timestamp'), 'msg': 'Input should be a valid datetime', 'input': None}
  {'type': 'datetime_type', 'loc': ('response', 299, 'timestamp'), 'msg': 'Input should be a valid datetime', 'input': None}
  {'type': 'datetime_type', 'loc': ('response', 300, 'timestamp'), 'msg': 'Input should be a valid datetime', 'input': None}
  {'type': 'datetime_type', 'loc': ('response', 301, 'timestamp'), 'msg': 'Input should be a valid datetime', 'input': None}
  {'type': 'datetime_type', 'loc': ('response', 302, 'timestamp'), 'msg': 'Input should be a valid datetime', 'input': None}
  {'type': 'datetime_type', 'loc': ('response', 303, 'timestamp'), 'msg': 'Input should be a valid datetime', 'input': None}
  {'type': 'datetime_type', 'loc': ('response', 304, 'timestamp'), 'msg': 'Input should be a valid datetime', 'input': None}
  {'type': 'datetime_type', 'loc': ('response', 305, 'timestamp'), 'msg': 'Input should be a valid datetime', 'input': None}
  {'type': 'datetime_type', 'loc': ('response', 306, 'timestamp'), 'msg': 'Input should be a valid datetime', 'input': None}
  {'type': 'datetime_type', 'loc': ('response', 307, 'timestamp'), 'msg': 'Input should be a valid datetime', 'input': None}
  {'type': 'datetime_type', 'loc': ('response', 308, 'timestamp'), 'msg': 'Input should be a valid datetime', 'input': None}
  {'type': 'datetime_type', 'loc': ('response', 309, 'timestamp'), 'msg': 'Input should be a valid datetime', 'input': None}
  {'type': 'datetime_type', 'loc': ('response', 310, 'timestamp'), 'msg': 'Input should be a valid datetime', 'input': None}
  {'type': 'datetime_type', 'loc': ('response', 311, 'timestamp'), 'msg': 'Input should be a valid datetime', 'input': None}
  {'type': 'datetime_type', 'loc': ('response', 312, 'timestamp'), 'msg': 'Input should be a valid datetime', 'input': None}
  {'type': 'datetime_type', 'loc': ('response', 313, 'timestamp'), 'msg': 'Input should be a valid datetime', 'input': None}
  {'type': 'datetime_type', 'loc': ('response', 314, 'timestamp'), 'msg': 'Input should be a valid datetime', 'input': None}
  {'type': 'datetime_type', 'loc': ('response', 315, 'timestamp'), 'msg': 'Input should be a valid datetime', 'input': None}
  {'type': 'datetime_type', 'loc': ('response', 316, 'timestamp'), 'msg': 'Input should be a valid datetime', 'input': None}
  {'type': 'datetime_type', 'loc': ('response', 317, 'timestamp'), 'msg': 'Input should be a valid datetime', 'input': None}
  {'type': 'datetime_type', 'loc': ('response', 318, 'timestamp'), 'msg': 'Input should be a valid datetime', 'input': None}
  {'type': 'datetime_type', 'loc': ('response', 319, 'timestamp'), 'msg': 'Input should be a valid datetime', 'input': None}
  {'type': 'datetime_type', 'loc': ('response', 320, 'timestamp'), 'msg': 'Input should be a valid datetime', 'input': None}
  {'type': 'datetime_type', 'loc': ('response', 321, 'timestamp'), 'msg': 'Input should be a valid datetime', 'input': None}
  {'type': 'datetime_type', 'loc': ('response', 322, 'timestamp'), 'msg': 'Input should be a valid datetime', 'input': None}
  {'type': 'datetime_type', 'loc': ('response', 323, 'timestamp'), 'msg': 'Input should be a valid datetime', 'input': None}
  {'type': 'datetime_type', 'loc': ('response', 324, 'timestamp'), 'msg': 'Input should be a valid datetime', 'input': None}
  {'type': 'datetime_type', 'loc': ('response', 325, 'timestamp'), 'msg': 'Input should be a valid datetime', 'input': None}
  {'type': 'datetime_type', 'loc': ('response', 326, 'timestamp'), 'msg': 'Input should be a valid datetime', 'input': None}
  {'type': 'datetime_type', 'loc': ('response', 327, 'timestamp'), 'msg': 'Input should be a valid datetime', 'input': None}
  {'type': 'datetime_type', 'loc': ('response', 328, 'timestamp'), 'msg': 'Input should be a valid datetime', 'input': None}
  {'type': 'datetime_type', 'loc': ('response', 329, 'timestamp'), 'msg': 'Input should be a valid datetime', 'input': None}
  {'type': 'datetime_type', 'loc': ('response', 330, 'timestamp'), 'msg': 'Input should be a valid datetime', 'input': None}
  {'type': 'datetime_type', 'loc': ('response', 331, 'timestamp'), 'msg': 'Input should be a valid datetime', 'input': None}
  {'type': 'datetime_type', 'loc': ('response', 332, 'timestamp'), 'msg': 'Input should be a valid datetime', 'input': None}
  {'type': 'datetime_type', 'loc': ('response', 333, 'timestamp'), 'msg': 'Input should be a valid datetime', 'input': None}
  {'type': 'datetime_type', 'loc': ('response', 334, 'timestamp'), 'msg': 'Input should be a valid datetime', 'input': None}
  {'type': 'datetime_type', 'loc': ('response', 335, 'timestamp'), 'msg': 'Input should be a valid datetime', 'input': None}
  {'type': 'datetime_type', 'loc': ('response', 336, 'timestamp'), 'msg': 'Input should be a valid datetime', 'input': None}
  {'type': 'datetime_type', 'loc': ('response', 337, 'timestamp'), 'msg': 'Input should be a valid datetime', 'input': None}
  {'type': 'datetime_type', 'loc': ('response', 338, 'timestamp'), 'msg': 'Input should be a valid datetime', 'input': None}
  {'type': 'datetime_type', 'loc': ('response', 339, 'timestamp'), 'msg': 'Input should be a valid datetime', 'input': None}
  {'type': 'datetime_type', 'loc': ('response', 340, 'timestamp'), 'msg': 'Input should be a valid datetime', 'input': None}
  {'type': 'datetime_type', 'loc': ('response', 341, 'timestamp'), 'msg': 'Input should be a valid datetime', 'input': None}
  {'type': 'datetime_type', 'loc': ('response', 342, 'timestamp'), 'msg': 'Input should be a valid datetime', 'input': None}
  {'type': 'datetime_type', 'loc': ('response', 343, 'timestamp'), 'msg': 'Input should be a valid datetime', 'input': None}
  {'type': 'datetime_type', 'loc': ('response', 344, 'timestamp'), 'msg': 'Input should be a valid datetime', 'input': None}
  {'type': 'datetime_type', 'loc': ('response', 345, 'timestamp'), 'msg': 'Input should be a valid datetime', 'input': None}
  {'type': 'datetime_type', 'loc': ('response', 346, 'timestamp'), 'msg': 'Input should be a valid datetime', 'input': None}
  {'type': 'datetime_type', 'loc': ('response', 347, 'timestamp'), 'msg': 'Input should be a valid datetime', 'input': None}
  {'type': 'datetime_type', 'loc': ('response', 348, 'timestamp'), 'msg': 'Input should be a valid datetime', 'input': None}
  {'type': 'datetime_type', 'loc': ('response', 349, 'timestamp'), 'msg': 'Input should be a valid datetime', 'input': None}
  {'type': 'datetime_type', 'loc': ('response', 350, 'timestamp'), 'msg': 'Input should be a valid datetime', 'input': None}
  {'type': 'datetime_type', 'loc': ('response', 351, 'timestamp'), 'msg': 'Input should be a valid datetime', 'input': None}
  {'type': 'datetime_type', 'loc': ('response', 352, 'timestamp'), 'msg': 'Input should be a valid datetime', 'input': None}
  {'type': 'datetime_type', 'loc': ('response', 353, 'timestamp'), 'msg': 'Input should be a valid datetime', 'input': None}
  {'type': 'datetime_type', 'loc': ('response', 354, 'timestamp'), 'msg': 'Input should be a valid datetime', 'input': None}
  {'type': 'datetime_type', 'loc': ('response', 355, 'timestamp'), 'msg': 'Input should be a valid datetime', 'input': None}
  {'type': 'datetime_type', 'loc': ('response', 356, 'timestamp'), 'msg': 'Input should be a valid datetime', 'input': None}
  {'type': 'datetime_type', 'loc': ('response', 357, 'timestamp'), 'msg': 'Input should be a valid datetime', 'input': None}
  {'type': 'datetime_type', 'loc': ('response', 358, 'timestamp'), 'msg': 'Input should be a valid datetime', 'input': None}
  {'type': 'datetime_type', 'loc': ('response', 359, 'timestamp'), 'msg': 'Input should be a valid datetime', 'input': None}
  {'type': 'datetime_type', 'loc': ('response', 360, 'timestamp'), 'msg': 'Input should be a valid datetime', 'input': None}
  {'type': 'datetime_type', 'loc': ('response', 361, 'timestamp'), 'msg': 'Input should be a valid datetime', 'input': None}
  {'type': 'datetime_type', 'loc': ('response', 362, 'timestamp'), 'msg': 'Input should be a valid datetime', 'input': None}
  {'type': 'datetime_type', 'loc': ('response', 363, 'timestamp'), 'msg': 'Input should be a valid datetime', 'input': None}
  {'type': 'datetime_type', 'loc': ('response', 364, 'timestamp'), 'msg': 'Input should be a valid datetime', 'input': None}
  {'type': 'datetime_type', 'loc': ('response', 365, 'timestamp'), 'msg': 'Input should be a valid datetime', 'input': None}
  {'type': 'datetime_type', 'loc': ('response', 366, 'timestamp'), 'msg': 'Input should be a valid datetime', 'input': None}
  {'type': 'datetime_type', 'loc': ('response', 367, 'timestamp'), 'msg': 'Input should be a valid datetime', 'input': None}
  {'type': 'datetime_type', 'loc': ('response', 368, 'timestamp'), 'msg': 'Input should be a valid datetime', 'input': None}
  {'type': 'datetime_type', 'loc': ('response', 369, 'timestamp'), 'msg': 'Input should be a valid datetime', 'input': None}
  {'type': 'datetime_type', 'loc': ('response', 370, 'timestamp'), 'msg': 'Input should be a valid datetime', 'input': None}
  {'type': 'datetime_type', 'loc': ('response', 371, 'timestamp'), 'msg': 'Input should be a valid datetime', 'input': None}
  {'type': 'datetime_type', 'loc': ('response', 372, 'timestamp'), 'msg': 'Input should be a valid datetime', 'input': None}
  {'type': 'datetime_type', 'loc': ('response', 373, 'timestamp'), 'msg': 'Input should be a valid datetime', 'input': None}
  {'type': 'datetime_type', 'loc': ('response', 374, 'timestamp'), 'msg': 'Input should be a valid datetime', 'input': None}
  {'type': 'datetime_type', 'loc': ('response', 375, 'timestamp'), 'msg': 'Input should be a valid datetime', 'input': None}
  {'type': 'datetime_type', 'loc': ('response', 376, 'timestamp'), 'msg': 'Input should be a valid datetime', 'input': None}
  {'type': 'datetime_type', 'loc': ('response', 377, 'timestamp'), 'msg': 'Input should be a valid datetime', 'input': None}
  {'type': 'datetime_type', 'loc': ('response', 378, 'timestamp'), 'msg': 'Input should be a valid datetime', 'input': None}
  {'type': 'datetime_type', 'loc': ('response', 379, 'timestamp'), 'msg': 'Input should be a valid datetime', 'input': None}
  {'type': 'datetime_type', 'loc': ('response', 380, 'timestamp'), 'msg': 'Input should be a valid datetime', 'input': None}
  {'type': 'datetime_type', 'loc': ('response', 381, 'timestamp'), 'msg': 'Input should be a valid datetime', 'input': None}
  {'type': 'datetime_type', 'loc': ('response', 382, 'timestamp'), 'msg': 'Input should be a valid datetime', 'input': None}
  {'type': 'datetime_type', 'loc': ('response', 383, 'timestamp'), 'msg': 'Input should be a valid datetime', 'input': None}
  {'type': 'datetime_type', 'loc': ('response', 384, 'timestamp'), 'msg': 'Input should be a valid datetime', 'input': None}
  {'type': 'datetime_type', 'loc': ('response', 385, 'timestamp'), 'msg': 'Input should be a valid datetime', 'input': None}
  {'type': 'datetime_type', 'loc': ('response', 386, 'timestamp'), 'msg': 'Input should be a valid datetime', 'input': None}
  {'type': 'datetime_type', 'loc': ('response', 387, 'timestamp'), 'msg': 'Input should be a valid datetime', 'input': None}
  {'type': 'datetime_type', 'loc': ('response', 388, 'timestamp'), 'msg': 'Input should be a valid datetime', 'input': None}
  {'type': 'datetime_type', 'loc': ('response', 389, 'timestamp'), 'msg': 'Input should be a valid datetime', 'input': None}
  {'type': 'datetime_type', 'loc': ('response', 390, 'timestamp'), 'msg': 'Input should be a valid datetime', 'input': None}
  {'type': 'datetime_type', 'loc': ('response', 391, 'timestamp'), 'msg': 'Input should be a valid datetime', 'input': None}
  {'type': 'datetime_type', 'loc': ('response', 392, 'timestamp'), 'msg': 'Input should be a valid datetime', 'input': None}
  {'type': 'datetime_type', 'loc': ('response', 393, 'timestamp'), 'msg': 'Input should be a valid datetime', 'input': None}
  {'type': 'datetime_type', 'loc': ('response', 394, 'timestamp'), 'msg': 'Input should be a valid datetime', 'input': None}
  {'type': 'datetime_type', 'loc': ('response', 395, 'timestamp'), 'msg': 'Input should be a valid datetime', 'input': None}
  {'type': 'datetime_type', 'loc': ('response', 396, 'timestamp'), 'msg': 'Input should be a valid datetime', 'input': None}
  {'type': 'datetime_type', 'loc': ('response', 397, 'timestamp'), 'msg': 'Input should be a valid datetime', 'input': None}
  {'type': 'datetime_type', 'loc': ('response', 398, 'timestamp'), 'msg': 'Input should be a valid datetime', 'input': None}
  {'type': 'datetime_type', 'loc': ('response', 399, 'timestamp'), 'msg': 'Input should be a valid datetime', 'input': None}
  {'type': 'datetime_type', 'loc': ('response', 400, 'timestamp'), 'msg': 'Input should be a valid datetime', 'input': None}
  {'type': 'datetime_type', 'loc': ('response', 401, 'timestamp'), 'msg': 'Input should be a valid datetime', 'input': None}
  {'type': 'datetime_type', 'loc': ('response', 402, 'timestamp'), 'msg': 'Input should be a valid datetime', 'input': None}
  {'type': 'datetime_type', 'loc': ('response', 403, 'timestamp'), 'msg': 'Input should be a valid datetime', 'input': None}
  {'type': 'datetime_type', 'loc': ('response', 404, 'timestamp'), 'msg': 'Input should be a valid datetime', 'input': None}
  {'type': 'datetime_type', 'loc': ('response', 405, 'timestamp'), 'msg': 'Input should be a valid datetime', 'input': None}
  {'type': 'datetime_type', 'loc': ('response', 406, 'timestamp'), 'msg': 'Input should be a valid datetime', 'input': None}
  {'type': 'datetime_type', 'loc': ('response', 407, 'timestamp'), 'msg': 'Input should be a valid datetime', 'input': None}
  {'type': 'datetime_type', 'loc': ('response', 408, 'timestamp'), 'msg': 'Input should be a valid datetime', 'input': None}

  File "E:\medcare-ai\app\api\routes_recommendations.py", line 20, in get_recommendations
    GET /api/recommendations
Traceback (most recent call last):
  File "E:\anaconda3\Lib\site-packages\starlette\middleware\errors.py", line 164, in __call__
    await self.app(scope, receive, _send)
  File "E:\anaconda3\Lib\site-packages\starlette\middleware\base.py", line 193, in __call__
    response = await self.dispatch_func(request, call_next)
               ^^^^^^^^^^^^^^^^^^^^^^^^^^^^^^^^^^^^^^^^^^^^
  File "E:\medcare-ai\app\api\main.py", line 37, in add_process_time_header
    response = await call_next(request)
               ^^^^^^^^^^^^^^^^^^^^^^^^
  File "E:\anaconda3\Lib\site-packages\starlette\middleware\base.py", line 168, in call_next
    raise app_exc from app_exc.__cause__ or app_exc.__context__
  File "E:\anaconda3\Lib\site-packages\starlette\middleware\base.py", line 144, in coro
    await self.app(scope, receive_or_disconnect, send_no_error)
  File "E:\anaconda3\Lib\site-packages\starlette\middleware\cors.py", line 88, in __call__
    await self.app(scope, receive, send)
  File "E:\anaconda3\Lib\site-packages\starlette\middleware\exceptions.py", line 63, in __call__
    await wrap_app_handling_exceptions(self.app, conn)(scope, receive, send)
  File "E:\anaconda3\Lib\site-packages\starlette\_exception_handler.py", line 53, in wrapped_app
    raise exc
  File "E:\anaconda3\Lib\site-packages\starlette\_exception_handler.py", line 42, in wrapped_app
    await app(scope, receive, sender)
  File "E:\anaconda3\Lib\site-packages\fastapi\middleware\asyncexitstack.py", line 18, in __call__
    await self.app(scope, receive, send)
  File "E:\anaconda3\Lib\site-packages\starlette\routing.py", line 660, in __call__
    await self.middleware_stack(scope, receive, send)
  File "E:\anaconda3\Lib\site-packages\fastapi\routing.py", line 2685, in app
    await route.handle(scope, receive, send)
  File "E:\anaconda3\Lib\site-packages\fastapi\routing.py", line 1766, in handle
    await self.original_router.handle(scope, receive, send)
  File "E:\anaconda3\Lib\site-packages\fastapi\routing.py", line 2740, in handle
    await included_router._handle_selected(scope, receive, send)
  File "E:\anaconda3\Lib\site-packages\fastapi\routing.py", line 1786, in _handle_selected
    await original_route.handle(scope, receive, send)
  File "E:\anaconda3\Lib\site-packages\fastapi\routing.py", line 1265, in handle
    await app(scope, receive, send)
  File "E:\anaconda3\Lib\site-packages\fastapi\routing.py", line 151, in app
    await wrap_app_handling_exceptions(app, request)(scope, receive, send)
  File "E:\anaconda3\Lib\site-packages\starlette\_exception_handler.py", line 53, in wrapped_app
    raise exc
  File "E:\anaconda3\Lib\site-packages\starlette\_exception_handler.py", line 42, in wrapped_app
    await app(scope, receive, sender)
  File "E:\anaconda3\Lib\site-packages\fastapi\routing.py", line 137, in app
    response = await f(request)
               ^^^^^^^^^^^^^^^^
  File "E:\anaconda3\Lib\site-packages\fastapi\routing.py", line 712, in app
    content = await serialize_response(
              ^^^^^^^^^^^^^^^^^^^^^^^^^
    ...<11 lines>...
    )
    ^
  File "E:\anaconda3\Lib\site-packages\fastapi\routing.py", line 317, in serialize_response
    raise ResponseValidationError(
    ...<3 lines>...
    )
fastapi.exceptions.ResponseValidationError: 409 validation errors:
  {'type': 'datetime_type', 'loc': ('response', 0, 'timestamp'), 'msg': 'Input should be a valid datetime', 'input': None}
  {'type': 'datetime_type', 'loc': ('response', 1, 'timestamp'), 'msg': 'Input should be a valid datetime', 'input': None}
  {'type': 'datetime_type', 'loc': ('response', 2, 'timestamp'), 'msg': 'Input should be a valid datetime', 'input': None}
  {'type': 'datetime_type', 'loc': ('response', 3, 'timestamp'), 'msg': 'Input should be a valid datetime', 'input': None}
  {'type': 'datetime_type', 'loc': ('response', 4, 'timestamp'), 'msg': 'Input should be a valid datetime', 'input': None}
  {'type': 'datetime_type', 'loc': ('response', 5, 'timestamp'), 'msg': 'Input should be a valid datetime', 'input': None}
  {'type': 'datetime_type', 'loc': ('response', 6, 'timestamp'), 'msg': 'Input should be a valid datetime', 'input': None}
  {'type': 'datetime_type', 'loc': ('response', 7, 'timestamp'), 'msg': 'Input should be a valid datetime', 'input': None}
  {'type': 'datetime_type', 'loc': ('response', 8, 'timestamp'), 'msg': 'Input should be a valid datetime', 'input': None}
  {'type': 'datetime_type', 'loc': ('response', 9, 'timestamp'), 'msg': 'Input should be a valid datetime', 'input': None}
  {'type': 'datetime_type', 'loc': ('response', 10, 'timestamp'), 'msg': 'Input should be a valid datetime', 'input': None}
  {'type': 'datetime_type', 'loc': ('response', 11, 'timestamp'), 'msg': 'Input should be a valid datetime', 'input': None}
  {'type': 'datetime_type', 'loc': ('response', 12, 'timestamp'), 'msg': 'Input should be a valid datetime', 'input': None}
  {'type': 'datetime_type', 'loc': ('response', 13, 'timestamp'), 'msg': 'Input should be a valid datetime', 'input': None}
  {'type': 'datetime_type', 'loc': ('response', 14, 'timestamp'), 'msg': 'Input should be a valid datetime', 'input': None}
  {'type': 'datetime_type', 'loc': ('response', 15, 'timestamp'), 'msg': 'Input should be a valid datetime', 'input': None}
  {'type': 'datetime_type', 'loc': ('response', 16, 'timestamp'), 'msg': 'Input should be a valid datetime', 'input': None}
  {'type': 'datetime_type', 'loc': ('response', 17, 'timestamp'), 'msg': 'Input should be a valid datetime', 'input': None}
  {'type': 'datetime_type', 'loc': ('response', 18, 'timestamp'), 'msg': 'Input should be a valid datetime', 'input': None}
  {'type': 'datetime_type', 'loc': ('response', 19, 'timestamp'), 'msg': 'Input should be a valid datetime', 'input': None}
  {'type': 'datetime_type', 'loc': ('response', 20, 'timestamp'), 'msg': 'Input should be a valid datetime', 'input': None}
  {'type': 'datetime_type', 'loc': ('response', 21, 'timestamp'), 'msg': 'Input should be a valid datetime', 'input': None}
  {'type': 'datetime_type', 'loc': ('response', 22, 'timestamp'), 'msg': 'Input should be a valid datetime', 'input': None}
  {'type': 'datetime_type', 'loc': ('response', 23, 'timestamp'), 'msg': 'Input should be a valid datetime', 'input': None}
  {'type': 'datetime_type', 'loc': ('response', 24, 'timestamp'), 'msg': 'Input should be a valid datetime', 'input': None}
  {'type': 'datetime_type', 'loc': ('response', 25, 'timestamp'), 'msg': 'Input should be a valid datetime', 'input': None}
  {'type': 'datetime_type', 'loc': ('response', 26, 'timestamp'), 'msg': 'Input should be a valid datetime', 'input': None}
  {'type': 'datetime_type', 'loc': ('response', 27, 'timestamp'), 'msg': 'Input should be a valid datetime', 'input': None}
  {'type': 'datetime_type', 'loc': ('response', 28, 'timestamp'), 'msg': 'Input should be a valid datetime', 'input': None}
  {'type': 'datetime_type', 'loc': ('response', 29, 'timestamp'), 'msg': 'Input should be a valid datetime', 'input': None}
  {'type': 'datetime_type', 'loc': ('response', 30, 'timestamp'), 'msg': 'Input should be a valid datetime', 'input': None}
  {'type': 'datetime_type', 'loc': ('response', 31, 'timestamp'), 'msg': 'Input should be a valid datetime', 'input': None}
  {'type': 'datetime_type', 'loc': ('response', 32, 'timestamp'), 'msg': 'Input should be a valid datetime', 'input': None}
  {'type': 'datetime_type', 'loc': ('response', 33, 'timestamp'), 'msg': 'Input should be a valid datetime', 'input': None}
  {'type': 'datetime_type', 'loc': ('response', 34, 'timestamp'), 'msg': 'Input should be a valid datetime', 'input': None}
  {'type': 'datetime_type', 'loc': ('response', 35, 'timestamp'), 'msg': 'Input should be a valid datetime', 'input': None}
  {'type': 'datetime_type', 'loc': ('response', 36, 'timestamp'), 'msg': 'Input should be a valid datetime', 'input': None}
  {'type': 'datetime_type', 'loc': ('response', 37, 'timestamp'), 'msg': 'Input should be a valid datetime', 'input': None}
  {'type': 'datetime_type', 'loc': ('response', 38, 'timestamp'), 'msg': 'Input should be a valid datetime', 'input': None}
  {'type': 'datetime_type', 'loc': ('response', 39, 'timestamp'), 'msg': 'Input should be a valid datetime', 'input': None}
  {'type': 'datetime_type', 'loc': ('response', 40, 'timestamp'), 'msg': 'Input should be a valid datetime', 'input': None}
  {'type': 'datetime_type', 'loc': ('response', 41, 'timestamp'), 'msg': 'Input should be a valid datetime', 'input': None}
  {'type': 'datetime_type', 'loc': ('response', 42, 'timestamp'), 'msg': 'Input should be a valid datetime', 'input': None}
  {'type': 'datetime_type', 'loc': ('response', 43, 'timestamp'), 'msg': 'Input should be a valid datetime', 'input': None}
  {'type': 'datetime_type', 'loc': ('response', 44, 'timestamp'), 'msg': 'Input should be a valid datetime', 'input': None}
  {'type': 'datetime_type', 'loc': ('response', 45, 'timestamp'), 'msg': 'Input should be a valid datetime', 'input': None}
  {'type': 'datetime_type', 'loc': ('response', 46, 'timestamp'), 'msg': 'Input should be a valid datetime', 'input': None}
  {'type': 'datetime_type', 'loc': ('response', 47, 'timestamp'), 'msg': 'Input should be a valid datetime', 'input': None}
  {'type': 'datetime_type', 'loc': ('response', 48, 'timestamp'), 'msg': 'Input should be a valid datetime', 'input': None}
  {'type': 'datetime_type', 'loc': ('response', 49, 'timestamp'), 'msg': 'Input should be a valid datetime', 'input': None}
  {'type': 'datetime_type', 'loc': ('response', 50, 'timestamp'), 'msg': 'Input should be a valid datetime', 'input': None}
  {'type': 'datetime_type', 'loc': ('response', 51, 'timestamp'), 'msg': 'Input should be a valid datetime', 'input': None}
  {'type': 'datetime_type', 'loc': ('response', 52, 'timestamp'), 'msg': 'Input should be a valid datetime', 'input': None}
  {'type': 'datetime_type', 'loc': ('response', 53, 'timestamp'), 'msg': 'Input should be a valid datetime', 'input': None}
  {'type': 'datetime_type', 'loc': ('response', 54, 'timestamp'), 'msg': 'Input should be a valid datetime', 'input': None}
  {'type': 'datetime_type', 'loc': ('response', 55, 'timestamp'), 'msg': 'Input should be a valid datetime', 'input': None}
  {'type': 'datetime_type', 'loc': ('response', 56, 'timestamp'), 'msg': 'Input should be a valid datetime', 'input': None}
  {'type': 'datetime_type', 'loc': ('response', 57, 'timestamp'), 'msg': 'Input should be a valid datetime', 'input': None}
  {'type': 'datetime_type', 'loc': ('response', 58, 'timestamp'), 'msg': 'Input should be a valid datetime', 'input': None}
  {'type': 'datetime_type', 'loc': ('response', 59, 'timestamp'), 'msg': 'Input should be a valid datetime', 'input': None}
  {'type': 'datetime_type', 'loc': ('response', 60, 'timestamp'), 'msg': 'Input should be a valid datetime', 'input': None}
  {'type': 'datetime_type', 'loc': ('response', 61, 'timestamp'), 'msg': 'Input should be a valid datetime', 'input': None}
  {'type': 'datetime_type', 'loc': ('response', 62, 'timestamp'), 'msg': 'Input should be a valid datetime', 'input': None}
  {'type': 'datetime_type', 'loc': ('response', 63, 'timestamp'), 'msg': 'Input should be a valid datetime', 'input': None}
  {'type': 'datetime_type', 'loc': ('response', 64, 'timestamp'), 'msg': 'Input should be a valid datetime', 'input': None}
  {'type': 'datetime_type', 'loc': ('response', 65, 'timestamp'), 'msg': 'Input should be a valid datetime', 'input': None}
  {'type': 'datetime_type', 'loc': ('response', 66, 'timestamp'), 'msg': 'Input should be a valid datetime', 'input': None}
  {'type': 'datetime_type', 'loc': ('response', 67, 'timestamp'), 'msg': 'Input should be a valid datetime', 'input': None}
  {'type': 'datetime_type', 'loc': ('response', 68, 'timestamp'), 'msg': 'Input should be a valid datetime', 'input': None}
  {'type': 'datetime_type', 'loc': ('response', 69, 'timestamp'), 'msg': 'Input should be a valid datetime', 'input': None}
  {'type': 'datetime_type', 'loc': ('response', 70, 'timestamp'), 'msg': 'Input should be a valid datetime', 'input': None}
  {'type': 'datetime_type', 'loc': ('response', 71, 'timestamp'), 'msg': 'Input should be a valid datetime', 'input': None}
  {'type': 'datetime_type', 'loc': ('response', 72, 'timestamp'), 'msg': 'Input should be a valid datetime', 'input': None}
  {'type': 'datetime_type', 'loc': ('response', 73, 'timestamp'), 'msg': 'Input should be a valid datetime', 'input': None}
  {'type': 'datetime_type', 'loc': ('response', 74, 'timestamp'), 'msg': 'Input should be a valid datetime', 'input': None}
  {'type': 'datetime_type', 'loc': ('response', 75, 'timestamp'), 'msg': 'Input should be a valid datetime', 'input': None}
  {'type': 'datetime_type', 'loc': ('response', 76, 'timestamp'), 'msg': 'Input should be a valid datetime', 'input': None}
  {'type': 'datetime_type', 'loc': ('response', 77, 'timestamp'), 'msg': 'Input should be a valid datetime', 'input': None}
  {'type': 'datetime_type', 'loc': ('response', 78, 'timestamp'), 'msg': 'Input should be a valid datetime', 'input': None}
  {'type': 'datetime_type', 'loc': ('response', 79, 'timestamp'), 'msg': 'Input should be a valid datetime', 'input': None}
  {'type': 'datetime_type', 'loc': ('response', 80, 'timestamp'), 'msg': 'Input should be a valid datetime', 'input': None}
  {'type': 'datetime_type', 'loc': ('response', 81, 'timestamp'), 'msg': 'Input should be a valid datetime', 'input': None}
  {'type': 'datetime_type', 'loc': ('response', 82, 'timestamp'), 'msg': 'Input should be a valid datetime', 'input': None}
  {'type': 'datetime_type', 'loc': ('response', 83, 'timestamp'), 'msg': 'Input should be a valid datetime', 'input': None}
  {'type': 'datetime_type', 'loc': ('response', 84, 'timestamp'), 'msg': 'Input should be a valid datetime', 'input': None}
  {'type': 'datetime_type', 'loc': ('response', 85, 'timestamp'), 'msg': 'Input should be a valid datetime', 'input': None}
  {'type': 'datetime_type', 'loc': ('response', 86, 'timestamp'), 'msg': 'Input should be a valid datetime', 'input': None}
  {'type': 'datetime_type', 'loc': ('response', 87, 'timestamp'), 'msg': 'Input should be a valid datetime', 'input': None}
  {'type': 'datetime_type', 'loc': ('response', 88, 'timestamp'), 'msg': 'Input should be a valid datetime', 'input': None}
  {'type': 'datetime_type', 'loc': ('response', 89, 'timestamp'), 'msg': 'Input should be a valid datetime', 'input': None}
  {'type': 'datetime_type', 'loc': ('response', 90, 'timestamp'), 'msg': 'Input should be a valid datetime', 'input': None}
  {'type': 'datetime_type', 'loc': ('response', 91, 'timestamp'), 'msg': 'Input should be a valid datetime', 'input': None}
  {'type': 'datetime_type', 'loc': ('response', 92, 'timestamp'), 'msg': 'Input should be a valid datetime', 'input': None}
  {'type': 'datetime_type', 'loc': ('response', 93, 'timestamp'), 'msg': 'Input should be a valid datetime', 'input': None}
  {'type': 'datetime_type', 'loc': ('response', 94, 'timestamp'), 'msg': 'Input should be a valid datetime', 'input': None}
  {'type': 'datetime_type', 'loc': ('response', 95, 'timestamp'), 'msg': 'Input should be a valid datetime', 'input': None}
  {'type': 'datetime_type', 'loc': ('response', 96, 'timestamp'), 'msg': 'Input should be a valid datetime', 'input': None}
  {'type': 'datetime_type', 'loc': ('response', 97, 'timestamp'), 'msg': 'Input should be a valid datetime', 'input': None}
  {'type': 'datetime_type', 'loc': ('response', 98, 'timestamp'), 'msg': 'Input should be a valid datetime', 'input': None}
  {'type': 'datetime_type', 'loc': ('response', 99, 'timestamp'), 'msg': 'Input should be a valid datetime', 'input': None}
  {'type': 'datetime_type', 'loc': ('response', 100, 'timestamp'), 'msg': 'Input should be a valid datetime', 'input': None}
  {'type': 'datetime_type', 'loc': ('response', 101, 'timestamp'), 'msg': 'Input should be a valid datetime', 'input': None}
  {'type': 'datetime_type', 'loc': ('response', 102, 'timestamp'), 'msg': 'Input should be a valid datetime', 'input': None}
  {'type': 'datetime_type', 'loc': ('response', 103, 'timestamp'), 'msg': 'Input should be a valid datetime', 'input': None}
  {'type': 'datetime_type', 'loc': ('response', 104, 'timestamp'), 'msg': 'Input should be a valid datetime', 'input': None}
  {'type': 'datetime_type', 'loc': ('response', 105, 'timestamp'), 'msg': 'Input should be a valid datetime', 'input': None}
  {'type': 'datetime_type', 'loc': ('response', 106, 'timestamp'), 'msg': 'Input should be a valid datetime', 'input': None}
  {'type': 'datetime_type', 'loc': ('response', 107, 'timestamp'), 'msg': 'Input should be a valid datetime', 'input': None}
  {'type': 'datetime_type', 'loc': ('response', 108, 'timestamp'), 'msg': 'Input should be a valid datetime', 'input': None}
  {'type': 'datetime_type', 'loc': ('response', 109, 'timestamp'), 'msg': 'Input should be a valid datetime', 'input': None}
  {'type': 'datetime_type', 'loc': ('response', 110, 'timestamp'), 'msg': 'Input should be a valid datetime', 'input': None}
  {'type': 'datetime_type', 'loc': ('response', 111, 'timestamp'), 'msg': 'Input should be a valid datetime', 'input': None}
  {'type': 'datetime_type', 'loc': ('response', 112, 'timestamp'), 'msg': 'Input should be a valid datetime', 'input': None}
  {'type': 'datetime_type', 'loc': ('response', 113, 'timestamp'), 'msg': 'Input should be a valid datetime', 'input': None}
  {'type': 'datetime_type', 'loc': ('response', 114, 'timestamp'), 'msg': 'Input should be a valid datetime', 'input': None}
  {'type': 'datetime_type', 'loc': ('response', 115, 'timestamp'), 'msg': 'Input should be a valid datetime', 'input': None}
  {'type': 'datetime_type', 'loc': ('response', 116, 'timestamp'), 'msg': 'Input should be a valid datetime', 'input': None}
  {'type': 'datetime_type', 'loc': ('response', 117, 'timestamp'), 'msg': 'Input should be a valid datetime', 'input': None}
  {'type': 'datetime_type', 'loc': ('response', 118, 'timestamp'), 'msg': 'Input should be a valid datetime', 'input': None}
  {'type': 'datetime_type', 'loc': ('response', 119, 'timestamp'), 'msg': 'Input should be a valid datetime', 'input': None}
  {'type': 'datetime_type', 'loc': ('response', 120, 'timestamp'), 'msg': 'Input should be a valid datetime', 'input': None}
  {'type': 'datetime_type', 'loc': ('response', 121, 'timestamp'), 'msg': 'Input should be a valid datetime', 'input': None}
  {'type': 'datetime_type', 'loc': ('response', 122, 'timestamp'), 'msg': 'Input should be a valid datetime', 'input': None}
  {'type': 'datetime_type', 'loc': ('response', 123, 'timestamp'), 'msg': 'Input should be a valid datetime', 'input': None}
  {'type': 'datetime_type', 'loc': ('response', 124, 'timestamp'), 'msg': 'Input should be a valid datetime', 'input': None}
  {'type': 'datetime_type', 'loc': ('response', 125, 'timestamp'), 'msg': 'Input should be a valid datetime', 'input': None}
  {'type': 'datetime_type', 'loc': ('response', 126, 'timestamp'), 'msg': 'Input should be a valid datetime', 'input': None}
  {'type': 'datetime_type', 'loc': ('response', 127, 'timestamp'), 'msg': 'Input should be a valid datetime', 'input': None}
  {'type': 'datetime_type', 'loc': ('response', 128, 'timestamp'), 'msg': 'Input should be a valid datetime', 'input': None}
  {'type': 'datetime_type', 'loc': ('response', 129, 'timestamp'), 'msg': 'Input should be a valid datetime', 'input': None}
  {'type': 'datetime_type', 'loc': ('response', 130, 'timestamp'), 'msg': 'Input should be a valid datetime', 'input': None}
  {'type': 'datetime_type', 'loc': ('response', 131, 'timestamp'), 'msg': 'Input should be a valid datetime', 'input': None}
  {'type': 'datetime_type', 'loc': ('response', 132, 'timestamp'), 'msg': 'Input should be a valid datetime', 'input': None}
  {'type': 'datetime_type', 'loc': ('response', 133, 'timestamp'), 'msg': 'Input should be a valid datetime', 'input': None}
  {'type': 'datetime_type', 'loc': ('response', 134, 'timestamp'), 'msg': 'Input should be a valid datetime', 'input': None}
  {'type': 'datetime_type', 'loc': ('response', 135, 'timestamp'), 'msg': 'Input should be a valid datetime', 'input': None}
  {'type': 'datetime_type', 'loc': ('response', 136, 'timestamp'), 'msg': 'Input should be a valid datetime', 'input': None}
  {'type': 'datetime_type', 'loc': ('response', 137, 'timestamp'), 'msg': 'Input should be a valid datetime', 'input': None}
  {'type': 'datetime_type', 'loc': ('response', 138, 'timestamp'), 'msg': 'Input should be a valid datetime', 'input': None}
  {'type': 'datetime_type', 'loc': ('response', 139, 'timestamp'), 'msg': 'Input should be a valid datetime', 'input': None}
  {'type': 'datetime_type', 'loc': ('response', 140, 'timestamp'), 'msg': 'Input should be a valid datetime', 'input': None}
  {'type': 'datetime_type', 'loc': ('response', 141, 'timestamp'), 'msg': 'Input should be a valid datetime', 'input': None}
  {'type': 'datetime_type', 'loc': ('response', 142, 'timestamp'), 'msg': 'Input should be a valid datetime', 'input': None}
  {'type': 'datetime_type', 'loc': ('response', 143, 'timestamp'), 'msg': 'Input should be a valid datetime', 'input': None}
  {'type': 'datetime_type', 'loc': ('response', 144, 'timestamp'), 'msg': 'Input should be a valid datetime', 'input': None}
  {'type': 'datetime_type', 'loc': ('response', 145, 'timestamp'), 'msg': 'Input should be a valid datetime', 'input': None}
  {'type': 'datetime_type', 'loc': ('response', 146, 'timestamp'), 'msg': 'Input should be a valid datetime', 'input': None}
  {'type': 'datetime_type', 'loc': ('response', 147, 'timestamp'), 'msg': 'Input should be a valid datetime', 'input': None}
  {'type': 'datetime_type', 'loc': ('response', 148, 'timestamp'), 'msg': 'Input should be a valid datetime', 'input': None}
  {'type': 'datetime_type', 'loc': ('response', 149, 'timestamp'), 'msg': 'Input should be a valid datetime', 'input': None}
  {'type': 'datetime_type', 'loc': ('response', 150, 'timestamp'), 'msg': 'Input should be a valid datetime', 'input': None}
  {'type': 'datetime_type', 'loc': ('response', 151, 'timestamp'), 'msg': 'Input should be a valid datetime', 'input': None}
  {'type': 'datetime_type', 'loc': ('response', 152, 'timestamp'), 'msg': 'Input should be a valid datetime', 'input': None}
  {'type': 'datetime_type', 'loc': ('response', 153, 'timestamp'), 'msg': 'Input should be a valid datetime', 'input': None}
  {'type': 'datetime_type', 'loc': ('response', 154, 'timestamp'), 'msg': 'Input should be a valid datetime', 'input': None}
  {'type': 'datetime_type', 'loc': ('response', 155, 'timestamp'), 'msg': 'Input should be a valid datetime', 'input': None}
  {'type': 'datetime_type', 'loc': ('response', 156, 'timestamp'), 'msg': 'Input should be a valid datetime', 'input': None}
  {'type': 'datetime_type', 'loc': ('response', 157, 'timestamp'), 'msg': 'Input should be a valid datetime', 'input': None}
  {'type': 'datetime_type', 'loc': ('response', 158, 'timestamp'), 'msg': 'Input should be a valid datetime', 'input': None}
  {'type': 'datetime_type', 'loc': ('response', 159, 'timestamp'), 'msg': 'Input should be a valid datetime', 'input': None}
  {'type': 'datetime_type', 'loc': ('response', 160, 'timestamp'), 'msg': 'Input should be a valid datetime', 'input': None}
  {'type': 'datetime_type', 'loc': ('response', 161, 'timestamp'), 'msg': 'Input should be a valid datetime', 'input': None}
  {'type': 'datetime_type', 'loc': ('response', 162, 'timestamp'), 'msg': 'Input should be a valid datetime', 'input': None}
  {'type': 'datetime_type', 'loc': ('response', 163, 'timestamp'), 'msg': 'Input should be a valid datetime', 'input': None}
  {'type': 'datetime_type', 'loc': ('response', 164, 'timestamp'), 'msg': 'Input should be a valid datetime', 'input': None}
  {'type': 'datetime_type', 'loc': ('response', 165, 'timestamp'), 'msg': 'Input should be a valid datetime', 'input': None}
  {'type': 'datetime_type', 'loc': ('response', 166, 'timestamp'), 'msg': 'Input should be a valid datetime', 'input': None}
  {'type': 'datetime_type', 'loc': ('response', 167, 'timestamp'), 'msg': 'Input should be a valid datetime', 'input': None}
  {'type': 'datetime_type', 'loc': ('response', 168, 'timestamp'), 'msg': 'Input should be a valid datetime', 'input': None}
  {'type': 'datetime_type', 'loc': ('response', 169, 'timestamp'), 'msg': 'Input should be a valid datetime', 'input': None}
  {'type': 'datetime_type', 'loc': ('response', 170, 'timestamp'), 'msg': 'Input should be a valid datetime', 'input': None}
  {'type': 'datetime_type', 'loc': ('response', 171, 'timestamp'), 'msg': 'Input should be a valid datetime', 'input': None}
  {'type': 'datetime_type', 'loc': ('response', 172, 'timestamp'), 'msg': 'Input should be a valid datetime', 'input': None}
  {'type': 'datetime_type', 'loc': ('response', 173, 'timestamp'), 'msg': 'Input should be a valid datetime', 'input': None}
  {'type': 'datetime_type', 'loc': ('response', 174, 'timestamp'), 'msg': 'Input should be a valid datetime', 'input': None}
  {'type': 'datetime_type', 'loc': ('response', 175, 'timestamp'), 'msg': 'Input should be a valid datetime', 'input': None}
  {'type': 'datetime_type', 'loc': ('response', 176, 'timestamp'), 'msg': 'Input should be a valid datetime', 'input': None}
  {'type': 'datetime_type', 'loc': ('response', 177, 'timestamp'), 'msg': 'Input should be a valid datetime', 'input': None}
  {'type': 'datetime_type', 'loc': ('response', 178, 'timestamp'), 'msg': 'Input should be a valid datetime', 'input': None}
  {'type': 'datetime_type', 'loc': ('response', 179, 'timestamp'), 'msg': 'Input should be a valid datetime', 'input': None}
  {'type': 'datetime_type', 'loc': ('response', 180, 'timestamp'), 'msg': 'Input should be a valid datetime', 'input': None}
  {'type': 'datetime_type', 'loc': ('response', 181, 'timestamp'), 'msg': 'Input should be a valid datetime', 'input': None}
  {'type': 'datetime_type', 'loc': ('response', 182, 'timestamp'), 'msg': 'Input should be a valid datetime', 'input': None}
  {'type': 'datetime_type', 'loc': ('response', 183, 'timestamp'), 'msg': 'Input should be a valid datetime', 'input': None}
  {'type': 'datetime_type', 'loc': ('response', 184, 'timestamp'), 'msg': 'Input should be a valid datetime', 'input': None}
  {'type': 'datetime_type', 'loc': ('response', 185, 'timestamp'), 'msg': 'Input should be a valid datetime', 'input': None}
  {'type': 'datetime_type', 'loc': ('response', 186, 'timestamp'), 'msg': 'Input should be a valid datetime', 'input': None}
  {'type': 'datetime_type', 'loc': ('response', 187, 'timestamp'), 'msg': 'Input should be a valid datetime', 'input': None}
  {'type': 'datetime_type', 'loc': ('response', 188, 'timestamp'), 'msg': 'Input should be a valid datetime', 'input': None}
  {'type': 'datetime_type', 'loc': ('response', 189, 'timestamp'), 'msg': 'Input should be a valid datetime', 'input': None}
  {'type': 'datetime_type', 'loc': ('response', 190, 'timestamp'), 'msg': 'Input should be a valid datetime', 'input': None}
  {'type': 'datetime_type', 'loc': ('response', 191, 'timestamp'), 'msg': 'Input should be a valid datetime', 'input': None}
  {'type': 'datetime_type', 'loc': ('response', 192, 'timestamp'), 'msg': 'Input should be a valid datetime', 'input': None}
  {'type': 'datetime_type', 'loc': ('response', 193, 'timestamp'), 'msg': 'Input should be a valid datetime', 'input': None}
  {'type': 'datetime_type', 'loc': ('response', 194, 'timestamp'), 'msg': 'Input should be a valid datetime', 'input': None}
  {'type': 'datetime_type', 'loc': ('response', 195, 'timestamp'), 'msg': 'Input should be a valid datetime', 'input': None}
  {'type': 'datetime_type', 'loc': ('response', 196, 'timestamp'), 'msg': 'Input should be a valid datetime', 'input': None}
  {'type': 'datetime_type', 'loc': ('response', 197, 'timestamp'), 'msg': 'Input should be a valid datetime', 'input': None}
  {'type': 'datetime_type', 'loc': ('response', 198, 'timestamp'), 'msg': 'Input should be a valid datetime', 'input': None}
  {'type': 'datetime_type', 'loc': ('response', 199, 'timestamp'), 'msg': 'Input should be a valid datetime', 'input': None}
  {'type': 'datetime_type', 'loc': ('response', 200, 'timestamp'), 'msg': 'Input should be a valid datetime', 'input': None}
  {'type': 'datetime_type', 'loc': ('response', 201, 'timestamp'), 'msg': 'Input should be a valid datetime', 'input': None}
  {'type': 'datetime_type', 'loc': ('response', 202, 'timestamp'), 'msg': 'Input should be a valid datetime', 'input': None}
  {'type': 'datetime_type', 'loc': ('response', 203, 'timestamp'), 'msg': 'Input should be a valid datetime', 'input': None}
  {'type': 'datetime_type', 'loc': ('response', 204, 'timestamp'), 'msg': 'Input should be a valid datetime', 'input': None}
  {'type': 'datetime_type', 'loc': ('response', 205, 'timestamp'), 'msg': 'Input should be a valid datetime', 'input': None}
  {'type': 'datetime_type', 'loc': ('response', 206, 'timestamp'), 'msg': 'Input should be a valid datetime', 'input': None}
  {'type': 'datetime_type', 'loc': ('response', 207, 'timestamp'), 'msg': 'Input should be a valid datetime', 'input': None}
  {'type': 'datetime_type', 'loc': ('response', 208, 'timestamp'), 'msg': 'Input should be a valid datetime', 'input': None}
  {'type': 'datetime_type', 'loc': ('response', 209, 'timestamp'), 'msg': 'Input should be a valid datetime', 'input': None}
  {'type': 'datetime_type', 'loc': ('response', 210, 'timestamp'), 'msg': 'Input should be a valid datetime', 'input': None}
  {'type': 'datetime_type', 'loc': ('response', 211, 'timestamp'), 'msg': 'Input should be a valid datetime', 'input': None}
  {'type': 'datetime_type', 'loc': ('response', 212, 'timestamp'), 'msg': 'Input should be a valid datetime', 'input': None}
  {'type': 'datetime_type', 'loc': ('response', 213, 'timestamp'), 'msg': 'Input should be a valid datetime', 'input': None}
  {'type': 'datetime_type', 'loc': ('response', 214, 'timestamp'), 'msg': 'Input should be a valid datetime', 'input': None}
  {'type': 'datetime_type', 'loc': ('response', 215, 'timestamp'), 'msg': 'Input should be a valid datetime', 'input': None}
  {'type': 'datetime_type', 'loc': ('response', 216, 'timestamp'), 'msg': 'Input should be a valid datetime', 'input': None}
  {'type': 'datetime_type', 'loc': ('response', 217, 'timestamp'), 'msg': 'Input should be a valid datetime', 'input': None}
  {'type': 'datetime_type', 'loc': ('response', 218, 'timestamp'), 'msg': 'Input should be a valid datetime', 'input': None}
  {'type': 'datetime_type', 'loc': ('response', 219, 'timestamp'), 'msg': 'Input should be a valid datetime', 'input': None}
  {'type': 'datetime_type', 'loc': ('response', 220, 'timestamp'), 'msg': 'Input should be a valid datetime', 'input': None}
  {'type': 'datetime_type', 'loc': ('response', 221, 'timestamp'), 'msg': 'Input should be a valid datetime', 'input': None}
  {'type': 'datetime_type', 'loc': ('response', 222, 'timestamp'), 'msg': 'Input should be a valid datetime', 'input': None}
  {'type': 'datetime_type', 'loc': ('response', 223, 'timestamp'), 'msg': 'Input should be a valid datetime', 'input': None}
  {'type': 'datetime_type', 'loc': ('response', 224, 'timestamp'), 'msg': 'Input should be a valid datetime', 'input': None}
  {'type': 'datetime_type', 'loc': ('response', 225, 'timestamp'), 'msg': 'Input should be a valid datetime', 'input': None}
  {'type': 'datetime_type', 'loc': ('response', 226, 'timestamp'), 'msg': 'Input should be a valid datetime', 'input': None}
  {'type': 'datetime_type', 'loc': ('response', 227, 'timestamp'), 'msg': 'Input should be a valid datetime', 'input': None}
  {'type': 'datetime_type', 'loc': ('response', 228, 'timestamp'), 'msg': 'Input should be a valid datetime', 'input': None}
  {'type': 'datetime_type', 'loc': ('response', 229, 'timestamp'), 'msg': 'Input should be a valid datetime', 'input': None}
  {'type': 'datetime_type', 'loc': ('response', 230, 'timestamp'), 'msg': 'Input should be a valid datetime', 'input': None}
  {'type': 'datetime_type', 'loc': ('response', 231, 'timestamp'), 'msg': 'Input should be a valid datetime', 'input': None}
  {'type': 'datetime_type', 'loc': ('response', 232, 'timestamp'), 'msg': 'Input should be a valid datetime', 'input': None}
  {'type': 'datetime_type', 'loc': ('response', 233, 'timestamp'), 'msg': 'Input should be a valid datetime', 'input': None}
  {'type': 'datetime_type', 'loc': ('response', 234, 'timestamp'), 'msg': 'Input should be a valid datetime', 'input': None}
  {'type': 'datetime_type', 'loc': ('response', 235, 'timestamp'), 'msg': 'Input should be a valid datetime', 'input': None}
  {'type': 'datetime_type', 'loc': ('response', 236, 'timestamp'), 'msg': 'Input should be a valid datetime', 'input': None}
  {'type': 'datetime_type', 'loc': ('response', 237, 'timestamp'), 'msg': 'Input should be a valid datetime', 'input': None}
  {'type': 'datetime_type', 'loc': ('response', 238, 'timestamp'), 'msg': 'Input should be a valid datetime', 'input': None}
  {'type': 'datetime_type', 'loc': ('response', 239, 'timestamp'), 'msg': 'Input should be a valid datetime', 'input': None}
  {'type': 'datetime_type', 'loc': ('response', 240, 'timestamp'), 'msg': 'Input should be a valid datetime', 'input': None}
  {'type': 'datetime_type', 'loc': ('response', 241, 'timestamp'), 'msg': 'Input should be a valid datetime', 'input': None}
  {'type': 'datetime_type', 'loc': ('response', 242, 'timestamp'), 'msg': 'Input should be a valid datetime', 'input': None}
  {'type': 'datetime_type', 'loc': ('response', 243, 'timestamp'), 'msg': 'Input should be a valid datetime', 'input': None}
  {'type': 'datetime_type', 'loc': ('response', 244, 'timestamp'), 'msg': 'Input should be a valid datetime', 'input': None}
  {'type': 'datetime_type', 'loc': ('response', 245, 'timestamp'), 'msg': 'Input should be a valid datetime', 'input': None}
  {'type': 'datetime_type', 'loc': ('response', 246, 'timestamp'), 'msg': 'Input should be a valid datetime', 'input': None}
  {'type': 'datetime_type', 'loc': ('response', 247, 'timestamp'), 'msg': 'Input should be a valid datetime', 'input': None}
  {'type': 'datetime_type', 'loc': ('response', 248, 'timestamp'), 'msg': 'Input should be a valid datetime', 'input': None}
  {'type': 'datetime_type', 'loc': ('response', 249, 'timestamp'), 'msg': 'Input should be a valid datetime', 'input': None}
  {'type': 'datetime_type', 'loc': ('response', 250, 'timestamp'), 'msg': 'Input should be a valid datetime', 'input': None}
  {'type': 'datetime_type', 'loc': ('response', 251, 'timestamp'), 'msg': 'Input should be a valid datetime', 'input': None}
  {'type': 'datetime_type', 'loc': ('response', 252, 'timestamp'), 'msg': 'Input should be a valid datetime', 'input': None}
  {'type': 'datetime_type', 'loc': ('response', 253, 'timestamp'), 'msg': 'Input should be a valid datetime', 'input': None}
  {'type': 'datetime_type', 'loc': ('response', 254, 'timestamp'), 'msg': 'Input should be a valid datetime', 'input': None}
  {'type': 'datetime_type', 'loc': ('response', 255, 'timestamp'), 'msg': 'Input should be a valid datetime', 'input': None}
  {'type': 'datetime_type', 'loc': ('response', 256, 'timestamp'), 'msg': 'Input should be a valid datetime', 'input': None}
  {'type': 'datetime_type', 'loc': ('response', 257, 'timestamp'), 'msg': 'Input should be a valid datetime', 'input': None}
  {'type': 'datetime_type', 'loc': ('response', 258, 'timestamp'), 'msg': 'Input should be a valid datetime', 'input': None}
  {'type': 'datetime_type', 'loc': ('response', 259, 'timestamp'), 'msg': 'Input should be a valid datetime', 'input': None}
  {'type': 'datetime_type', 'loc': ('response', 260, 'timestamp'), 'msg': 'Input should be a valid datetime', 'input': None}
  {'type': 'datetime_type', 'loc': ('response', 261, 'timestamp'), 'msg': 'Input should be a valid datetime', 'input': None}
  {'type': 'datetime_type', 'loc': ('response', 262, 'timestamp'), 'msg': 'Input should be a valid datetime', 'input': None}
  {'type': 'datetime_type', 'loc': ('response', 263, 'timestamp'), 'msg': 'Input should be a valid datetime', 'input': None}
  {'type': 'datetime_type', 'loc': ('response', 264, 'timestamp'), 'msg': 'Input should be a valid datetime', 'input': None}
  {'type': 'datetime_type', 'loc': ('response', 265, 'timestamp'), 'msg': 'Input should be a valid datetime', 'input': None}
  {'type': 'datetime_type', 'loc': ('response', 266, 'timestamp'), 'msg': 'Input should be a valid datetime', 'input': None}
  {'type': 'datetime_type', 'loc': ('response', 267, 'timestamp'), 'msg': 'Input should be a valid datetime', 'input': None}
  {'type': 'datetime_type', 'loc': ('response', 268, 'timestamp'), 'msg': 'Input should be a valid datetime', 'input': None}
  {'type': 'datetime_type', 'loc': ('response', 269, 'timestamp'), 'msg': 'Input should be a valid datetime', 'input': None}
  {'type': 'datetime_type', 'loc': ('response', 270, 'timestamp'), 'msg': 'Input should be a valid datetime', 'input': None}
  {'type': 'datetime_type', 'loc': ('response', 271, 'timestamp'), 'msg': 'Input should be a valid datetime', 'input': None}
  {'type': 'datetime_type', 'loc': ('response', 272, 'timestamp'), 'msg': 'Input should be a valid datetime', 'input': None}
  {'type': 'datetime_type', 'loc': ('response', 273, 'timestamp'), 'msg': 'Input should be a valid datetime', 'input': None}
  {'type': 'datetime_type', 'loc': ('response', 274, 'timestamp'), 'msg': 'Input should be a valid datetime', 'input': None}
  {'type': 'datetime_type', 'loc': ('response', 275, 'timestamp'), 'msg': 'Input should be a valid datetime', 'input': None}
  {'type': 'datetime_type', 'loc': ('response', 276, 'timestamp'), 'msg': 'Input should be a valid datetime', 'input': None}
  {'type': 'datetime_type', 'loc': ('response', 277, 'timestamp'), 'msg': 'Input should be a valid datetime', 'input': None}
  {'type': 'datetime_type', 'loc': ('response', 278, 'timestamp'), 'msg': 'Input should be a valid datetime', 'input': None}
  {'type': 'datetime_type', 'loc': ('response', 279, 'timestamp'), 'msg': 'Input should be a valid datetime', 'input': None}
  {'type': 'datetime_type', 'loc': ('response', 280, 'timestamp'), 'msg': 'Input should be a valid datetime', 'input': None}
  {'type': 'datetime_type', 'loc': ('response', 281, 'timestamp'), 'msg': 'Input should be a valid datetime', 'input': None}
  {'type': 'datetime_type', 'loc': ('response', 282, 'timestamp'), 'msg': 'Input should be a valid datetime', 'input': None}
  {'type': 'datetime_type', 'loc': ('response', 283, 'timestamp'), 'msg': 'Input should be a valid datetime', 'input': None}
  {'type': 'datetime_type', 'loc': ('response', 284, 'timestamp'), 'msg': 'Input should be a valid datetime', 'input': None}
  {'type': 'datetime_type', 'loc': ('response', 285, 'timestamp'), 'msg': 'Input should be a valid datetime', 'input': None}
  {'type': 'datetime_type', 'loc': ('response', 286, 'timestamp'), 'msg': 'Input should be a valid datetime', 'input': None}
  {'type': 'datetime_type', 'loc': ('response', 287, 'timestamp'), 'msg': 'Input should be a valid datetime', 'input': None}
  {'type': 'datetime_type', 'loc': ('response', 288, 'timestamp'), 'msg': 'Input should be a valid datetime', 'input': None}
  {'type': 'datetime_type', 'loc': ('response', 289, 'timestamp'), 'msg': 'Input should be a valid datetime', 'input': None}
  {'type': 'datetime_type', 'loc': ('response', 290, 'timestamp'), 'msg': 'Input should be a valid datetime', 'input': None}
  {'type': 'datetime_type', 'loc': ('response', 291, 'timestamp'), 'msg': 'Input should be a valid datetime', 'input': None}
  {'type': 'datetime_type', 'loc': ('response', 292, 'timestamp'), 'msg': 'Input should be a valid datetime', 'input': None}
  {'type': 'datetime_type', 'loc': ('response', 293, 'timestamp'), 'msg': 'Input should be a valid datetime', 'input': None}
  {'type': 'datetime_type', 'loc': ('response', 294, 'timestamp'), 'msg': 'Input should be a valid datetime', 'input': None}
  {'type': 'datetime_type', 'loc': ('response', 295, 'timestamp'), 'msg': 'Input should be a valid datetime', 'input': None}
  {'type': 'datetime_type', 'loc': ('response', 296, 'timestamp'), 'msg': 'Input should be a valid datetime', 'input': None}
  {'type': 'datetime_type', 'loc': ('response', 297, 'timestamp'), 'msg': 'Input should be a valid datetime', 'input': None}
  {'type': 'datetime_type', 'loc': ('response', 298, 'timestamp'), 'msg': 'Input should be a valid datetime', 'input': None}
  {'type': 'datetime_type', 'loc': ('response', 299, 'timestamp'), 'msg': 'Input should be a valid datetime', 'input': None}
  {'type': 'datetime_type', 'loc': ('response', 300, 'timestamp'), 'msg': 'Input should be a valid datetime', 'input': None}
  {'type': 'datetime_type', 'loc': ('response', 301, 'timestamp'), 'msg': 'Input should be a valid datetime', 'input': None}
  {'type': 'datetime_type', 'loc': ('response', 302, 'timestamp'), 'msg': 'Input should be a valid datetime', 'input': None}
  {'type': 'datetime_type', 'loc': ('response', 303, 'timestamp'), 'msg': 'Input should be a valid datetime', 'input': None}
  {'type': 'datetime_type', 'loc': ('response', 304, 'timestamp'), 'msg': 'Input should be a valid datetime', 'input': None}
  {'type': 'datetime_type', 'loc': ('response', 305, 'timestamp'), 'msg': 'Input should be a valid datetime', 'input': None}
  {'type': 'datetime_type', 'loc': ('response', 306, 'timestamp'), 'msg': 'Input should be a valid datetime', 'input': None}
  {'type': 'datetime_type', 'loc': ('response', 307, 'timestamp'), 'msg': 'Input should be a valid datetime', 'input': None}
  {'type': 'datetime_type', 'loc': ('response', 308, 'timestamp'), 'msg': 'Input should be a valid datetime', 'input': None}
  {'type': 'datetime_type', 'loc': ('response', 309, 'timestamp'), 'msg': 'Input should be a valid datetime', 'input': None}
  {'type': 'datetime_type', 'loc': ('response', 310, 'timestamp'), 'msg': 'Input should be a valid datetime', 'input': None}
  {'type': 'datetime_type', 'loc': ('response', 311, 'timestamp'), 'msg': 'Input should be a valid datetime', 'input': None}
  {'type': 'datetime_type', 'loc': ('response', 312, 'timestamp'), 'msg': 'Input should be a valid datetime', 'input': None}
  {'type': 'datetime_type', 'loc': ('response', 313, 'timestamp'), 'msg': 'Input should be a valid datetime', 'input': None}
  {'type': 'datetime_type', 'loc': ('response', 314, 'timestamp'), 'msg': 'Input should be a valid datetime', 'input': None}
  {'type': 'datetime_type', 'loc': ('response', 315, 'timestamp'), 'msg': 'Input should be a valid datetime', 'input': None}
  {'type': 'datetime_type', 'loc': ('response', 316, 'timestamp'), 'msg': 'Input should be a valid datetime', 'input': None}
  {'type': 'datetime_type', 'loc': ('response', 317, 'timestamp'), 'msg': 'Input should be a valid datetime', 'input': None}
  {'type': 'datetime_type', 'loc': ('response', 318, 'timestamp'), 'msg': 'Input should be a valid datetime', 'input': None}
  {'type': 'datetime_type', 'loc': ('response', 319, 'timestamp'), 'msg': 'Input should be a valid datetime', 'input': None}
  {'type': 'datetime_type', 'loc': ('response', 320, 'timestamp'), 'msg': 'Input should be a valid datetime', 'input': None}
  {'type': 'datetime_type', 'loc': ('response', 321, 'timestamp'), 'msg': 'Input should be a valid datetime', 'input': None}
  {'type': 'datetime_type', 'loc': ('response', 322, 'timestamp'), 'msg': 'Input should be a valid datetime', 'input': None}
  {'type': 'datetime_type', 'loc': ('response', 323, 'timestamp'), 'msg': 'Input should be a valid datetime', 'input': None}
  {'type': 'datetime_type', 'loc': ('response', 324, 'timestamp'), 'msg': 'Input should be a valid datetime', 'input': None}
  {'type': 'datetime_type', 'loc': ('response', 325, 'timestamp'), 'msg': 'Input should be a valid datetime', 'input': None}
  {'type': 'datetime_type', 'loc': ('response', 326, 'timestamp'), 'msg': 'Input should be a valid datetime', 'input': None}
  {'type': 'datetime_type', 'loc': ('response', 327, 'timestamp'), 'msg': 'Input should be a valid datetime', 'input': None}
  {'type': 'datetime_type', 'loc': ('response', 328, 'timestamp'), 'msg': 'Input should be a valid datetime', 'input': None}
  {'type': 'datetime_type', 'loc': ('response', 329, 'timestamp'), 'msg': 'Input should be a valid datetime', 'input': None}
  {'type': 'datetime_type', 'loc': ('response', 330, 'timestamp'), 'msg': 'Input should be a valid datetime', 'input': None}
  {'type': 'datetime_type', 'loc': ('response', 331, 'timestamp'), 'msg': 'Input should be a valid datetime', 'input': None}
  {'type': 'datetime_type', 'loc': ('response', 332, 'timestamp'), 'msg': 'Input should be a valid datetime', 'input': None}
  {'type': 'datetime_type', 'loc': ('response', 333, 'timestamp'), 'msg': 'Input should be a valid datetime', 'input': None}
  {'type': 'datetime_type', 'loc': ('response', 334, 'timestamp'), 'msg': 'Input should be a valid datetime', 'input': None}
  {'type': 'datetime_type', 'loc': ('response', 335, 'timestamp'), 'msg': 'Input should be a valid datetime', 'input': None}
  {'type': 'datetime_type', 'loc': ('response', 336, 'timestamp'), 'msg': 'Input should be a valid datetime', 'input': None}
  {'type': 'datetime_type', 'loc': ('response', 337, 'timestamp'), 'msg': 'Input should be a valid datetime', 'input': None}
  {'type': 'datetime_type', 'loc': ('response', 338, 'timestamp'), 'msg': 'Input should be a valid datetime', 'input': None}
  {'type': 'datetime_type', 'loc': ('response', 339, 'timestamp'), 'msg': 'Input should be a valid datetime', 'input': None}
  {'type': 'datetime_type', 'loc': ('response', 340, 'timestamp'), 'msg': 'Input should be a valid datetime', 'input': None}
  {'type': 'datetime_type', 'loc': ('response', 341, 'timestamp'), 'msg': 'Input should be a valid datetime', 'input': None}
  {'type': 'datetime_type', 'loc': ('response', 342, 'timestamp'), 'msg': 'Input should be a valid datetime', 'input': None}
  {'type': 'datetime_type', 'loc': ('response', 343, 'timestamp'), 'msg': 'Input should be a valid datetime', 'input': None}
  {'type': 'datetime_type', 'loc': ('response', 344, 'timestamp'), 'msg': 'Input should be a valid datetime', 'input': None}
  {'type': 'datetime_type', 'loc': ('response', 345, 'timestamp'), 'msg': 'Input should be a valid datetime', 'input': None}
  {'type': 'datetime_type', 'loc': ('response', 346, 'timestamp'), 'msg': 'Input should be a valid datetime', 'input': None}
  {'type': 'datetime_type', 'loc': ('response', 347, 'timestamp'), 'msg': 'Input should be a valid datetime', 'input': None}
  {'type': 'datetime_type', 'loc': ('response', 348, 'timestamp'), 'msg': 'Input should be a valid datetime', 'input': None}
  {'type': 'datetime_type', 'loc': ('response', 349, 'timestamp'), 'msg': 'Input should be a valid datetime', 'input': None}
  {'type': 'datetime_type', 'loc': ('response', 350, 'timestamp'), 'msg': 'Input should be a valid datetime', 'input': None}
  {'type': 'datetime_type', 'loc': ('response', 351, 'timestamp'), 'msg': 'Input should be a valid datetime', 'input': None}
  {'type': 'datetime_type', 'loc': ('response', 352, 'timestamp'), 'msg': 'Input should be a valid datetime', 'input': None}
  {'type': 'datetime_type', 'loc': ('response', 353, 'timestamp'), 'msg': 'Input should be a valid datetime', 'input': None}
  {'type': 'datetime_type', 'loc': ('response', 354, 'timestamp'), 'msg': 'Input should be a valid datetime', 'input': None}
  {'type': 'datetime_type', 'loc': ('response', 355, 'timestamp'), 'msg': 'Input should be a valid datetime', 'input': None}
  {'type': 'datetime_type', 'loc': ('response', 356, 'timestamp'), 'msg': 'Input should be a valid datetime', 'input': None}
  {'type': 'datetime_type', 'loc': ('response', 357, 'timestamp'), 'msg': 'Input should be a valid datetime', 'input': None}
  {'type': 'datetime_type', 'loc': ('response', 358, 'timestamp'), 'msg': 'Input should be a valid datetime', 'input': None}
  {'type': 'datetime_type', 'loc': ('response', 359, 'timestamp'), 'msg': 'Input should be a valid datetime', 'input': None}
  {'type': 'datetime_type', 'loc': ('response', 360, 'timestamp'), 'msg': 'Input should be a valid datetime', 'input': None}
  {'type': 'datetime_type', 'loc': ('response', 361, 'timestamp'), 'msg': 'Input should be a valid datetime', 'input': None}
  {'type': 'datetime_type', 'loc': ('response', 362, 'timestamp'), 'msg': 'Input should be a valid datetime', 'input': None}
  {'type': 'datetime_type', 'loc': ('response', 363, 'timestamp'), 'msg': 'Input should be a valid datetime', 'input': None}
  {'type': 'datetime_type', 'loc': ('response', 364, 'timestamp'), 'msg': 'Input should be a valid datetime', 'input': None}
  {'type': 'datetime_type', 'loc': ('response', 365, 'timestamp'), 'msg': 'Input should be a valid datetime', 'input': None}
  {'type': 'datetime_type', 'loc': ('response', 366, 'timestamp'), 'msg': 'Input should be a valid datetime', 'input': None}
  {'type': 'datetime_type', 'loc': ('response', 367, 'timestamp'), 'msg': 'Input should be a valid datetime', 'input': None}
  {'type': 'datetime_type', 'loc': ('response', 368, 'timestamp'), 'msg': 'Input should be a valid datetime', 'input': None}
  {'type': 'datetime_type', 'loc': ('response', 369, 'timestamp'), 'msg': 'Input should be a valid datetime', 'input': None}
  {'type': 'datetime_type', 'loc': ('response', 370, 'timestamp'), 'msg': 'Input should be a valid datetime', 'input': None}
  {'type': 'datetime_type', 'loc': ('response', 371, 'timestamp'), 'msg': 'Input should be a valid datetime', 'input': None}
  {'type': 'datetime_type', 'loc': ('response', 372, 'timestamp'), 'msg': 'Input should be a valid datetime', 'input': None}
  {'type': 'datetime_type', 'loc': ('response', 373, 'timestamp'), 'msg': 'Input should be a valid datetime', 'input': None}
  {'type': 'datetime_type', 'loc': ('response', 374, 'timestamp'), 'msg': 'Input should be a valid datetime', 'input': None}
  {'type': 'datetime_type', 'loc': ('response', 375, 'timestamp'), 'msg': 'Input should be a valid datetime', 'input': None}
  {'type': 'datetime_type', 'loc': ('response', 376, 'timestamp'), 'msg': 'Input should be a valid datetime', 'input': None}
  {'type': 'datetime_type', 'loc': ('response', 377, 'timestamp'), 'msg': 'Input should be a valid datetime', 'input': None}
  {'type': 'datetime_type', 'loc': ('response', 378, 'timestamp'), 'msg': 'Input should be a valid datetime', 'input': None}
  {'type': 'datetime_type', 'loc': ('response', 379, 'timestamp'), 'msg': 'Input should be a valid datetime', 'input': None}
  {'type': 'datetime_type', 'loc': ('response', 380, 'timestamp'), 'msg': 'Input should be a valid datetime', 'input': None}
  {'type': 'datetime_type', 'loc': ('response', 381, 'timestamp'), 'msg': 'Input should be a valid datetime', 'input': None}
  {'type': 'datetime_type', 'loc': ('response', 382, 'timestamp'), 'msg': 'Input should be a valid datetime', 'input': None}
  {'type': 'datetime_type', 'loc': ('response', 383, 'timestamp'), 'msg': 'Input should be a valid datetime', 'input': None}
  {'type': 'datetime_type', 'loc': ('response', 384, 'timestamp'), 'msg': 'Input should be a valid datetime', 'input': None}
  {'type': 'datetime_type', 'loc': ('response', 385, 'timestamp'), 'msg': 'Input should be a valid datetime', 'input': None}
  {'type': 'datetime_type', 'loc': ('response', 386, 'timestamp'), 'msg': 'Input should be a valid datetime', 'input': None}
  {'type': 'datetime_type', 'loc': ('response', 387, 'timestamp'), 'msg': 'Input should be a valid datetime', 'input': None}
  {'type': 'datetime_type', 'loc': ('response', 388, 'timestamp'), 'msg': 'Input should be a valid datetime', 'input': None}
  {'type': 'datetime_type', 'loc': ('response', 389, 'timestamp'), 'msg': 'Input should be a valid datetime', 'input': None}
  {'type': 'datetime_type', 'loc': ('response', 390, 'timestamp'), 'msg': 'Input should be a valid datetime', 'input': None}
  {'type': 'datetime_type', 'loc': ('response', 391, 'timestamp'), 'msg': 'Input should be a valid datetime', 'input': None}
  {'type': 'datetime_type', 'loc': ('response', 392, 'timestamp'), 'msg': 'Input should be a valid datetime', 'input': None}
  {'type': 'datetime_type', 'loc': ('response', 393, 'timestamp'), 'msg': 'Input should be a valid datetime', 'input': None}
  {'type': 'datetime_type', 'loc': ('response', 394, 'timestamp'), 'msg': 'Input should be a valid datetime', 'input': None}
  {'type': 'datetime_type', 'loc': ('response', 395, 'timestamp'), 'msg': 'Input should be a valid datetime', 'input': None}
  {'type': 'datetime_type', 'loc': ('response', 396, 'timestamp'), 'msg': 'Input should be a valid datetime', 'input': None}
  {'type': 'datetime_type', 'loc': ('response', 397, 'timestamp'), 'msg': 'Input should be a valid datetime', 'input': None}
  {'type': 'datetime_type', 'loc': ('response', 398, 'timestamp'), 'msg': 'Input should be a valid datetime', 'input': None}
  {'type': 'datetime_type', 'loc': ('response', 399, 'timestamp'), 'msg': 'Input should be a valid datetime', 'input': None}
  {'type': 'datetime_type', 'loc': ('response', 400, 'timestamp'), 'msg': 'Input should be a valid datetime', 'input': None}
  {'type': 'datetime_type', 'loc': ('response', 401, 'timestamp'), 'msg': 'Input should be a valid datetime', 'input': None}
  {'type': 'datetime_type', 'loc': ('response', 402, 'timestamp'), 'msg': 'Input should be a valid datetime', 'input': None}
  {'type': 'datetime_type', 'loc': ('response', 403, 'timestamp'), 'msg': 'Input should be a valid datetime', 'input': None}
  {'type': 'datetime_type', 'loc': ('response', 404, 'timestamp'), 'msg': 'Input should be a valid datetime', 'input': None}
  {'type': 'datetime_type', 'loc': ('response', 405, 'timestamp'), 'msg': 'Input should be a valid datetime', 'input': None}
  {'type': 'datetime_type', 'loc': ('response', 406, 'timestamp'), 'msg': 'Input should be a valid datetime', 'input': None}
  {'type': 'datetime_type', 'loc': ('response', 407, 'timestamp'), 'msg': 'Input should be a valid datetime', 'input': None}
  {'type': 'datetime_type', 'loc': ('response', 408, 'timestamp'), 'msg': 'Input should be a valid datetime', 'input': None}

  File "E:\medcare-ai\app\api\routes_recommendations.py", line 20, in get_recommendations
    GET /api/recommendations
2026-08-12 21:21:29,589 [INFO] medcare: Endpoint /api/recommendations served in 0.1803s
2026-08-12 21:21:31,251 [INFO] medcare: Endpoint /api/inventory/expiry-risks served in 1.5048s
2026-08-12 21:21:32,653 [INFO] medcare: Endpoint /api/inventory/expiry-risks served in 1.3989s
2026-08-12 21:23:32,376 [INFO] numexpr.utils: NumExpr defaulting to 16 threads.
2026-08-12 21:23:35,896 [INFO] medcare: Initializing baseline forecasting and replenishment plans for 2026-08-12...
2026-08-12 21:23:35,940 [INFO] medcare: Forecasting models loaded successfully from disk.
2026-08-12 21:23:35,941 [INFO] medcare: Generating forecasts for target_date=2026-08-12...
2026-08-12 21:23:38,735 [INFO] medcare: Engineering forecasting features...
2026-08-12 21:23:46,414 [INFO] medcare: Feature matrix built: 5760 rows, 32 columns
2026-08-12 21:23:57,362 [INFO] medcare: Saved 960 forecasts to database.
2026-08-12 21:23:57,431 [INFO] medcare: Generating action recommendations for date 2026-08-12...
2026-08-12 21:23:57,499 [INFO] medcare: Generating inter-DC transfer recommendations for date 2026-08-12...
2026-08-12 21:24:20,712 [INFO] medcare: Generated and stored 409 action recommendations in database.
2026-08-12 21:24:20,714 [INFO] medcare: System initialization complete.
2026-08-12 21:24:26,310 [INFO] numexpr.utils: NumExpr defaulting to 16 threads.
2026-08-12 21:24:39,711 [INFO] medcare: Endpoint / served in 0.1365s
2026-08-12 21:24:39,752 [INFO] medcare: Endpoint /static/style.css served in 0.0057s
2026-08-12 21:24:39,757 [INFO] medcare: Endpoint /static/app.js served in 0.0087s
2026-08-12 21:24:40,043 [INFO] medcare: Endpoint /api/dashboard/distribution-centers served in 0.2190s
2026-08-12 21:24:40,050 [INFO] medcare: Endpoint /api/dashboard/skus served in 0.2298s
2026-08-12 21:24:41,172 [INFO] medcare: Endpoint /api/dashboard/summary served in 1.1140s
2026-08-12 21:24:47,774 [INFO] medcare: Endpoint /api/inventory/status served in 6.5966s
2026-08-12 21:24:47,850 [INFO] medcare: Endpoint /api/recommendations served in 0.0673s
2026-08-12 21:24:49,017 [INFO] medcare: Endpoint /api/inventory/expiry-risks served in 1.1577s
2026-08-12 21:24:57,351 [INFO] medcare: Endpoint /api/forecast/historical-comparison served in 0.0533s
2026-08-12 21:25:05,604 [INFO] medcare: Endpoint /api/inventory/status served in 7.0358s
2026-08-12 21:32:38,059 [INFO] medcare: Endpoint / served in 0.0024s
2026-08-12 21:32:38,117 [INFO] medcare: Endpoint /static/style.css served in 0.0033s
2026-08-12 21:32:38,119 [INFO] medcare: Endpoint /static/app.js served in 0.0050s
2026-08-12 21:32:38,189 [INFO] medcare: Endpoint /api/dashboard/distribution-centers served in 0.0048s
2026-08-12 21:32:38,192 [INFO] medcare: Endpoint /api/dashboard/skus served in 0.0093s
2026-08-12 21:32:39,228 [INFO] medcare: Endpoint /api/dashboard/summary served in 1.0300s
2026-08-12 21:32:45,711 [INFO] medcare: Endpoint /api/inventory/status served in 6.4768s
2026-08-12 21:32:45,742 [INFO] medcare: Endpoint /api/recommendations served in 0.0249s
2026-08-12 21:32:46,862 [INFO] medcare: Endpoint /api/inventory/expiry-risks served in 1.1077s
2026-08-12 21:32:52,486 [INFO] medcare: Endpoint /api/dashboard/summary served in 1.0394s
2026-08-12 21:32:58,893 [INFO] medcare: Endpoint /api/inventory/status served in 6.4007s
2026-08-12 21:32:58,920 [INFO] medcare: Endpoint /api/recommendations served in 0.0200s
2026-08-12 21:32:59,989 [INFO] medcare: Endpoint /api/inventory/expiry-risks served in 1.0605s
2026-08-12 21:33:17,915 [INFO] medcare: Endpoint /api/dashboard/summary served in 1.0809s
2026-08-12 21:33:24,246 [INFO] medcare: Endpoint /api/inventory/status served in 6.3253s
2026-08-12 21:33:24,270 [INFO] medcare: Endpoint /api/recommendations served in 0.0201s
2026-08-12 21:33:25,332 [INFO] medcare: Endpoint /api/inventory/expiry-risks served in 1.0546s
2026-08-12 21:36:46,848 [INFO] medcare: Endpoint / served in 0.0022s
2026-08-12 21:36:46,893 [INFO] medcare: Endpoint /static/style.css served in 0.0043s
2026-08-12 21:36:46,896 [INFO] medcare: Endpoint /static/app.js served in 0.0054s
2026-08-12 21:36:46,934 [INFO] medcare: Endpoint /api/dashboard/distribution-centers served in 0.0102s
2026-08-12 21:36:46,938 [INFO] medcare: Endpoint /api/dashboard/skus served in 0.0174s
2026-08-12 21:36:48,051 [INFO] medcare: Endpoint /api/dashboard/summary served in 1.0984s
2026-08-12 21:36:54,429 [INFO] medcare: Endpoint /api/inventory/status served in 6.3718s
2026-08-12 21:36:54,460 [INFO] medcare: Endpoint /api/recommendations served in 0.0218s
2026-08-12 21:36:55,516 [INFO] medcare: Endpoint /api/inventory/expiry-risks served in 1.0452s
2026-08-12 21:37:01,540 [INFO] medcare: Endpoint /api/dashboard/summary served in 1.1390s
2026-08-12 21:37:08,203 [INFO] medcare: Endpoint /api/inventory/status served in 6.6547s
2026-08-12 21:37:08,229 [INFO] medcare: Endpoint /api/recommendations served in 0.0196s
2026-08-12 21:37:09,291 [INFO] medcare: Endpoint /api/inventory/expiry-risks served in 1.0552s
2026-08-13 07:38:11,732 [INFO] numexpr.utils: NumExpr defaulting to 16 threads.
2026-08-13 07:38:18,679 [INFO] medcare: Initializing baseline forecasting and replenishment plans for 2026-08-12...
2026-08-13 07:38:18,819 [INFO] medcare: Forecasting models loaded successfully from disk.
2026-08-13 07:38:18,820 [INFO] medcare: Generating forecasts for target_date=2026-08-12...
2026-08-13 07:38:20,111 [INFO] medcare: Engineering forecasting features...
2026-08-13 07:38:23,460 [INFO] medcare: Feature matrix built: 5760 rows, 32 columns
2026-08-13 07:38:32,348 [INFO] medcare: Saved 960 forecasts to database.
2026-08-13 07:38:32,387 [INFO] medcare: Generating action recommendations for date 2026-08-12...
2026-08-13 07:38:32,401 [INFO] medcare: Generating inter-DC transfer recommendations for date 2026-08-12...
2026-08-13 07:38:48,585 [INFO] medcare: Generated and stored 409 action recommendations in database.
2026-08-13 07:38:48,589 [INFO] medcare: System initialization complete.
2026-08-13 07:39:02,174 [INFO] numexpr.utils: NumExpr defaulting to 16 threads.
2026-08-13 07:39:40,076 [INFO] medcare: Endpoint / served in 0.2241s
2026-08-13 07:39:40,480 [INFO] medcare: Endpoint /static/app.js served in 0.0050s
2026-08-13 07:39:40,483 [INFO] medcare: Endpoint /static/style.css served in 0.0076s
2026-08-13 07:39:40,792 [INFO] medcare: Endpoint /favicon.ico served in 0.0021s
2026-08-13 07:39:40,807 [INFO] medcare: Endpoint /api/dashboard/distribution-centers served in 0.2705s
2026-08-13 07:39:40,810 [INFO] medcare: Endpoint /api/dashboard/skus served in 0.2736s
2026-08-13 07:39:41,952 [INFO] medcare: Endpoint /api/dashboard/summary served in 1.1279s
2026-08-13 07:39:48,139 [INFO] medcare: Endpoint /api/inventory/status served in 6.1773s
2026-08-13 07:39:48,221 [INFO] medcare: Endpoint /api/recommendations served in 0.0764s
2026-08-13 07:39:49,439 [INFO] medcare: Endpoint /api/inventory/expiry-risks served in 1.2123s
2026-08-13 07:39:59,497 [INFO] medcare: Endpoint /api/forecast/historical-comparison served in 0.0430s
2026-08-13 07:40:04,069 [INFO] medcare: Endpoint /api/forecast/historical-comparison served in 0.0211s
2026-08-13 07:40:07,454 [INFO] medcare: Endpoint /api/forecast/historical-comparison served in 0.0106s
2026-08-13 07:40:12,084 [INFO] medcare: Endpoint /api/forecast/historical-comparison served in 0.0109s
2026-08-13 07:40:14,547 [INFO] medcare: Endpoint /api/forecast/historical-comparison served in 0.0097s
2026-08-13 07:40:22,801 [INFO] medcare: Endpoint /api/inventory/status served in 6.0710s
2026-08-13 07:40:35,124 [INFO] medcare: Endpoint /api/inventory/expiry-risks served in 1.6624s
2026-08-13 07:40:46,799 [INFO] medcare: Endpoint /api/recommendations served in 0.0180s
2026-08-13 07:40:56,956 [INFO] medcare: Endpoint /api/recommendations served in 0.0182s
2026-08-13 07:40:58,929 [INFO] medcare: Endpoint /api/recommendations/transfers served in 0.0087s
2026-08-13 07:41:01,405 [INFO] medcare: Endpoint /api/recommendations served in 0.0211s
2026-08-13 07:41:17,262 [INFO] medcare: Endpoint /api/dashboard/model-metrics served in 0.0069s
2026-08-13 07:41:25,669 [INFO] medcare: Endpoint /api/dashboard/skus served in 0.0070s
2026-08-13 07:41:42,741 [INFO] medcare: Generating action recommendations for date 2026-08-12...
2026-08-13 07:41:42,800 [INFO] medcare: Generating inter-DC transfer recommendations for date 2026-08-12...
2026-08-13 07:41:52,670 [INFO] medcare: Endpoint /api/dashboard/summary served in 1.9824s
2026-08-13 07:42:03,122 [INFO] medcare: Endpoint /api/inventory/status served in 10.4464s
2026-08-13 07:42:03,134 [INFO] medcare: Generating action recommendations for date 2026-08-12...
2026-08-13 07:42:03,158 [INFO] medcare: Generating inter-DC transfer recommendations for date 2026-08-12...
2026-08-13 07:42:16,218 [INFO] medcare: Generated and stored 409 action recommendations in database.
2026-08-13 07:42:16,251 [INFO] medcare: Endpoint /api/recommendations served in 33.5122s
2026-08-13 07:42:18,009 [INFO] medcare: Endpoint /api/dashboard/summary served in 1.7437s
2026-08-13 07:42:29,379 [INFO] medcare: Endpoint /api/inventory/status served in 11.3629s
2026-08-13 07:42:37,488 [INFO] medcare: Generated and stored 409 action recommendations in database.
2026-08-13 07:42:37,507 [ERROR] medcare: Global exception caught on path /api/recommendations: 409 validation errors:
  {'type': 'datetime_type', 'loc': ('response', 0, 'timestamp'), 'msg': 'Input should be a valid datetime', 'input': None}
  {'type': 'datetime_type', 'loc': ('response', 1, 'timestamp'), 'msg': 'Input should be a valid datetime', 'input': None}
  {'type': 'datetime_type', 'loc': ('response', 2, 'timestamp'), 'msg': 'Input should be a valid datetime', 'input': None}
  {'type': 'datetime_type', 'loc': ('response', 3, 'timestamp'), 'msg': 'Input should be a valid datetime', 'input': None}
  {'type': 'datetime_type', 'loc': ('response', 4, 'timestamp'), 'msg': 'Input should be a valid datetime', 'input': None}
  {'type': 'datetime_type', 'loc': ('response', 5, 'timestamp'), 'msg': 'Input should be a valid datetime', 'input': None}
  {'type': 'datetime_type', 'loc': ('response', 6, 'timestamp'), 'msg': 'Input should be a valid datetime', 'input': None}
  {'type': 'datetime_type', 'loc': ('response', 7, 'timestamp'), 'msg': 'Input should be a valid datetime', 'input': None}
  {'type': 'datetime_type', 'loc': ('response', 8, 'timestamp'), 'msg': 'Input should be a valid datetime', 'input': None}
  {'type': 'datetime_type', 'loc': ('response', 9, 'timestamp'), 'msg': 'Input should be a valid datetime', 'input': None}
  {'type': 'datetime_type', 'loc': ('response', 10, 'timestamp'), 'msg': 'Input should be a valid datetime', 'input': None}
  {'type': 'datetime_type', 'loc': ('response', 11, 'timestamp'), 'msg': 'Input should be a valid datetime', 'input': None}
  {'type': 'datetime_type', 'loc': ('response', 12, 'timestamp'), 'msg': 'Input should be a valid datetime', 'input': None}
  {'type': 'datetime_type', 'loc': ('response', 13, 'timestamp'), 'msg': 'Input should be a valid datetime', 'input': None}
  {'type': 'datetime_type', 'loc': ('response', 14, 'timestamp'), 'msg': 'Input should be a valid datetime', 'input': None}
  {'type': 'datetime_type', 'loc': ('response', 15, 'timestamp'), 'msg': 'Input should be a valid datetime', 'input': None}
  {'type': 'datetime_type', 'loc': ('response', 16, 'timestamp'), 'msg': 'Input should be a valid datetime', 'input': None}
  {'type': 'datetime_type', 'loc': ('response', 17, 'timestamp'), 'msg': 'Input should be a valid datetime', 'input': None}
  {'type': 'datetime_type', 'loc': ('response', 18, 'timestamp'), 'msg': 'Input should be a valid datetime', 'input': None}
  {'type': 'datetime_type', 'loc': ('response', 19, 'timestamp'), 'msg': 'Input should be a valid datetime', 'input': None}
  {'type': 'datetime_type', 'loc': ('response', 20, 'timestamp'), 'msg': 'Input should be a valid datetime', 'input': None}
  {'type': 'datetime_type', 'loc': ('response', 21, 'timestamp'), 'msg': 'Input should be a valid datetime', 'input': None}
  {'type': 'datetime_type', 'loc': ('response', 22, 'timestamp'), 'msg': 'Input should be a valid datetime', 'input': None}
  {'type': 'datetime_type', 'loc': ('response', 23, 'timestamp'), 'msg': 'Input should be a valid datetime', 'input': None}
  {'type': 'datetime_type', 'loc': ('response', 24, 'timestamp'), 'msg': 'Input should be a valid datetime', 'input': None}
  {'type': 'datetime_type', 'loc': ('response', 25, 'timestamp'), 'msg': 'Input should be a valid datetime', 'input': None}
  {'type': 'datetime_type', 'loc': ('response', 26, 'timestamp'), 'msg': 'Input should be a valid datetime', 'input': None}
  {'type': 'datetime_type', 'loc': ('response', 27, 'timestamp'), 'msg': 'Input should be a valid datetime', 'input': None}
  {'type': 'datetime_type', 'loc': ('response', 28, 'timestamp'), 'msg': 'Input should be a valid datetime', 'input': None}
  {'type': 'datetime_type', 'loc': ('response', 29, 'timestamp'), 'msg': 'Input should be a valid datetime', 'input': None}
  {'type': 'datetime_type', 'loc': ('response', 30, 'timestamp'), 'msg': 'Input should be a valid datetime', 'input': None}
  {'type': 'datetime_type', 'loc': ('response', 31, 'timestamp'), 'msg': 'Input should be a valid datetime', 'input': None}
  {'type': 'datetime_type', 'loc': ('response', 32, 'timestamp'), 'msg': 'Input should be a valid datetime', 'input': None}
  {'type': 'datetime_type', 'loc': ('response', 33, 'timestamp'), 'msg': 'Input should be a valid datetime', 'input': None}
  {'type': 'datetime_type', 'loc': ('response', 34, 'timestamp'), 'msg': 'Input should be a valid datetime', 'input': None}
  {'type': 'datetime_type', 'loc': ('response', 35, 'timestamp'), 'msg': 'Input should be a valid datetime', 'input': None}
  {'type': 'datetime_type', 'loc': ('response', 36, 'timestamp'), 'msg': 'Input should be a valid datetime', 'input': None}
  {'type': 'datetime_type', 'loc': ('response', 37, 'timestamp'), 'msg': 'Input should be a valid datetime', 'input': None}
  {'type': 'datetime_type', 'loc': ('response', 38, 'timestamp'), 'msg': 'Input should be a valid datetime', 'input': None}
  {'type': 'datetime_type', 'loc': ('response', 39, 'timestamp'), 'msg': 'Input should be a valid datetime', 'input': None}
  {'type': 'datetime_type', 'loc': ('response', 40, 'timestamp'), 'msg': 'Input should be a valid datetime', 'input': None}
  {'type': 'datetime_type', 'loc': ('response', 41, 'timestamp'), 'msg': 'Input should be a valid datetime', 'input': None}
  {'type': 'datetime_type', 'loc': ('response', 42, 'timestamp'), 'msg': 'Input should be a valid datetime', 'input': None}
  {'type': 'datetime_type', 'loc': ('response', 43, 'timestamp'), 'msg': 'Input should be a valid datetime', 'input': None}
  {'type': 'datetime_type', 'loc': ('response', 44, 'timestamp'), 'msg': 'Input should be a valid datetime', 'input': None}
  {'type': 'datetime_type', 'loc': ('response', 45, 'timestamp'), 'msg': 'Input should be a valid datetime', 'input': None}
  {'type': 'datetime_type', 'loc': ('response', 46, 'timestamp'), 'msg': 'Input should be a valid datetime', 'input': None}
  {'type': 'datetime_type', 'loc': ('response', 47, 'timestamp'), 'msg': 'Input should be a valid datetime', 'input': None}
  {'type': 'datetime_type', 'loc': ('response', 48, 'timestamp'), 'msg': 'Input should be a valid datetime', 'input': None}
  {'type': 'datetime_type', 'loc': ('response', 49, 'timestamp'), 'msg': 'Input should be a valid datetime', 'input': None}
  {'type': 'datetime_type', 'loc': ('response', 50, 'timestamp'), 'msg': 'Input should be a valid datetime', 'input': None}
  {'type': 'datetime_type', 'loc': ('response', 51, 'timestamp'), 'msg': 'Input should be a valid datetime', 'input': None}
  {'type': 'datetime_type', 'loc': ('response', 52, 'timestamp'), 'msg': 'Input should be a valid datetime', 'input': None}
  {'type': 'datetime_type', 'loc': ('response', 53, 'timestamp'), 'msg': 'Input should be a valid datetime', 'input': None}
  {'type': 'datetime_type', 'loc': ('response', 54, 'timestamp'), 'msg': 'Input should be a valid datetime', 'input': None}
  {'type': 'datetime_type', 'loc': ('response', 55, 'timestamp'), 'msg': 'Input should be a valid datetime', 'input': None}
  {'type': 'datetime_type', 'loc': ('response', 56, 'timestamp'), 'msg': 'Input should be a valid datetime', 'input': None}
  {'type': 'datetime_type', 'loc': ('response', 57, 'timestamp'), 'msg': 'Input should be a valid datetime', 'input': None}
  {'type': 'datetime_type', 'loc': ('response', 58, 'timestamp'), 'msg': 'Input should be a valid datetime', 'input': None}
  {'type': 'datetime_type', 'loc': ('response', 59, 'timestamp'), 'msg': 'Input should be a valid datetime', 'input': None}
  {'type': 'datetime_type', 'loc': ('response', 60, 'timestamp'), 'msg': 'Input should be a valid datetime', 'input': None}
  {'type': 'datetime_type', 'loc': ('response', 61, 'timestamp'), 'msg': 'Input should be a valid datetime', 'input': None}
  {'type': 'datetime_type', 'loc': ('response', 62, 'timestamp'), 'msg': 'Input should be a valid datetime', 'input': None}
  {'type': 'datetime_type', 'loc': ('response', 63, 'timestamp'), 'msg': 'Input should be a valid datetime', 'input': None}
  {'type': 'datetime_type', 'loc': ('response', 64, 'timestamp'), 'msg': 'Input should be a valid datetime', 'input': None}
  {'type': 'datetime_type', 'loc': ('response', 65, 'timestamp'), 'msg': 'Input should be a valid datetime', 'input': None}
  {'type': 'datetime_type', 'loc': ('response', 66, 'timestamp'), 'msg': 'Input should be a valid datetime', 'input': None}
  {'type': 'datetime_type', 'loc': ('response', 67, 'timestamp'), 'msg': 'Input should be a valid datetime', 'input': None}
  {'type': 'datetime_type', 'loc': ('response', 68, 'timestamp'), 'msg': 'Input should be a valid datetime', 'input': None}
  {'type': 'datetime_type', 'loc': ('response', 69, 'timestamp'), 'msg': 'Input should be a valid datetime', 'input': None}
  {'type': 'datetime_type', 'loc': ('response', 70, 'timestamp'), 'msg': 'Input should be a valid datetime', 'input': None}
  {'type': 'datetime_type', 'loc': ('response', 71, 'timestamp'), 'msg': 'Input should be a valid datetime', 'input': None}
  {'type': 'datetime_type', 'loc': ('response', 72, 'timestamp'), 'msg': 'Input should be a valid datetime', 'input': None}
  {'type': 'datetime_type', 'loc': ('response', 73, 'timestamp'), 'msg': 'Input should be a valid datetime', 'input': None}
  {'type': 'datetime_type', 'loc': ('response', 74, 'timestamp'), 'msg': 'Input should be a valid datetime', 'input': None}
  {'type': 'datetime_type', 'loc': ('response', 75, 'timestamp'), 'msg': 'Input should be a valid datetime', 'input': None}
  {'type': 'datetime_type', 'loc': ('response', 76, 'timestamp'), 'msg': 'Input should be a valid datetime', 'input': None}
  {'type': 'datetime_type', 'loc': ('response', 77, 'timestamp'), 'msg': 'Input should be a valid datetime', 'input': None}
  {'type': 'datetime_type', 'loc': ('response', 78, 'timestamp'), 'msg': 'Input should be a valid datetime', 'input': None}
  {'type': 'datetime_type', 'loc': ('response', 79, 'timestamp'), 'msg': 'Input should be a valid datetime', 'input': None}
  {'type': 'datetime_type', 'loc': ('response', 80, 'timestamp'), 'msg': 'Input should be a valid datetime', 'input': None}
  {'type': 'datetime_type', 'loc': ('response', 81, 'timestamp'), 'msg': 'Input should be a valid datetime', 'input': None}
  {'type': 'datetime_type', 'loc': ('response', 82, 'timestamp'), 'msg': 'Input should be a valid datetime', 'input': None}
  {'type': 'datetime_type', 'loc': ('response', 83, 'timestamp'), 'msg': 'Input should be a valid datetime', 'input': None}
  {'type': 'datetime_type', 'loc': ('response', 84, 'timestamp'), 'msg': 'Input should be a valid datetime', 'input': None}
  {'type': 'datetime_type', 'loc': ('response', 85, 'timestamp'), 'msg': 'Input should be a valid datetime', 'input': None}
  {'type': 'datetime_type', 'loc': ('response', 86, 'timestamp'), 'msg': 'Input should be a valid datetime', 'input': None}
  {'type': 'datetime_type', 'loc': ('response', 87, 'timestamp'), 'msg': 'Input should be a valid datetime', 'input': None}
  {'type': 'datetime_type', 'loc': ('response', 88, 'timestamp'), 'msg': 'Input should be a valid datetime', 'input': None}
  {'type': 'datetime_type', 'loc': ('response', 89, 'timestamp'), 'msg': 'Input should be a valid datetime', 'input': None}
  {'type': 'datetime_type', 'loc': ('response', 90, 'timestamp'), 'msg': 'Input should be a valid datetime', 'input': None}
  {'type': 'datetime_type', 'loc': ('response', 91, 'timestamp'), 'msg': 'Input should be a valid datetime', 'input': None}
  {'type': 'datetime_type', 'loc': ('response', 92, 'timestamp'), 'msg': 'Input should be a valid datetime', 'input': None}
  {'type': 'datetime_type', 'loc': ('response', 93, 'timestamp'), 'msg': 'Input should be a valid datetime', 'input': None}
  {'type': 'datetime_type', 'loc': ('response', 94, 'timestamp'), 'msg': 'Input should be a valid datetime', 'input': None}
  {'type': 'datetime_type', 'loc': ('response', 95, 'timestamp'), 'msg': 'Input should be a valid datetime', 'input': None}
  {'type': 'datetime_type', 'loc': ('response', 96, 'timestamp'), 'msg': 'Input should be a valid datetime', 'input': None}
  {'type': 'datetime_type', 'loc': ('response', 97, 'timestamp'), 'msg': 'Input should be a valid datetime', 'input': None}
  {'type': 'datetime_type', 'loc': ('response', 98, 'timestamp'), 'msg': 'Input should be a valid datetime', 'input': None}
  {'type': 'datetime_type', 'loc': ('response', 99, 'timestamp'), 'msg': 'Input should be a valid datetime', 'input': None}
  {'type': 'datetime_type', 'loc': ('response', 100, 'timestamp'), 'msg': 'Input should be a valid datetime', 'input': None}
  {'type': 'datetime_type', 'loc': ('response', 101, 'timestamp'), 'msg': 'Input should be a valid datetime', 'input': None}
  {'type': 'datetime_type', 'loc': ('response', 102, 'timestamp'), 'msg': 'Input should be a valid datetime', 'input': None}
  {'type': 'datetime_type', 'loc': ('response', 103, 'timestamp'), 'msg': 'Input should be a valid datetime', 'input': None}
  {'type': 'datetime_type', 'loc': ('response', 104, 'timestamp'), 'msg': 'Input should be a valid datetime', 'input': None}
  {'type': 'datetime_type', 'loc': ('response', 105, 'timestamp'), 'msg': 'Input should be a valid datetime', 'input': None}
  {'type': 'datetime_type', 'loc': ('response', 106, 'timestamp'), 'msg': 'Input should be a valid datetime', 'input': None}
  {'type': 'datetime_type', 'loc': ('response', 107, 'timestamp'), 'msg': 'Input should be a valid datetime', 'input': None}
  {'type': 'datetime_type', 'loc': ('response', 108, 'timestamp'), 'msg': 'Input should be a valid datetime', 'input': None}
  {'type': 'datetime_type', 'loc': ('response', 109, 'timestamp'), 'msg': 'Input should be a valid datetime', 'input': None}
  {'type': 'datetime_type', 'loc': ('response', 110, 'timestamp'), 'msg': 'Input should be a valid datetime', 'input': None}
  {'type': 'datetime_type', 'loc': ('response', 111, 'timestamp'), 'msg': 'Input should be a valid datetime', 'input': None}
  {'type': 'datetime_type', 'loc': ('response', 112, 'timestamp'), 'msg': 'Input should be a valid datetime', 'input': None}
  {'type': 'datetime_type', 'loc': ('response', 113, 'timestamp'), 'msg': 'Input should be a valid datetime', 'input': None}
  {'type': 'datetime_type', 'loc': ('response', 114, 'timestamp'), 'msg': 'Input should be a valid datetime', 'input': None}
  {'type': 'datetime_type', 'loc': ('response', 115, 'timestamp'), 'msg': 'Input should be a valid datetime', 'input': None}
  {'type': 'datetime_type', 'loc': ('response', 116, 'timestamp'), 'msg': 'Input should be a valid datetime', 'input': None}
  {'type': 'datetime_type', 'loc': ('response', 117, 'timestamp'), 'msg': 'Input should be a valid datetime', 'input': None}
  {'type': 'datetime_type', 'loc': ('response', 118, 'timestamp'), 'msg': 'Input should be a valid datetime', 'input': None}
  {'type': 'datetime_type', 'loc': ('response', 119, 'timestamp'), 'msg': 'Input should be a valid datetime', 'input': None}
  {'type': 'datetime_type', 'loc': ('response', 120, 'timestamp'), 'msg': 'Input should be a valid datetime', 'input': None}
  {'type': 'datetime_type', 'loc': ('response', 121, 'timestamp'), 'msg': 'Input should be a valid datetime', 'input': None}
  {'type': 'datetime_type', 'loc': ('response', 122, 'timestamp'), 'msg': 'Input should be a valid datetime', 'input': None}
  {'type': 'datetime_type', 'loc': ('response', 123, 'timestamp'), 'msg': 'Input should be a valid datetime', 'input': None}
  {'type': 'datetime_type', 'loc': ('response', 124, 'timestamp'), 'msg': 'Input should be a valid datetime', 'input': None}
  {'type': 'datetime_type', 'loc': ('response', 125, 'timestamp'), 'msg': 'Input should be a valid datetime', 'input': None}
  {'type': 'datetime_type', 'loc': ('response', 126, 'timestamp'), 'msg': 'Input should be a valid datetime', 'input': None}
  {'type': 'datetime_type', 'loc': ('response', 127, 'timestamp'), 'msg': 'Input should be a valid datetime', 'input': None}
  {'type': 'datetime_type', 'loc': ('response', 128, 'timestamp'), 'msg': 'Input should be a valid datetime', 'input': None}
  {'type': 'datetime_type', 'loc': ('response', 129, 'timestamp'), 'msg': 'Input should be a valid datetime', 'input': None}
  {'type': 'datetime_type', 'loc': ('response', 130, 'timestamp'), 'msg': 'Input should be a valid datetime', 'input': None}
  {'type': 'datetime_type', 'loc': ('response', 131, 'timestamp'), 'msg': 'Input should be a valid datetime', 'input': None}
  {'type': 'datetime_type', 'loc': ('response', 132, 'timestamp'), 'msg': 'Input should be a valid datetime', 'input': None}
  {'type': 'datetime_type', 'loc': ('response', 133, 'timestamp'), 'msg': 'Input should be a valid datetime', 'input': None}
  {'type': 'datetime_type', 'loc': ('response', 134, 'timestamp'), 'msg': 'Input should be a valid datetime', 'input': None}
  {'type': 'datetime_type', 'loc': ('response', 135, 'timestamp'), 'msg': 'Input should be a valid datetime', 'input': None}
  {'type': 'datetime_type', 'loc': ('response', 136, 'timestamp'), 'msg': 'Input should be a valid datetime', 'input': None}
  {'type': 'datetime_type', 'loc': ('response', 137, 'timestamp'), 'msg': 'Input should be a valid datetime', 'input': None}
  {'type': 'datetime_type', 'loc': ('response', 138, 'timestamp'), 'msg': 'Input should be a valid datetime', 'input': None}
  {'type': 'datetime_type', 'loc': ('response', 139, 'timestamp'), 'msg': 'Input should be a valid datetime', 'input': None}
  {'type': 'datetime_type', 'loc': ('response', 140, 'timestamp'), 'msg': 'Input should be a valid datetime', 'input': None}
  {'type': 'datetime_type', 'loc': ('response', 141, 'timestamp'), 'msg': 'Input should be a valid datetime', 'input': None}
  {'type': 'datetime_type', 'loc': ('response', 142, 'timestamp'), 'msg': 'Input should be a valid datetime', 'input': None}
  {'type': 'datetime_type', 'loc': ('response', 143, 'timestamp'), 'msg': 'Input should be a valid datetime', 'input': None}
  {'type': 'datetime_type', 'loc': ('response', 144, 'timestamp'), 'msg': 'Input should be a valid datetime', 'input': None}
  {'type': 'datetime_type', 'loc': ('response', 145, 'timestamp'), 'msg': 'Input should be a valid datetime', 'input': None}
  {'type': 'datetime_type', 'loc': ('response', 146, 'timestamp'), 'msg': 'Input should be a valid datetime', 'input': None}
  {'type': 'datetime_type', 'loc': ('response', 147, 'timestamp'), 'msg': 'Input should be a valid datetime', 'input': None}
  {'type': 'datetime_type', 'loc': ('response', 148, 'timestamp'), 'msg': 'Input should be a valid datetime', 'input': None}
  {'type': 'datetime_type', 'loc': ('response', 149, 'timestamp'), 'msg': 'Input should be a valid datetime', 'input': None}
  {'type': 'datetime_type', 'loc': ('response', 150, 'timestamp'), 'msg': 'Input should be a valid datetime', 'input': None}
  {'type': 'datetime_type', 'loc': ('response', 151, 'timestamp'), 'msg': 'Input should be a valid datetime', 'input': None}
  {'type': 'datetime_type', 'loc': ('response', 152, 'timestamp'), 'msg': 'Input should be a valid datetime', 'input': None}
  {'type': 'datetime_type', 'loc': ('response', 153, 'timestamp'), 'msg': 'Input should be a valid datetime', 'input': None}
  {'type': 'datetime_type', 'loc': ('response', 154, 'timestamp'), 'msg': 'Input should be a valid datetime', 'input': None}
  {'type': 'datetime_type', 'loc': ('response', 155, 'timestamp'), 'msg': 'Input should be a valid datetime', 'input': None}
  {'type': 'datetime_type', 'loc': ('response', 156, 'timestamp'), 'msg': 'Input should be a valid datetime', 'input': None}
  {'type': 'datetime_type', 'loc': ('response', 157, 'timestamp'), 'msg': 'Input should be a valid datetime', 'input': None}
  {'type': 'datetime_type', 'loc': ('response', 158, 'timestamp'), 'msg': 'Input should be a valid datetime', 'input': None}
  {'type': 'datetime_type', 'loc': ('response', 159, 'timestamp'), 'msg': 'Input should be a valid datetime', 'input': None}
  {'type': 'datetime_type', 'loc': ('response', 160, 'timestamp'), 'msg': 'Input should be a valid datetime', 'input': None}
  {'type': 'datetime_type', 'loc': ('response', 161, 'timestamp'), 'msg': 'Input should be a valid datetime', 'input': None}
  {'type': 'datetime_type', 'loc': ('response', 162, 'timestamp'), 'msg': 'Input should be a valid datetime', 'input': None}
  {'type': 'datetime_type', 'loc': ('response', 163, 'timestamp'), 'msg': 'Input should be a valid datetime', 'input': None}
  {'type': 'datetime_type', 'loc': ('response', 164, 'timestamp'), 'msg': 'Input should be a valid datetime', 'input': None}
  {'type': 'datetime_type', 'loc': ('response', 165, 'timestamp'), 'msg': 'Input should be a valid datetime', 'input': None}
  {'type': 'datetime_type', 'loc': ('response', 166, 'timestamp'), 'msg': 'Input should be a valid datetime', 'input': None}
  {'type': 'datetime_type', 'loc': ('response', 167, 'timestamp'), 'msg': 'Input should be a valid datetime', 'input': None}
  {'type': 'datetime_type', 'loc': ('response', 168, 'timestamp'), 'msg': 'Input should be a valid datetime', 'input': None}
  {'type': 'datetime_type', 'loc': ('response', 169, 'timestamp'), 'msg': 'Input should be a valid datetime', 'input': None}
  {'type': 'datetime_type', 'loc': ('response', 170, 'timestamp'), 'msg': 'Input should be a valid datetime', 'input': None}
  {'type': 'datetime_type', 'loc': ('response', 171, 'timestamp'), 'msg': 'Input should be a valid datetime', 'input': None}
  {'type': 'datetime_type', 'loc': ('response', 172, 'timestamp'), 'msg': 'Input should be a valid datetime', 'input': None}
  {'type': 'datetime_type', 'loc': ('response', 173, 'timestamp'), 'msg': 'Input should be a valid datetime', 'input': None}
  {'type': 'datetime_type', 'loc': ('response', 174, 'timestamp'), 'msg': 'Input should be a valid datetime', 'input': None}
  {'type': 'datetime_type', 'loc': ('response', 175, 'timestamp'), 'msg': 'Input should be a valid datetime', 'input': None}
  {'type': 'datetime_type', 'loc': ('response', 176, 'timestamp'), 'msg': 'Input should be a valid datetime', 'input': None}
  {'type': 'datetime_type', 'loc': ('response', 177, 'timestamp'), 'msg': 'Input should be a valid datetime', 'input': None}
  {'type': 'datetime_type', 'loc': ('response', 178, 'timestamp'), 'msg': 'Input should be a valid datetime', 'input': None}
  {'type': 'datetime_type', 'loc': ('response', 179, 'timestamp'), 'msg': 'Input should be a valid datetime', 'input': None}
  {'type': 'datetime_type', 'loc': ('response', 180, 'timestamp'), 'msg': 'Input should be a valid datetime', 'input': None}
  {'type': 'datetime_type', 'loc': ('response', 181, 'timestamp'), 'msg': 'Input should be a valid datetime', 'input': None}
  {'type': 'datetime_type', 'loc': ('response', 182, 'timestamp'), 'msg': 'Input should be a valid datetime', 'input': None}
  {'type': 'datetime_type', 'loc': ('response', 183, 'timestamp'), 'msg': 'Input should be a valid datetime', 'input': None}
  {'type': 'datetime_type', 'loc': ('response', 184, 'timestamp'), 'msg': 'Input should be a valid datetime', 'input': None}
  {'type': 'datetime_type', 'loc': ('response', 185, 'timestamp'), 'msg': 'Input should be a valid datetime', 'input': None}
  {'type': 'datetime_type', 'loc': ('response', 186, 'timestamp'), 'msg': 'Input should be a valid datetime', 'input': None}
  {'type': 'datetime_type', 'loc': ('response', 187, 'timestamp'), 'msg': 'Input should be a valid datetime', 'input': None}
  {'type': 'datetime_type', 'loc': ('response', 188, 'timestamp'), 'msg': 'Input should be a valid datetime', 'input': None}
  {'type': 'datetime_type', 'loc': ('response', 189, 'timestamp'), 'msg': 'Input should be a valid datetime', 'input': None}
  {'type': 'datetime_type', 'loc': ('response', 190, 'timestamp'), 'msg': 'Input should be a valid datetime', 'input': None}
  {'type': 'datetime_type', 'loc': ('response', 191, 'timestamp'), 'msg': 'Input should be a valid datetime', 'input': None}
  {'type': 'datetime_type', 'loc': ('response', 192, 'timestamp'), 'msg': 'Input should be a valid datetime', 'input': None}
  {'type': 'datetime_type', 'loc': ('response', 193, 'timestamp'), 'msg': 'Input should be a valid datetime', 'input': None}
  {'type': 'datetime_type', 'loc': ('response', 194, 'timestamp'), 'msg': 'Input should be a valid datetime', 'input': None}
  {'type': 'datetime_type', 'loc': ('response', 195, 'timestamp'), 'msg': 'Input should be a valid datetime', 'input': None}
  {'type': 'datetime_type', 'loc': ('response', 196, 'timestamp'), 'msg': 'Input should be a valid datetime', 'input': None}
  {'type': 'datetime_type', 'loc': ('response', 197, 'timestamp'), 'msg': 'Input should be a valid datetime', 'input': None}
  {'type': 'datetime_type', 'loc': ('response', 198, 'timestamp'), 'msg': 'Input should be a valid datetime', 'input': None}
  {'type': 'datetime_type', 'loc': ('response', 199, 'timestamp'), 'msg': 'Input should be a valid datetime', 'input': None}
  {'type': 'datetime_type', 'loc': ('response', 200, 'timestamp'), 'msg': 'Input should be a valid datetime', 'input': None}
  {'type': 'datetime_type', 'loc': ('response', 201, 'timestamp'), 'msg': 'Input should be a valid datetime', 'input': None}
  {'type': 'datetime_type', 'loc': ('response', 202, 'timestamp'), 'msg': 'Input should be a valid datetime', 'input': None}
  {'type': 'datetime_type', 'loc': ('response', 203, 'timestamp'), 'msg': 'Input should be a valid datetime', 'input': None}
  {'type': 'datetime_type', 'loc': ('response', 204, 'timestamp'), 'msg': 'Input should be a valid datetime', 'input': None}
  {'type': 'datetime_type', 'loc': ('response', 205, 'timestamp'), 'msg': 'Input should be a valid datetime', 'input': None}
  {'type': 'datetime_type', 'loc': ('response', 206, 'timestamp'), 'msg': 'Input should be a valid datetime', 'input': None}
  {'type': 'datetime_type', 'loc': ('response', 207, 'timestamp'), 'msg': 'Input should be a valid datetime', 'input': None}
  {'type': 'datetime_type', 'loc': ('response', 208, 'timestamp'), 'msg': 'Input should be a valid datetime', 'input': None}
  {'type': 'datetime_type', 'loc': ('response', 209, 'timestamp'), 'msg': 'Input should be a valid datetime', 'input': None}
  {'type': 'datetime_type', 'loc': ('response', 210, 'timestamp'), 'msg': 'Input should be a valid datetime', 'input': None}
  {'type': 'datetime_type', 'loc': ('response', 211, 'timestamp'), 'msg': 'Input should be a valid datetime', 'input': None}
  {'type': 'datetime_type', 'loc': ('response', 212, 'timestamp'), 'msg': 'Input should be a valid datetime', 'input': None}
  {'type': 'datetime_type', 'loc': ('response', 213, 'timestamp'), 'msg': 'Input should be a valid datetime', 'input': None}
  {'type': 'datetime_type', 'loc': ('response', 214, 'timestamp'), 'msg': 'Input should be a valid datetime', 'input': None}
  {'type': 'datetime_type', 'loc': ('response', 215, 'timestamp'), 'msg': 'Input should be a valid datetime', 'input': None}
  {'type': 'datetime_type', 'loc': ('response', 216, 'timestamp'), 'msg': 'Input should be a valid datetime', 'input': None}
  {'type': 'datetime_type', 'loc': ('response', 217, 'timestamp'), 'msg': 'Input should be a valid datetime', 'input': None}
  {'type': 'datetime_type', 'loc': ('response', 218, 'timestamp'), 'msg': 'Input should be a valid datetime', 'input': None}
  {'type': 'datetime_type', 'loc': ('response', 219, 'timestamp'), 'msg': 'Input should be a valid datetime', 'input': None}
  {'type': 'datetime_type', 'loc': ('response', 220, 'timestamp'), 'msg': 'Input should be a valid datetime', 'input': None}
  {'type': 'datetime_type', 'loc': ('response', 221, 'timestamp'), 'msg': 'Input should be a valid datetime', 'input': None}
  {'type': 'datetime_type', 'loc': ('response', 222, 'timestamp'), 'msg': 'Input should be a valid datetime', 'input': None}
  {'type': 'datetime_type', 'loc': ('response', 223, 'timestamp'), 'msg': 'Input should be a valid datetime', 'input': None}
  {'type': 'datetime_type', 'loc': ('response', 224, 'timestamp'), 'msg': 'Input should be a valid datetime', 'input': None}
  {'type': 'datetime_type', 'loc': ('response', 225, 'timestamp'), 'msg': 'Input should be a valid datetime', 'input': None}
  {'type': 'datetime_type', 'loc': ('response', 226, 'timestamp'), 'msg': 'Input should be a valid datetime', 'input': None}
  {'type': 'datetime_type', 'loc': ('response', 227, 'timestamp'), 'msg': 'Input should be a valid datetime', 'input': None}
  {'type': 'datetime_type', 'loc': ('response', 228, 'timestamp'), 'msg': 'Input should be a valid datetime', 'input': None}
  {'type': 'datetime_type', 'loc': ('response', 229, 'timestamp'), 'msg': 'Input should be a valid datetime', 'input': None}
  {'type': 'datetime_type', 'loc': ('response', 230, 'timestamp'), 'msg': 'Input should be a valid datetime', 'input': None}
  {'type': 'datetime_type', 'loc': ('response', 231, 'timestamp'), 'msg': 'Input should be a valid datetime', 'input': None}
  {'type': 'datetime_type', 'loc': ('response', 232, 'timestamp'), 'msg': 'Input should be a valid datetime', 'input': None}
  {'type': 'datetime_type', 'loc': ('response', 233, 'timestamp'), 'msg': 'Input should be a valid datetime', 'input': None}
  {'type': 'datetime_type', 'loc': ('response', 234, 'timestamp'), 'msg': 'Input should be a valid datetime', 'input': None}
  {'type': 'datetime_type', 'loc': ('response', 235, 'timestamp'), 'msg': 'Input should be a valid datetime', 'input': None}
  {'type': 'datetime_type', 'loc': ('response', 236, 'timestamp'), 'msg': 'Input should be a valid datetime', 'input': None}
  {'type': 'datetime_type', 'loc': ('response', 237, 'timestamp'), 'msg': 'Input should be a valid datetime', 'input': None}
  {'type': 'datetime_type', 'loc': ('response', 238, 'timestamp'), 'msg': 'Input should be a valid datetime', 'input': None}
  {'type': 'datetime_type', 'loc': ('response', 239, 'timestamp'), 'msg': 'Input should be a valid datetime', 'input': None}
  {'type': 'datetime_type', 'loc': ('response', 240, 'timestamp'), 'msg': 'Input should be a valid datetime', 'input': None}
  {'type': 'datetime_type', 'loc': ('response', 241, 'timestamp'), 'msg': 'Input should be a valid datetime', 'input': None}
  {'type': 'datetime_type', 'loc': ('response', 242, 'timestamp'), 'msg': 'Input should be a valid datetime', 'input': None}
  {'type': 'datetime_type', 'loc': ('response', 243, 'timestamp'), 'msg': 'Input should be a valid datetime', 'input': None}
  {'type': 'datetime_type', 'loc': ('response', 244, 'timestamp'), 'msg': 'Input should be a valid datetime', 'input': None}
  {'type': 'datetime_type', 'loc': ('response', 245, 'timestamp'), 'msg': 'Input should be a valid datetime', 'input': None}
  {'type': 'datetime_type', 'loc': ('response', 246, 'timestamp'), 'msg': 'Input should be a valid datetime', 'input': None}
  {'type': 'datetime_type', 'loc': ('response', 247, 'timestamp'), 'msg': 'Input should be a valid datetime', 'input': None}
  {'type': 'datetime_type', 'loc': ('response', 248, 'timestamp'), 'msg': 'Input should be a valid datetime', 'input': None}
  {'type': 'datetime_type', 'loc': ('response', 249, 'timestamp'), 'msg': 'Input should be a valid datetime', 'input': None}
  {'type': 'datetime_type', 'loc': ('response', 250, 'timestamp'), 'msg': 'Input should be a valid datetime', 'input': None}
  {'type': 'datetime_type', 'loc': ('response', 251, 'timestamp'), 'msg': 'Input should be a valid datetime', 'input': None}
  {'type': 'datetime_type', 'loc': ('response', 252, 'timestamp'), 'msg': 'Input should be a valid datetime', 'input': None}
  {'type': 'datetime_type', 'loc': ('response', 253, 'timestamp'), 'msg': 'Input should be a valid datetime', 'input': None}
  {'type': 'datetime_type', 'loc': ('response', 254, 'timestamp'), 'msg': 'Input should be a valid datetime', 'input': None}
  {'type': 'datetime_type', 'loc': ('response', 255, 'timestamp'), 'msg': 'Input should be a valid datetime', 'input': None}
  {'type': 'datetime_type', 'loc': ('response', 256, 'timestamp'), 'msg': 'Input should be a valid datetime', 'input': None}
  {'type': 'datetime_type', 'loc': ('response', 257, 'timestamp'), 'msg': 'Input should be a valid datetime', 'input': None}
  {'type': 'datetime_type', 'loc': ('response', 258, 'timestamp'), 'msg': 'Input should be a valid datetime', 'input': None}
  {'type': 'datetime_type', 'loc': ('response', 259, 'timestamp'), 'msg': 'Input should be a valid datetime', 'input': None}
  {'type': 'datetime_type', 'loc': ('response', 260, 'timestamp'), 'msg': 'Input should be a valid datetime', 'input': None}
  {'type': 'datetime_type', 'loc': ('response', 261, 'timestamp'), 'msg': 'Input should be a valid datetime', 'input': None}
  {'type': 'datetime_type', 'loc': ('response', 262, 'timestamp'), 'msg': 'Input should be a valid datetime', 'input': None}
  {'type': 'datetime_type', 'loc': ('response', 263, 'timestamp'), 'msg': 'Input should be a valid datetime', 'input': None}
  {'type': 'datetime_type', 'loc': ('response', 264, 'timestamp'), 'msg': 'Input should be a valid datetime', 'input': None}
  {'type': 'datetime_type', 'loc': ('response', 265, 'timestamp'), 'msg': 'Input should be a valid datetime', 'input': None}
  {'type': 'datetime_type', 'loc': ('response', 266, 'timestamp'), 'msg': 'Input should be a valid datetime', 'input': None}
  {'type': 'datetime_type', 'loc': ('response', 267, 'timestamp'), 'msg': 'Input should be a valid datetime', 'input': None}
  {'type': 'datetime_type', 'loc': ('response', 268, 'timestamp'), 'msg': 'Input should be a valid datetime', 'input': None}
  {'type': 'datetime_type', 'loc': ('response', 269, 'timestamp'), 'msg': 'Input should be a valid datetime', 'input': None}
  {'type': 'datetime_type', 'loc': ('response', 270, 'timestamp'), 'msg': 'Input should be a valid datetime', 'input': None}
  {'type': 'datetime_type', 'loc': ('response', 271, 'timestamp'), 'msg': 'Input should be a valid datetime', 'input': None}
  {'type': 'datetime_type', 'loc': ('response', 272, 'timestamp'), 'msg': 'Input should be a valid datetime', 'input': None}
  {'type': 'datetime_type', 'loc': ('response', 273, 'timestamp'), 'msg': 'Input should be a valid datetime', 'input': None}
  {'type': 'datetime_type', 'loc': ('response', 274, 'timestamp'), 'msg': 'Input should be a valid datetime', 'input': None}
  {'type': 'datetime_type', 'loc': ('response', 275, 'timestamp'), 'msg': 'Input should be a valid datetime', 'input': None}
  {'type': 'datetime_type', 'loc': ('response', 276, 'timestamp'), 'msg': 'Input should be a valid datetime', 'input': None}
  {'type': 'datetime_type', 'loc': ('response', 277, 'timestamp'), 'msg': 'Input should be a valid datetime', 'input': None}
  {'type': 'datetime_type', 'loc': ('response', 278, 'timestamp'), 'msg': 'Input should be a valid datetime', 'input': None}
  {'type': 'datetime_type', 'loc': ('response', 279, 'timestamp'), 'msg': 'Input should be a valid datetime', 'input': None}
  {'type': 'datetime_type', 'loc': ('response', 280, 'timestamp'), 'msg': 'Input should be a valid datetime', 'input': None}
  {'type': 'datetime_type', 'loc': ('response', 281, 'timestamp'), 'msg': 'Input should be a valid datetime', 'input': None}
  {'type': 'datetime_type', 'loc': ('response', 282, 'timestamp'), 'msg': 'Input should be a valid datetime', 'input': None}
  {'type': 'datetime_type', 'loc': ('response', 283, 'timestamp'), 'msg': 'Input should be a valid datetime', 'input': None}
  {'type': 'datetime_type', 'loc': ('response', 284, 'timestamp'), 'msg': 'Input should be a valid datetime', 'input': None}
  {'type': 'datetime_type', 'loc': ('response', 285, 'timestamp'), 'msg': 'Input should be a valid datetime', 'input': None}
  {'type': 'datetime_type', 'loc': ('response', 286, 'timestamp'), 'msg': 'Input should be a valid datetime', 'input': None}
  {'type': 'datetime_type', 'loc': ('response', 287, 'timestamp'), 'msg': 'Input should be a valid datetime', 'input': None}
  {'type': 'datetime_type', 'loc': ('response', 288, 'timestamp'), 'msg': 'Input should be a valid datetime', 'input': None}
  {'type': 'datetime_type', 'loc': ('response', 289, 'timestamp'), 'msg': 'Input should be a valid datetime', 'input': None}
  {'type': 'datetime_type', 'loc': ('response', 290, 'timestamp'), 'msg': 'Input should be a valid datetime', 'input': None}
  {'type': 'datetime_type', 'loc': ('response', 291, 'timestamp'), 'msg': 'Input should be a valid datetime', 'input': None}
  {'type': 'datetime_type', 'loc': ('response', 292, 'timestamp'), 'msg': 'Input should be a valid datetime', 'input': None}
  {'type': 'datetime_type', 'loc': ('response', 293, 'timestamp'), 'msg': 'Input should be a valid datetime', 'input': None}
  {'type': 'datetime_type', 'loc': ('response', 294, 'timestamp'), 'msg': 'Input should be a valid datetime', 'input': None}
  {'type': 'datetime_type', 'loc': ('response', 295, 'timestamp'), 'msg': 'Input should be a valid datetime', 'input': None}
  {'type': 'datetime_type', 'loc': ('response', 296, 'timestamp'), 'msg': 'Input should be a valid datetime', 'input': None}
  {'type': 'datetime_type', 'loc': ('response', 297, 'timestamp'), 'msg': 'Input should be a valid datetime', 'input': None}
  {'type': 'datetime_type', 'loc': ('response', 298, 'timestamp'), 'msg': 'Input should be a valid datetime', 'input': None}
  {'type': 'datetime_type', 'loc': ('response', 299, 'timestamp'), 'msg': 'Input should be a valid datetime', 'input': None}
  {'type': 'datetime_type', 'loc': ('response', 300, 'timestamp'), 'msg': 'Input should be a valid datetime', 'input': None}
  {'type': 'datetime_type', 'loc': ('response', 301, 'timestamp'), 'msg': 'Input should be a valid datetime', 'input': None}
  {'type': 'datetime_type', 'loc': ('response', 302, 'timestamp'), 'msg': 'Input should be a valid datetime', 'input': None}
  {'type': 'datetime_type', 'loc': ('response', 303, 'timestamp'), 'msg': 'Input should be a valid datetime', 'input': None}
  {'type': 'datetime_type', 'loc': ('response', 304, 'timestamp'), 'msg': 'Input should be a valid datetime', 'input': None}
  {'type': 'datetime_type', 'loc': ('response', 305, 'timestamp'), 'msg': 'Input should be a valid datetime', 'input': None}
  {'type': 'datetime_type', 'loc': ('response', 306, 'timestamp'), 'msg': 'Input should be a valid datetime', 'input': None}
  {'type': 'datetime_type', 'loc': ('response', 307, 'timestamp'), 'msg': 'Input should be a valid datetime', 'input': None}
  {'type': 'datetime_type', 'loc': ('response', 308, 'timestamp'), 'msg': 'Input should be a valid datetime', 'input': None}
  {'type': 'datetime_type', 'loc': ('response', 309, 'timestamp'), 'msg': 'Input should be a valid datetime', 'input': None}
  {'type': 'datetime_type', 'loc': ('response', 310, 'timestamp'), 'msg': 'Input should be a valid datetime', 'input': None}
  {'type': 'datetime_type', 'loc': ('response', 311, 'timestamp'), 'msg': 'Input should be a valid datetime', 'input': None}
  {'type': 'datetime_type', 'loc': ('response', 312, 'timestamp'), 'msg': 'Input should be a valid datetime', 'input': None}
  {'type': 'datetime_type', 'loc': ('response', 313, 'timestamp'), 'msg': 'Input should be a valid datetime', 'input': None}
  {'type': 'datetime_type', 'loc': ('response', 314, 'timestamp'), 'msg': 'Input should be a valid datetime', 'input': None}
  {'type': 'datetime_type', 'loc': ('response', 315, 'timestamp'), 'msg': 'Input should be a valid datetime', 'input': None}
  {'type': 'datetime_type', 'loc': ('response', 316, 'timestamp'), 'msg': 'Input should be a valid datetime', 'input': None}
  {'type': 'datetime_type', 'loc': ('response', 317, 'timestamp'), 'msg': 'Input should be a valid datetime', 'input': None}
  {'type': 'datetime_type', 'loc': ('response', 318, 'timestamp'), 'msg': 'Input should be a valid datetime', 'input': None}
  {'type': 'datetime_type', 'loc': ('response', 319, 'timestamp'), 'msg': 'Input should be a valid datetime', 'input': None}
  {'type': 'datetime_type', 'loc': ('response', 320, 'timestamp'), 'msg': 'Input should be a valid datetime', 'input': None}
  {'type': 'datetime_type', 'loc': ('response', 321, 'timestamp'), 'msg': 'Input should be a valid datetime', 'input': None}
  {'type': 'datetime_type', 'loc': ('response', 322, 'timestamp'), 'msg': 'Input should be a valid datetime', 'input': None}
  {'type': 'datetime_type', 'loc': ('response', 323, 'timestamp'), 'msg': 'Input should be a valid datetime', 'input': None}
  {'type': 'datetime_type', 'loc': ('response', 324, 'timestamp'), 'msg': 'Input should be a valid datetime', 'input': None}
  {'type': 'datetime_type', 'loc': ('response', 325, 'timestamp'), 'msg': 'Input should be a valid datetime', 'input': None}
  {'type': 'datetime_type', 'loc': ('response', 326, 'timestamp'), 'msg': 'Input should be a valid datetime', 'input': None}
  {'type': 'datetime_type', 'loc': ('response', 327, 'timestamp'), 'msg': 'Input should be a valid datetime', 'input': None}
  {'type': 'datetime_type', 'loc': ('response', 328, 'timestamp'), 'msg': 'Input should be a valid datetime', 'input': None}
  {'type': 'datetime_type', 'loc': ('response', 329, 'timestamp'), 'msg': 'Input should be a valid datetime', 'input': None}
  {'type': 'datetime_type', 'loc': ('response', 330, 'timestamp'), 'msg': 'Input should be a valid datetime', 'input': None}
  {'type': 'datetime_type', 'loc': ('response', 331, 'timestamp'), 'msg': 'Input should be a valid datetime', 'input': None}
  {'type': 'datetime_type', 'loc': ('response', 332, 'timestamp'), 'msg': 'Input should be a valid datetime', 'input': None}
  {'type': 'datetime_type', 'loc': ('response', 333, 'timestamp'), 'msg': 'Input should be a valid datetime', 'input': None}
  {'type': 'datetime_type', 'loc': ('response', 334, 'timestamp'), 'msg': 'Input should be a valid datetime', 'input': None}
  {'type': 'datetime_type', 'loc': ('response', 335, 'timestamp'), 'msg': 'Input should be a valid datetime', 'input': None}
  {'type': 'datetime_type', 'loc': ('response', 336, 'timestamp'), 'msg': 'Input should be a valid datetime', 'input': None}
  {'type': 'datetime_type', 'loc': ('response', 337, 'timestamp'), 'msg': 'Input should be a valid datetime', 'input': None}
  {'type': 'datetime_type', 'loc': ('response', 338, 'timestamp'), 'msg': 'Input should be a valid datetime', 'input': None}
  {'type': 'datetime_type', 'loc': ('response', 339, 'timestamp'), 'msg': 'Input should be a valid datetime', 'input': None}
  {'type': 'datetime_type', 'loc': ('response', 340, 'timestamp'), 'msg': 'Input should be a valid datetime', 'input': None}
  {'type': 'datetime_type', 'loc': ('response', 341, 'timestamp'), 'msg': 'Input should be a valid datetime', 'input': None}
  {'type': 'datetime_type', 'loc': ('response', 342, 'timestamp'), 'msg': 'Input should be a valid datetime', 'input': None}
  {'type': 'datetime_type', 'loc': ('response', 343, 'timestamp'), 'msg': 'Input should be a valid datetime', 'input': None}
  {'type': 'datetime_type', 'loc': ('response', 344, 'timestamp'), 'msg': 'Input should be a valid datetime', 'input': None}
  {'type': 'datetime_type', 'loc': ('response', 345, 'timestamp'), 'msg': 'Input should be a valid datetime', 'input': None}
  {'type': 'datetime_type', 'loc': ('response', 346, 'timestamp'), 'msg': 'Input should be a valid datetime', 'input': None}
  {'type': 'datetime_type', 'loc': ('response', 347, 'timestamp'), 'msg': 'Input should be a valid datetime', 'input': None}
  {'type': 'datetime_type', 'loc': ('response', 348, 'timestamp'), 'msg': 'Input should be a valid datetime', 'input': None}
  {'type': 'datetime_type', 'loc': ('response', 349, 'timestamp'), 'msg': 'Input should be a valid datetime', 'input': None}
  {'type': 'datetime_type', 'loc': ('response', 350, 'timestamp'), 'msg': 'Input should be a valid datetime', 'input': None}
  {'type': 'datetime_type', 'loc': ('response', 351, 'timestamp'), 'msg': 'Input should be a valid datetime', 'input': None}
  {'type': 'datetime_type', 'loc': ('response', 352, 'timestamp'), 'msg': 'Input should be a valid datetime', 'input': None}
  {'type': 'datetime_type', 'loc': ('response', 353, 'timestamp'), 'msg': 'Input should be a valid datetime', 'input': None}
  {'type': 'datetime_type', 'loc': ('response', 354, 'timestamp'), 'msg': 'Input should be a valid datetime', 'input': None}
  {'type': 'datetime_type', 'loc': ('response', 355, 'timestamp'), 'msg': 'Input should be a valid datetime', 'input': None}
  {'type': 'datetime_type', 'loc': ('response', 356, 'timestamp'), 'msg': 'Input should be a valid datetime', 'input': None}
  {'type': 'datetime_type', 'loc': ('response', 357, 'timestamp'), 'msg': 'Input should be a valid datetime', 'input': None}
  {'type': 'datetime_type', 'loc': ('response', 358, 'timestamp'), 'msg': 'Input should be a valid datetime', 'input': None}
  {'type': 'datetime_type', 'loc': ('response', 359, 'timestamp'), 'msg': 'Input should be a valid datetime', 'input': None}
  {'type': 'datetime_type', 'loc': ('response', 360, 'timestamp'), 'msg': 'Input should be a valid datetime', 'input': None}
  {'type': 'datetime_type', 'loc': ('response', 361, 'timestamp'), 'msg': 'Input should be a valid datetime', 'input': None}
  {'type': 'datetime_type', 'loc': ('response', 362, 'timestamp'), 'msg': 'Input should be a valid datetime', 'input': None}
  {'type': 'datetime_type', 'loc': ('response', 363, 'timestamp'), 'msg': 'Input should be a valid datetime', 'input': None}
  {'type': 'datetime_type', 'loc': ('response', 364, 'timestamp'), 'msg': 'Input should be a valid datetime', 'input': None}
  {'type': 'datetime_type', 'loc': ('response', 365, 'timestamp'), 'msg': 'Input should be a valid datetime', 'input': None}
  {'type': 'datetime_type', 'loc': ('response', 366, 'timestamp'), 'msg': 'Input should be a valid datetime', 'input': None}
  {'type': 'datetime_type', 'loc': ('response', 367, 'timestamp'), 'msg': 'Input should be a valid datetime', 'input': None}
  {'type': 'datetime_type', 'loc': ('response', 368, 'timestamp'), 'msg': 'Input should be a valid datetime', 'input': None}
  {'type': 'datetime_type', 'loc': ('response', 369, 'timestamp'), 'msg': 'Input should be a valid datetime', 'input': None}
  {'type': 'datetime_type', 'loc': ('response', 370, 'timestamp'), 'msg': 'Input should be a valid datetime', 'input': None}
  {'type': 'datetime_type', 'loc': ('response', 371, 'timestamp'), 'msg': 'Input should be a valid datetime', 'input': None}
  {'type': 'datetime_type', 'loc': ('response', 372, 'timestamp'), 'msg': 'Input should be a valid datetime', 'input': None}
  {'type': 'datetime_type', 'loc': ('response', 373, 'timestamp'), 'msg': 'Input should be a valid datetime', 'input': None}
  {'type': 'datetime_type', 'loc': ('response', 374, 'timestamp'), 'msg': 'Input should be a valid datetime', 'input': None}
  {'type': 'datetime_type', 'loc': ('response', 375, 'timestamp'), 'msg': 'Input should be a valid datetime', 'input': None}
  {'type': 'datetime_type', 'loc': ('response', 376, 'timestamp'), 'msg': 'Input should be a valid datetime', 'input': None}
  {'type': 'datetime_type', 'loc': ('response', 377, 'timestamp'), 'msg': 'Input should be a valid datetime', 'input': None}
  {'type': 'datetime_type', 'loc': ('response', 378, 'timestamp'), 'msg': 'Input should be a valid datetime', 'input': None}
  {'type': 'datetime_type', 'loc': ('response', 379, 'timestamp'), 'msg': 'Input should be a valid datetime', 'input': None}
  {'type': 'datetime_type', 'loc': ('response', 380, 'timestamp'), 'msg': 'Input should be a valid datetime', 'input': None}
  {'type': 'datetime_type', 'loc': ('response', 381, 'timestamp'), 'msg': 'Input should be a valid datetime', 'input': None}
  {'type': 'datetime_type', 'loc': ('response', 382, 'timestamp'), 'msg': 'Input should be a valid datetime', 'input': None}
  {'type': 'datetime_type', 'loc': ('response', 383, 'timestamp'), 'msg': 'Input should be a valid datetime', 'input': None}
  {'type': 'datetime_type', 'loc': ('response', 384, 'timestamp'), 'msg': 'Input should be a valid datetime', 'input': None}
  {'type': 'datetime_type', 'loc': ('response', 385, 'timestamp'), 'msg': 'Input should be a valid datetime', 'input': None}
  {'type': 'datetime_type', 'loc': ('response', 386, 'timestamp'), 'msg': 'Input should be a valid datetime', 'input': None}
  {'type': 'datetime_type', 'loc': ('response', 387, 'timestamp'), 'msg': 'Input should be a valid datetime', 'input': None}
  {'type': 'datetime_type', 'loc': ('response', 388, 'timestamp'), 'msg': 'Input should be a valid datetime', 'input': None}
  {'type': 'datetime_type', 'loc': ('response', 389, 'timestamp'), 'msg': 'Input should be a valid datetime', 'input': None}
  {'type': 'datetime_type', 'loc': ('response', 390, 'timestamp'), 'msg': 'Input should be a valid datetime', 'input': None}
  {'type': 'datetime_type', 'loc': ('response', 391, 'timestamp'), 'msg': 'Input should be a valid datetime', 'input': None}
  {'type': 'datetime_type', 'loc': ('response', 392, 'timestamp'), 'msg': 'Input should be a valid datetime', 'input': None}
  {'type': 'datetime_type', 'loc': ('response', 393, 'timestamp'), 'msg': 'Input should be a valid datetime', 'input': None}
  {'type': 'datetime_type', 'loc': ('response', 394, 'timestamp'), 'msg': 'Input should be a valid datetime', 'input': None}
  {'type': 'datetime_type', 'loc': ('response', 395, 'timestamp'), 'msg': 'Input should be a valid datetime', 'input': None}
  {'type': 'datetime_type', 'loc': ('response', 396, 'timestamp'), 'msg': 'Input should be a valid datetime', 'input': None}
  {'type': 'datetime_type', 'loc': ('response', 397, 'timestamp'), 'msg': 'Input should be a valid datetime', 'input': None}
  {'type': 'datetime_type', 'loc': ('response', 398, 'timestamp'), 'msg': 'Input should be a valid datetime', 'input': None}
  {'type': 'datetime_type', 'loc': ('response', 399, 'timestamp'), 'msg': 'Input should be a valid datetime', 'input': None}
  {'type': 'datetime_type', 'loc': ('response', 400, 'timestamp'), 'msg': 'Input should be a valid datetime', 'input': None}
  {'type': 'datetime_type', 'loc': ('response', 401, 'timestamp'), 'msg': 'Input should be a valid datetime', 'input': None}
  {'type': 'datetime_type', 'loc': ('response', 402, 'timestamp'), 'msg': 'Input should be a valid datetime', 'input': None}
  {'type': 'datetime_type', 'loc': ('response', 403, 'timestamp'), 'msg': 'Input should be a valid datetime', 'input': None}
  {'type': 'datetime_type', 'loc': ('response', 404, 'timestamp'), 'msg': 'Input should be a valid datetime', 'input': None}
  {'type': 'datetime_type', 'loc': ('response', 405, 'timestamp'), 'msg': 'Input should be a valid datetime', 'input': None}
  {'type': 'datetime_type', 'loc': ('response', 406, 'timestamp'), 'msg': 'Input should be a valid datetime', 'input': None}
  {'type': 'datetime_type', 'loc': ('response', 407, 'timestamp'), 'msg': 'Input should be a valid datetime', 'input': None}
  {'type': 'datetime_type', 'loc': ('response', 408, 'timestamp'), 'msg': 'Input should be a valid datetime', 'input': None}

  File "E:\medcare-ai\app\api\routes_recommendations.py", line 20, in get_recommendations
    GET /api/recommendations
Traceback (most recent call last):
  File "E:\anaconda3\Lib\site-packages\starlette\middleware\errors.py", line 164, in __call__
    await self.app(scope, receive, _send)
  File "E:\anaconda3\Lib\site-packages\starlette\middleware\base.py", line 193, in __call__
    response = await self.dispatch_func(request, call_next)
               ^^^^^^^^^^^^^^^^^^^^^^^^^^^^^^^^^^^^^^^^^^^^
  File "E:\medcare-ai\app\api\main.py", line 37, in add_process_time_header
    response = await call_next(request)
               ^^^^^^^^^^^^^^^^^^^^^^^^
  File "E:\anaconda3\Lib\site-packages\starlette\middleware\base.py", line 168, in call_next
    raise app_exc from app_exc.__cause__ or app_exc.__context__
  File "E:\anaconda3\Lib\site-packages\starlette\middleware\base.py", line 144, in coro
    await self.app(scope, receive_or_disconnect, send_no_error)
  File "E:\anaconda3\Lib\site-packages\starlette\middleware\cors.py", line 88, in __call__
    await self.app(scope, receive, send)
  File "E:\anaconda3\Lib\site-packages\starlette\middleware\exceptions.py", line 63, in __call__
    await wrap_app_handling_exceptions(self.app, conn)(scope, receive, send)
  File "E:\anaconda3\Lib\site-packages\starlette\_exception_handler.py", line 53, in wrapped_app
    raise exc
  File "E:\anaconda3\Lib\site-packages\starlette\_exception_handler.py", line 42, in wrapped_app
    await app(scope, receive, sender)
  File "E:\anaconda3\Lib\site-packages\fastapi\middleware\asyncexitstack.py", line 18, in __call__
    await self.app(scope, receive, send)
  File "E:\anaconda3\Lib\site-packages\starlette\routing.py", line 660, in __call__
    await self.middleware_stack(scope, receive, send)
  File "E:\anaconda3\Lib\site-packages\fastapi\routing.py", line 2685, in app
    await route.handle(scope, receive, send)
  File "E:\anaconda3\Lib\site-packages\fastapi\routing.py", line 1766, in handle
    await self.original_router.handle(scope, receive, send)
  File "E:\anaconda3\Lib\site-packages\fastapi\routing.py", line 2740, in handle
    await included_router._handle_selected(scope, receive, send)
  File "E:\anaconda3\Lib\site-packages\fastapi\routing.py", line 1786, in _handle_selected
    await original_route.handle(scope, receive, send)
  File "E:\anaconda3\Lib\site-packages\fastapi\routing.py", line 1265, in handle
    await app(scope, receive, send)
  File "E:\anaconda3\Lib\site-packages\fastapi\routing.py", line 151, in app
    await wrap_app_handling_exceptions(app, request)(scope, receive, send)
  File "E:\anaconda3\Lib\site-packages\starlette\_exception_handler.py", line 53, in wrapped_app
    raise exc
  File "E:\anaconda3\Lib\site-packages\starlette\_exception_handler.py", line 42, in wrapped_app
    await app(scope, receive, sender)
  File "E:\anaconda3\Lib\site-packages\fastapi\routing.py", line 137, in app
    response = await f(request)
               ^^^^^^^^^^^^^^^^
  File "E:\anaconda3\Lib\site-packages\fastapi\routing.py", line 712, in app
    content = await serialize_response(
              ^^^^^^^^^^^^^^^^^^^^^^^^^
    ...<11 lines>...
    )
    ^
  File "E:\anaconda3\Lib\site-packages\fastapi\routing.py", line 317, in serialize_response
    raise ResponseValidationError(
    ...<3 lines>...
    )
fastapi.exceptions.ResponseValidationError: 409 validation errors:
  {'type': 'datetime_type', 'loc': ('response', 0, 'timestamp'), 'msg': 'Input should be a valid datetime', 'input': None}
  {'type': 'datetime_type', 'loc': ('response', 1, 'timestamp'), 'msg': 'Input should be a valid datetime', 'input': None}
  {'type': 'datetime_type', 'loc': ('response', 2, 'timestamp'), 'msg': 'Input should be a valid datetime', 'input': None}
  {'type': 'datetime_type', 'loc': ('response', 3, 'timestamp'), 'msg': 'Input should be a valid datetime', 'input': None}
  {'type': 'datetime_type', 'loc': ('response', 4, 'timestamp'), 'msg': 'Input should be a valid datetime', 'input': None}
  {'type': 'datetime_type', 'loc': ('response', 5, 'timestamp'), 'msg': 'Input should be a valid datetime', 'input': None}
  {'type': 'datetime_type', 'loc': ('response', 6, 'timestamp'), 'msg': 'Input should be a valid datetime', 'input': None}
  {'type': 'datetime_type', 'loc': ('response', 7, 'timestamp'), 'msg': 'Input should be a valid datetime', 'input': None}
  {'type': 'datetime_type', 'loc': ('response', 8, 'timestamp'), 'msg': 'Input should be a valid datetime', 'input': None}
  {'type': 'datetime_type', 'loc': ('response', 9, 'timestamp'), 'msg': 'Input should be a valid datetime', 'input': None}
  {'type': 'datetime_type', 'loc': ('response', 10, 'timestamp'), 'msg': 'Input should be a valid datetime', 'input': None}
  {'type': 'datetime_type', 'loc': ('response', 11, 'timestamp'), 'msg': 'Input should be a valid datetime', 'input': None}
  {'type': 'datetime_type', 'loc': ('response', 12, 'timestamp'), 'msg': 'Input should be a valid datetime', 'input': None}
  {'type': 'datetime_type', 'loc': ('response', 13, 'timestamp'), 'msg': 'Input should be a valid datetime', 'input': None}
  {'type': 'datetime_type', 'loc': ('response', 14, 'timestamp'), 'msg': 'Input should be a valid datetime', 'input': None}
  {'type': 'datetime_type', 'loc': ('response', 15, 'timestamp'), 'msg': 'Input should be a valid datetime', 'input': None}
  {'type': 'datetime_type', 'loc': ('response', 16, 'timestamp'), 'msg': 'Input should be a valid datetime', 'input': None}
  {'type': 'datetime_type', 'loc': ('response', 17, 'timestamp'), 'msg': 'Input should be a valid datetime', 'input': None}
  {'type': 'datetime_type', 'loc': ('response', 18, 'timestamp'), 'msg': 'Input should be a valid datetime', 'input': None}
  {'type': 'datetime_type', 'loc': ('response', 19, 'timestamp'), 'msg': 'Input should be a valid datetime', 'input': None}
  {'type': 'datetime_type', 'loc': ('response', 20, 'timestamp'), 'msg': 'Input should be a valid datetime', 'input': None}
  {'type': 'datetime_type', 'loc': ('response', 21, 'timestamp'), 'msg': 'Input should be a valid datetime', 'input': None}
  {'type': 'datetime_type', 'loc': ('response', 22, 'timestamp'), 'msg': 'Input should be a valid datetime', 'input': None}
  {'type': 'datetime_type', 'loc': ('response', 23, 'timestamp'), 'msg': 'Input should be a valid datetime', 'input': None}
  {'type': 'datetime_type', 'loc': ('response', 24, 'timestamp'), 'msg': 'Input should be a valid datetime', 'input': None}
  {'type': 'datetime_type', 'loc': ('response', 25, 'timestamp'), 'msg': 'Input should be a valid datetime', 'input': None}
  {'type': 'datetime_type', 'loc': ('response', 26, 'timestamp'), 'msg': 'Input should be a valid datetime', 'input': None}
  {'type': 'datetime_type', 'loc': ('response', 27, 'timestamp'), 'msg': 'Input should be a valid datetime', 'input': None}
  {'type': 'datetime_type', 'loc': ('response', 28, 'timestamp'), 'msg': 'Input should be a valid datetime', 'input': None}
  {'type': 'datetime_type', 'loc': ('response', 29, 'timestamp'), 'msg': 'Input should be a valid datetime', 'input': None}
  {'type': 'datetime_type', 'loc': ('response', 30, 'timestamp'), 'msg': 'Input should be a valid datetime', 'input': None}
  {'type': 'datetime_type', 'loc': ('response', 31, 'timestamp'), 'msg': 'Input should be a valid datetime', 'input': None}
  {'type': 'datetime_type', 'loc': ('response', 32, 'timestamp'), 'msg': 'Input should be a valid datetime', 'input': None}
  {'type': 'datetime_type', 'loc': ('response', 33, 'timestamp'), 'msg': 'Input should be a valid datetime', 'input': None}
  {'type': 'datetime_type', 'loc': ('response', 34, 'timestamp'), 'msg': 'Input should be a valid datetime', 'input': None}
  {'type': 'datetime_type', 'loc': ('response', 35, 'timestamp'), 'msg': 'Input should be a valid datetime', 'input': None}
  {'type': 'datetime_type', 'loc': ('response', 36, 'timestamp'), 'msg': 'Input should be a valid datetime', 'input': None}
  {'type': 'datetime_type', 'loc': ('response', 37, 'timestamp'), 'msg': 'Input should be a valid datetime', 'input': None}
  {'type': 'datetime_type', 'loc': ('response', 38, 'timestamp'), 'msg': 'Input should be a valid datetime', 'input': None}
  {'type': 'datetime_type', 'loc': ('response', 39, 'timestamp'), 'msg': 'Input should be a valid datetime', 'input': None}
  {'type': 'datetime_type', 'loc': ('response', 40, 'timestamp'), 'msg': 'Input should be a valid datetime', 'input': None}
  {'type': 'datetime_type', 'loc': ('response', 41, 'timestamp'), 'msg': 'Input should be a valid datetime', 'input': None}
  {'type': 'datetime_type', 'loc': ('response', 42, 'timestamp'), 'msg': 'Input should be a valid datetime', 'input': None}
  {'type': 'datetime_type', 'loc': ('response', 43, 'timestamp'), 'msg': 'Input should be a valid datetime', 'input': None}
  {'type': 'datetime_type', 'loc': ('response', 44, 'timestamp'), 'msg': 'Input should be a valid datetime', 'input': None}
  {'type': 'datetime_type', 'loc': ('response', 45, 'timestamp'), 'msg': 'Input should be a valid datetime', 'input': None}
  {'type': 'datetime_type', 'loc': ('response', 46, 'timestamp'), 'msg': 'Input should be a valid datetime', 'input': None}
  {'type': 'datetime_type', 'loc': ('response', 47, 'timestamp'), 'msg': 'Input should be a valid datetime', 'input': None}
  {'type': 'datetime_type', 'loc': ('response', 48, 'timestamp'), 'msg': 'Input should be a valid datetime', 'input': None}
  {'type': 'datetime_type', 'loc': ('response', 49, 'timestamp'), 'msg': 'Input should be a valid datetime', 'input': None}
  {'type': 'datetime_type', 'loc': ('response', 50, 'timestamp'), 'msg': 'Input should be a valid datetime', 'input': None}
  {'type': 'datetime_type', 'loc': ('response', 51, 'timestamp'), 'msg': 'Input should be a valid datetime', 'input': None}
  {'type': 'datetime_type', 'loc': ('response', 52, 'timestamp'), 'msg': 'Input should be a valid datetime', 'input': None}
  {'type': 'datetime_type', 'loc': ('response', 53, 'timestamp'), 'msg': 'Input should be a valid datetime', 'input': None}
  {'type': 'datetime_type', 'loc': ('response', 54, 'timestamp'), 'msg': 'Input should be a valid datetime', 'input': None}
  {'type': 'datetime_type', 'loc': ('response', 55, 'timestamp'), 'msg': 'Input should be a valid datetime', 'input': None}
  {'type': 'datetime_type', 'loc': ('response', 56, 'timestamp'), 'msg': 'Input should be a valid datetime', 'input': None}
  {'type': 'datetime_type', 'loc': ('response', 57, 'timestamp'), 'msg': 'Input should be a valid datetime', 'input': None}
  {'type': 'datetime_type', 'loc': ('response', 58, 'timestamp'), 'msg': 'Input should be a valid datetime', 'input': None}
  {'type': 'datetime_type', 'loc': ('response', 59, 'timestamp'), 'msg': 'Input should be a valid datetime', 'input': None}
  {'type': 'datetime_type', 'loc': ('response', 60, 'timestamp'), 'msg': 'Input should be a valid datetime', 'input': None}
  {'type': 'datetime_type', 'loc': ('response', 61, 'timestamp'), 'msg': 'Input should be a valid datetime', 'input': None}
  {'type': 'datetime_type', 'loc': ('response', 62, 'timestamp'), 'msg': 'Input should be a valid datetime', 'input': None}
  {'type': 'datetime_type', 'loc': ('response', 63, 'timestamp'), 'msg': 'Input should be a valid datetime', 'input': None}
  {'type': 'datetime_type', 'loc': ('response', 64, 'timestamp'), 'msg': 'Input should be a valid datetime', 'input': None}
  {'type': 'datetime_type', 'loc': ('response', 65, 'timestamp'), 'msg': 'Input should be a valid datetime', 'input': None}
  {'type': 'datetime_type', 'loc': ('response', 66, 'timestamp'), 'msg': 'Input should be a valid datetime', 'input': None}
  {'type': 'datetime_type', 'loc': ('response', 67, 'timestamp'), 'msg': 'Input should be a valid datetime', 'input': None}
  {'type': 'datetime_type', 'loc': ('response', 68, 'timestamp'), 'msg': 'Input should be a valid datetime', 'input': None}
  {'type': 'datetime_type', 'loc': ('response', 69, 'timestamp'), 'msg': 'Input should be a valid datetime', 'input': None}
  {'type': 'datetime_type', 'loc': ('response', 70, 'timestamp'), 'msg': 'Input should be a valid datetime', 'input': None}
  {'type': 'datetime_type', 'loc': ('response', 71, 'timestamp'), 'msg': 'Input should be a valid datetime', 'input': None}
  {'type': 'datetime_type', 'loc': ('response', 72, 'timestamp'), 'msg': 'Input should be a valid datetime', 'input': None}
  {'type': 'datetime_type', 'loc': ('response', 73, 'timestamp'), 'msg': 'Input should be a valid datetime', 'input': None}
  {'type': 'datetime_type', 'loc': ('response', 74, 'timestamp'), 'msg': 'Input should be a valid datetime', 'input': None}
  {'type': 'datetime_type', 'loc': ('response', 75, 'timestamp'), 'msg': 'Input should be a valid datetime', 'input': None}
  {'type': 'datetime_type', 'loc': ('response', 76, 'timestamp'), 'msg': 'Input should be a valid datetime', 'input': None}
  {'type': 'datetime_type', 'loc': ('response', 77, 'timestamp'), 'msg': 'Input should be a valid datetime', 'input': None}
  {'type': 'datetime_type', 'loc': ('response', 78, 'timestamp'), 'msg': 'Input should be a valid datetime', 'input': None}
  {'type': 'datetime_type', 'loc': ('response', 79, 'timestamp'), 'msg': 'Input should be a valid datetime', 'input': None}
  {'type': 'datetime_type', 'loc': ('response', 80, 'timestamp'), 'msg': 'Input should be a valid datetime', 'input': None}
  {'type': 'datetime_type', 'loc': ('response', 81, 'timestamp'), 'msg': 'Input should be a valid datetime', 'input': None}
  {'type': 'datetime_type', 'loc': ('response', 82, 'timestamp'), 'msg': 'Input should be a valid datetime', 'input': None}
  {'type': 'datetime_type', 'loc': ('response', 83, 'timestamp'), 'msg': 'Input should be a valid datetime', 'input': None}
  {'type': 'datetime_type', 'loc': ('response', 84, 'timestamp'), 'msg': 'Input should be a valid datetime', 'input': None}
  {'type': 'datetime_type', 'loc': ('response', 85, 'timestamp'), 'msg': 'Input should be a valid datetime', 'input': None}
  {'type': 'datetime_type', 'loc': ('response', 86, 'timestamp'), 'msg': 'Input should be a valid datetime', 'input': None}
  {'type': 'datetime_type', 'loc': ('response', 87, 'timestamp'), 'msg': 'Input should be a valid datetime', 'input': None}
  {'type': 'datetime_type', 'loc': ('response', 88, 'timestamp'), 'msg': 'Input should be a valid datetime', 'input': None}
  {'type': 'datetime_type', 'loc': ('response', 89, 'timestamp'), 'msg': 'Input should be a valid datetime', 'input': None}
  {'type': 'datetime_type', 'loc': ('response', 90, 'timestamp'), 'msg': 'Input should be a valid datetime', 'input': None}
  {'type': 'datetime_type', 'loc': ('response', 91, 'timestamp'), 'msg': 'Input should be a valid datetime', 'input': None}
  {'type': 'datetime_type', 'loc': ('response', 92, 'timestamp'), 'msg': 'Input should be a valid datetime', 'input': None}
  {'type': 'datetime_type', 'loc': ('response', 93, 'timestamp'), 'msg': 'Input should be a valid datetime', 'input': None}
  {'type': 'datetime_type', 'loc': ('response', 94, 'timestamp'), 'msg': 'Input should be a valid datetime', 'input': None}
  {'type': 'datetime_type', 'loc': ('response', 95, 'timestamp'), 'msg': 'Input should be a valid datetime', 'input': None}
  {'type': 'datetime_type', 'loc': ('response', 96, 'timestamp'), 'msg': 'Input should be a valid datetime', 'input': None}
  {'type': 'datetime_type', 'loc': ('response', 97, 'timestamp'), 'msg': 'Input should be a valid datetime', 'input': None}
  {'type': 'datetime_type', 'loc': ('response', 98, 'timestamp'), 'msg': 'Input should be a valid datetime', 'input': None}
  {'type': 'datetime_type', 'loc': ('response', 99, 'timestamp'), 'msg': 'Input should be a valid datetime', 'input': None}
  {'type': 'datetime_type', 'loc': ('response', 100, 'timestamp'), 'msg': 'Input should be a valid datetime', 'input': None}
  {'type': 'datetime_type', 'loc': ('response', 101, 'timestamp'), 'msg': 'Input should be a valid datetime', 'input': None}
  {'type': 'datetime_type', 'loc': ('response', 102, 'timestamp'), 'msg': 'Input should be a valid datetime', 'input': None}
  {'type': 'datetime_type', 'loc': ('response', 103, 'timestamp'), 'msg': 'Input should be a valid datetime', 'input': None}
  {'type': 'datetime_type', 'loc': ('response', 104, 'timestamp'), 'msg': 'Input should be a valid datetime', 'input': None}
  {'type': 'datetime_type', 'loc': ('response', 105, 'timestamp'), 'msg': 'Input should be a valid datetime', 'input': None}
  {'type': 'datetime_type', 'loc': ('response', 106, 'timestamp'), 'msg': 'Input should be a valid datetime', 'input': None}
  {'type': 'datetime_type', 'loc': ('response', 107, 'timestamp'), 'msg': 'Input should be a valid datetime', 'input': None}
  {'type': 'datetime_type', 'loc': ('response', 108, 'timestamp'), 'msg': 'Input should be a valid datetime', 'input': None}
  {'type': 'datetime_type', 'loc': ('response', 109, 'timestamp'), 'msg': 'Input should be a valid datetime', 'input': None}
  {'type': 'datetime_type', 'loc': ('response', 110, 'timestamp'), 'msg': 'Input should be a valid datetime', 'input': None}
  {'type': 'datetime_type', 'loc': ('response', 111, 'timestamp'), 'msg': 'Input should be a valid datetime', 'input': None}
  {'type': 'datetime_type', 'loc': ('response', 112, 'timestamp'), 'msg': 'Input should be a valid datetime', 'input': None}
  {'type': 'datetime_type', 'loc': ('response', 113, 'timestamp'), 'msg': 'Input should be a valid datetime', 'input': None}
  {'type': 'datetime_type', 'loc': ('response', 114, 'timestamp'), 'msg': 'Input should be a valid datetime', 'input': None}
  {'type': 'datetime_type', 'loc': ('response', 115, 'timestamp'), 'msg': 'Input should be a valid datetime', 'input': None}
  {'type': 'datetime_type', 'loc': ('response', 116, 'timestamp'), 'msg': 'Input should be a valid datetime', 'input': None}
  {'type': 'datetime_type', 'loc': ('response', 117, 'timestamp'), 'msg': 'Input should be a valid datetime', 'input': None}
  {'type': 'datetime_type', 'loc': ('response', 118, 'timestamp'), 'msg': 'Input should be a valid datetime', 'input': None}
  {'type': 'datetime_type', 'loc': ('response', 119, 'timestamp'), 'msg': 'Input should be a valid datetime', 'input': None}
  {'type': 'datetime_type', 'loc': ('response', 120, 'timestamp'), 'msg': 'Input should be a valid datetime', 'input': None}
  {'type': 'datetime_type', 'loc': ('response', 121, 'timestamp'), 'msg': 'Input should be a valid datetime', 'input': None}
  {'type': 'datetime_type', 'loc': ('response', 122, 'timestamp'), 'msg': 'Input should be a valid datetime', 'input': None}
  {'type': 'datetime_type', 'loc': ('response', 123, 'timestamp'), 'msg': 'Input should be a valid datetime', 'input': None}
  {'type': 'datetime_type', 'loc': ('response', 124, 'timestamp'), 'msg': 'Input should be a valid datetime', 'input': None}
  {'type': 'datetime_type', 'loc': ('response', 125, 'timestamp'), 'msg': 'Input should be a valid datetime', 'input': None}
  {'type': 'datetime_type', 'loc': ('response', 126, 'timestamp'), 'msg': 'Input should be a valid datetime', 'input': None}
  {'type': 'datetime_type', 'loc': ('response', 127, 'timestamp'), 'msg': 'Input should be a valid datetime', 'input': None}
  {'type': 'datetime_type', 'loc': ('response', 128, 'timestamp'), 'msg': 'Input should be a valid datetime', 'input': None}
  {'type': 'datetime_type', 'loc': ('response', 129, 'timestamp'), 'msg': 'Input should be a valid datetime', 'input': None}
  {'type': 'datetime_type', 'loc': ('response', 130, 'timestamp'), 'msg': 'Input should be a valid datetime', 'input': None}
  {'type': 'datetime_type', 'loc': ('response', 131, 'timestamp'), 'msg': 'Input should be a valid datetime', 'input': None}
  {'type': 'datetime_type', 'loc': ('response', 132, 'timestamp'), 'msg': 'Input should be a valid datetime', 'input': None}
  {'type': 'datetime_type', 'loc': ('response', 133, 'timestamp'), 'msg': 'Input should be a valid datetime', 'input': None}
  {'type': 'datetime_type', 'loc': ('response', 134, 'timestamp'), 'msg': 'Input should be a valid datetime', 'input': None}
  {'type': 'datetime_type', 'loc': ('response', 135, 'timestamp'), 'msg': 'Input should be a valid datetime', 'input': None}
  {'type': 'datetime_type', 'loc': ('response', 136, 'timestamp'), 'msg': 'Input should be a valid datetime', 'input': None}
  {'type': 'datetime_type', 'loc': ('response', 137, 'timestamp'), 'msg': 'Input should be a valid datetime', 'input': None}
  {'type': 'datetime_type', 'loc': ('response', 138, 'timestamp'), 'msg': 'Input should be a valid datetime', 'input': None}
  {'type': 'datetime_type', 'loc': ('response', 139, 'timestamp'), 'msg': 'Input should be a valid datetime', 'input': None}
  {'type': 'datetime_type', 'loc': ('response', 140, 'timestamp'), 'msg': 'Input should be a valid datetime', 'input': None}
  {'type': 'datetime_type', 'loc': ('response', 141, 'timestamp'), 'msg': 'Input should be a valid datetime', 'input': None}
  {'type': 'datetime_type', 'loc': ('response', 142, 'timestamp'), 'msg': 'Input should be a valid datetime', 'input': None}
  {'type': 'datetime_type', 'loc': ('response', 143, 'timestamp'), 'msg': 'Input should be a valid datetime', 'input': None}
  {'type': 'datetime_type', 'loc': ('response', 144, 'timestamp'), 'msg': 'Input should be a valid datetime', 'input': None}
  {'type': 'datetime_type', 'loc': ('response', 145, 'timestamp'), 'msg': 'Input should be a valid datetime', 'input': None}
  {'type': 'datetime_type', 'loc': ('response', 146, 'timestamp'), 'msg': 'Input should be a valid datetime', 'input': None}
  {'type': 'datetime_type', 'loc': ('response', 147, 'timestamp'), 'msg': 'Input should be a valid datetime', 'input': None}
  {'type': 'datetime_type', 'loc': ('response', 148, 'timestamp'), 'msg': 'Input should be a valid datetime', 'input': None}
  {'type': 'datetime_type', 'loc': ('response', 149, 'timestamp'), 'msg': 'Input should be a valid datetime', 'input': None}
  {'type': 'datetime_type', 'loc': ('response', 150, 'timestamp'), 'msg': 'Input should be a valid datetime', 'input': None}
  {'type': 'datetime_type', 'loc': ('response', 151, 'timestamp'), 'msg': 'Input should be a valid datetime', 'input': None}
  {'type': 'datetime_type', 'loc': ('response', 152, 'timestamp'), 'msg': 'Input should be a valid datetime', 'input': None}
  {'type': 'datetime_type', 'loc': ('response', 153, 'timestamp'), 'msg': 'Input should be a valid datetime', 'input': None}
  {'type': 'datetime_type', 'loc': ('response', 154, 'timestamp'), 'msg': 'Input should be a valid datetime', 'input': None}
  {'type': 'datetime_type', 'loc': ('response', 155, 'timestamp'), 'msg': 'Input should be a valid datetime', 'input': None}
  {'type': 'datetime_type', 'loc': ('response', 156, 'timestamp'), 'msg': 'Input should be a valid datetime', 'input': None}
  {'type': 'datetime_type', 'loc': ('response', 157, 'timestamp'), 'msg': 'Input should be a valid datetime', 'input': None}
  {'type': 'datetime_type', 'loc': ('response', 158, 'timestamp'), 'msg': 'Input should be a valid datetime', 'input': None}
  {'type': 'datetime_type', 'loc': ('response', 159, 'timestamp'), 'msg': 'Input should be a valid datetime', 'input': None}
  {'type': 'datetime_type', 'loc': ('response', 160, 'timestamp'), 'msg': 'Input should be a valid datetime', 'input': None}
  {'type': 'datetime_type', 'loc': ('response', 161, 'timestamp'), 'msg': 'Input should be a valid datetime', 'input': None}
  {'type': 'datetime_type', 'loc': ('response', 162, 'timestamp'), 'msg': 'Input should be a valid datetime', 'input': None}
  {'type': 'datetime_type', 'loc': ('response', 163, 'timestamp'), 'msg': 'Input should be a valid datetime', 'input': None}
  {'type': 'datetime_type', 'loc': ('response', 164, 'timestamp'), 'msg': 'Input should be a valid datetime', 'input': None}
  {'type': 'datetime_type', 'loc': ('response', 165, 'timestamp'), 'msg': 'Input should be a valid datetime', 'input': None}
  {'type': 'datetime_type', 'loc': ('response', 166, 'timestamp'), 'msg': 'Input should be a valid datetime', 'input': None}
  {'type': 'datetime_type', 'loc': ('response', 167, 'timestamp'), 'msg': 'Input should be a valid datetime', 'input': None}
  {'type': 'datetime_type', 'loc': ('response', 168, 'timestamp'), 'msg': 'Input should be a valid datetime', 'input': None}
  {'type': 'datetime_type', 'loc': ('response', 169, 'timestamp'), 'msg': 'Input should be a valid datetime', 'input': None}
  {'type': 'datetime_type', 'loc': ('response', 170, 'timestamp'), 'msg': 'Input should be a valid datetime', 'input': None}
  {'type': 'datetime_type', 'loc': ('response', 171, 'timestamp'), 'msg': 'Input should be a valid datetime', 'input': None}
  {'type': 'datetime_type', 'loc': ('response', 172, 'timestamp'), 'msg': 'Input should be a valid datetime', 'input': None}
  {'type': 'datetime_type', 'loc': ('response', 173, 'timestamp'), 'msg': 'Input should be a valid datetime', 'input': None}
  {'type': 'datetime_type', 'loc': ('response', 174, 'timestamp'), 'msg': 'Input should be a valid datetime', 'input': None}
  {'type': 'datetime_type', 'loc': ('response', 175, 'timestamp'), 'msg': 'Input should be a valid datetime', 'input': None}
  {'type': 'datetime_type', 'loc': ('response', 176, 'timestamp'), 'msg': 'Input should be a valid datetime', 'input': None}
  {'type': 'datetime_type', 'loc': ('response', 177, 'timestamp'), 'msg': 'Input should be a valid datetime', 'input': None}
  {'type': 'datetime_type', 'loc': ('response', 178, 'timestamp'), 'msg': 'Input should be a valid datetime', 'input': None}
  {'type': 'datetime_type', 'loc': ('response', 179, 'timestamp'), 'msg': 'Input should be a valid datetime', 'input': None}
  {'type': 'datetime_type', 'loc': ('response', 180, 'timestamp'), 'msg': 'Input should be a valid datetime', 'input': None}
  {'type': 'datetime_type', 'loc': ('response', 181, 'timestamp'), 'msg': 'Input should be a valid datetime', 'input': None}
  {'type': 'datetime_type', 'loc': ('response', 182, 'timestamp'), 'msg': 'Input should be a valid datetime', 'input': None}
  {'type': 'datetime_type', 'loc': ('response', 183, 'timestamp'), 'msg': 'Input should be a valid datetime', 'input': None}
  {'type': 'datetime_type', 'loc': ('response', 184, 'timestamp'), 'msg': 'Input should be a valid datetime', 'input': None}
  {'type': 'datetime_type', 'loc': ('response', 185, 'timestamp'), 'msg': 'Input should be a valid datetime', 'input': None}
  {'type': 'datetime_type', 'loc': ('response', 186, 'timestamp'), 'msg': 'Input should be a valid datetime', 'input': None}
  {'type': 'datetime_type', 'loc': ('response', 187, 'timestamp'), 'msg': 'Input should be a valid datetime', 'input': None}
  {'type': 'datetime_type', 'loc': ('response', 188, 'timestamp'), 'msg': 'Input should be a valid datetime', 'input': None}
  {'type': 'datetime_type', 'loc': ('response', 189, 'timestamp'), 'msg': 'Input should be a valid datetime', 'input': None}
  {'type': 'datetime_type', 'loc': ('response', 190, 'timestamp'), 'msg': 'Input should be a valid datetime', 'input': None}
  {'type': 'datetime_type', 'loc': ('response', 191, 'timestamp'), 'msg': 'Input should be a valid datetime', 'input': None}
  {'type': 'datetime_type', 'loc': ('response', 192, 'timestamp'), 'msg': 'Input should be a valid datetime', 'input': None}
  {'type': 'datetime_type', 'loc': ('response', 193, 'timestamp'), 'msg': 'Input should be a valid datetime', 'input': None}
  {'type': 'datetime_type', 'loc': ('response', 194, 'timestamp'), 'msg': 'Input should be a valid datetime', 'input': None}
  {'type': 'datetime_type', 'loc': ('response', 195, 'timestamp'), 'msg': 'Input should be a valid datetime', 'input': None}
  {'type': 'datetime_type', 'loc': ('response', 196, 'timestamp'), 'msg': 'Input should be a valid datetime', 'input': None}
  {'type': 'datetime_type', 'loc': ('response', 197, 'timestamp'), 'msg': 'Input should be a valid datetime', 'input': None}
  {'type': 'datetime_type', 'loc': ('response', 198, 'timestamp'), 'msg': 'Input should be a valid datetime', 'input': None}
  {'type': 'datetime_type', 'loc': ('response', 199, 'timestamp'), 'msg': 'Input should be a valid datetime', 'input': None}
  {'type': 'datetime_type', 'loc': ('response', 200, 'timestamp'), 'msg': 'Input should be a valid datetime', 'input': None}
  {'type': 'datetime_type', 'loc': ('response', 201, 'timestamp'), 'msg': 'Input should be a valid datetime', 'input': None}
  {'type': 'datetime_type', 'loc': ('response', 202, 'timestamp'), 'msg': 'Input should be a valid datetime', 'input': None}
  {'type': 'datetime_type', 'loc': ('response', 203, 'timestamp'), 'msg': 'Input should be a valid datetime', 'input': None}
  {'type': 'datetime_type', 'loc': ('response', 204, 'timestamp'), 'msg': 'Input should be a valid datetime', 'input': None}
  {'type': 'datetime_type', 'loc': ('response', 205, 'timestamp'), 'msg': 'Input should be a valid datetime', 'input': None}
  {'type': 'datetime_type', 'loc': ('response', 206, 'timestamp'), 'msg': 'Input should be a valid datetime', 'input': None}
  {'type': 'datetime_type', 'loc': ('response', 207, 'timestamp'), 'msg': 'Input should be a valid datetime', 'input': None}
  {'type': 'datetime_type', 'loc': ('response', 208, 'timestamp'), 'msg': 'Input should be a valid datetime', 'input': None}
  {'type': 'datetime_type', 'loc': ('response', 209, 'timestamp'), 'msg': 'Input should be a valid datetime', 'input': None}
  {'type': 'datetime_type', 'loc': ('response', 210, 'timestamp'), 'msg': 'Input should be a valid datetime', 'input': None}
  {'type': 'datetime_type', 'loc': ('response', 211, 'timestamp'), 'msg': 'Input should be a valid datetime', 'input': None}
  {'type': 'datetime_type', 'loc': ('response', 212, 'timestamp'), 'msg': 'Input should be a valid datetime', 'input': None}
  {'type': 'datetime_type', 'loc': ('response', 213, 'timestamp'), 'msg': 'Input should be a valid datetime', 'input': None}
  {'type': 'datetime_type', 'loc': ('response', 214, 'timestamp'), 'msg': 'Input should be a valid datetime', 'input': None}
  {'type': 'datetime_type', 'loc': ('response', 215, 'timestamp'), 'msg': 'Input should be a valid datetime', 'input': None}
  {'type': 'datetime_type', 'loc': ('response', 216, 'timestamp'), 'msg': 'Input should be a valid datetime', 'input': None}
  {'type': 'datetime_type', 'loc': ('response', 217, 'timestamp'), 'msg': 'Input should be a valid datetime', 'input': None}
  {'type': 'datetime_type', 'loc': ('response', 218, 'timestamp'), 'msg': 'Input should be a valid datetime', 'input': None}
  {'type': 'datetime_type', 'loc': ('response', 219, 'timestamp'), 'msg': 'Input should be a valid datetime', 'input': None}
  {'type': 'datetime_type', 'loc': ('response', 220, 'timestamp'), 'msg': 'Input should be a valid datetime', 'input': None}
  {'type': 'datetime_type', 'loc': ('response', 221, 'timestamp'), 'msg': 'Input should be a valid datetime', 'input': None}
  {'type': 'datetime_type', 'loc': ('response', 222, 'timestamp'), 'msg': 'Input should be a valid datetime', 'input': None}
  {'type': 'datetime_type', 'loc': ('response', 223, 'timestamp'), 'msg': 'Input should be a valid datetime', 'input': None}
  {'type': 'datetime_type', 'loc': ('response', 224, 'timestamp'), 'msg': 'Input should be a valid datetime', 'input': None}
  {'type': 'datetime_type', 'loc': ('response', 225, 'timestamp'), 'msg': 'Input should be a valid datetime', 'input': None}
  {'type': 'datetime_type', 'loc': ('response', 226, 'timestamp'), 'msg': 'Input should be a valid datetime', 'input': None}
  {'type': 'datetime_type', 'loc': ('response', 227, 'timestamp'), 'msg': 'Input should be a valid datetime', 'input': None}
  {'type': 'datetime_type', 'loc': ('response', 228, 'timestamp'), 'msg': 'Input should be a valid datetime', 'input': None}
  {'type': 'datetime_type', 'loc': ('response', 229, 'timestamp'), 'msg': 'Input should be a valid datetime', 'input': None}
  {'type': 'datetime_type', 'loc': ('response', 230, 'timestamp'), 'msg': 'Input should be a valid datetime', 'input': None}
  {'type': 'datetime_type', 'loc': ('response', 231, 'timestamp'), 'msg': 'Input should be a valid datetime', 'input': None}
  {'type': 'datetime_type', 'loc': ('response', 232, 'timestamp'), 'msg': 'Input should be a valid datetime', 'input': None}
  {'type': 'datetime_type', 'loc': ('response', 233, 'timestamp'), 'msg': 'Input should be a valid datetime', 'input': None}
  {'type': 'datetime_type', 'loc': ('response', 234, 'timestamp'), 'msg': 'Input should be a valid datetime', 'input': None}
  {'type': 'datetime_type', 'loc': ('response', 235, 'timestamp'), 'msg': 'Input should be a valid datetime', 'input': None}
  {'type': 'datetime_type', 'loc': ('response', 236, 'timestamp'), 'msg': 'Input should be a valid datetime', 'input': None}
  {'type': 'datetime_type', 'loc': ('response', 237, 'timestamp'), 'msg': 'Input should be a valid datetime', 'input': None}
  {'type': 'datetime_type', 'loc': ('response', 238, 'timestamp'), 'msg': 'Input should be a valid datetime', 'input': None}
  {'type': 'datetime_type', 'loc': ('response', 239, 'timestamp'), 'msg': 'Input should be a valid datetime', 'input': None}
  {'type': 'datetime_type', 'loc': ('response', 240, 'timestamp'), 'msg': 'Input should be a valid datetime', 'input': None}
  {'type': 'datetime_type', 'loc': ('response', 241, 'timestamp'), 'msg': 'Input should be a valid datetime', 'input': None}
  {'type': 'datetime_type', 'loc': ('response', 242, 'timestamp'), 'msg': 'Input should be a valid datetime', 'input': None}
  {'type': 'datetime_type', 'loc': ('response', 243, 'timestamp'), 'msg': 'Input should be a valid datetime', 'input': None}
  {'type': 'datetime_type', 'loc': ('response', 244, 'timestamp'), 'msg': 'Input should be a valid datetime', 'input': None}
  {'type': 'datetime_type', 'loc': ('response', 245, 'timestamp'), 'msg': 'Input should be a valid datetime', 'input': None}
  {'type': 'datetime_type', 'loc': ('response', 246, 'timestamp'), 'msg': 'Input should be a valid datetime', 'input': None}
  {'type': 'datetime_type', 'loc': ('response', 247, 'timestamp'), 'msg': 'Input should be a valid datetime', 'input': None}
  {'type': 'datetime_type', 'loc': ('response', 248, 'timestamp'), 'msg': 'Input should be a valid datetime', 'input': None}
  {'type': 'datetime_type', 'loc': ('response', 249, 'timestamp'), 'msg': 'Input should be a valid datetime', 'input': None}
  {'type': 'datetime_type', 'loc': ('response', 250, 'timestamp'), 'msg': 'Input should be a valid datetime', 'input': None}
  {'type': 'datetime_type', 'loc': ('response', 251, 'timestamp'), 'msg': 'Input should be a valid datetime', 'input': None}
  {'type': 'datetime_type', 'loc': ('response', 252, 'timestamp'), 'msg': 'Input should be a valid datetime', 'input': None}
  {'type': 'datetime_type', 'loc': ('response', 253, 'timestamp'), 'msg': 'Input should be a valid datetime', 'input': None}
  {'type': 'datetime_type', 'loc': ('response', 254, 'timestamp'), 'msg': 'Input should be a valid datetime', 'input': None}
  {'type': 'datetime_type', 'loc': ('response', 255, 'timestamp'), 'msg': 'Input should be a valid datetime', 'input': None}
  {'type': 'datetime_type', 'loc': ('response', 256, 'timestamp'), 'msg': 'Input should be a valid datetime', 'input': None}
  {'type': 'datetime_type', 'loc': ('response', 257, 'timestamp'), 'msg': 'Input should be a valid datetime', 'input': None}
  {'type': 'datetime_type', 'loc': ('response', 258, 'timestamp'), 'msg': 'Input should be a valid datetime', 'input': None}
  {'type': 'datetime_type', 'loc': ('response', 259, 'timestamp'), 'msg': 'Input should be a valid datetime', 'input': None}
  {'type': 'datetime_type', 'loc': ('response', 260, 'timestamp'), 'msg': 'Input should be a valid datetime', 'input': None}
  {'type': 'datetime_type', 'loc': ('response', 261, 'timestamp'), 'msg': 'Input should be a valid datetime', 'input': None}
  {'type': 'datetime_type', 'loc': ('response', 262, 'timestamp'), 'msg': 'Input should be a valid datetime', 'input': None}
  {'type': 'datetime_type', 'loc': ('response', 263, 'timestamp'), 'msg': 'Input should be a valid datetime', 'input': None}
  {'type': 'datetime_type', 'loc': ('response', 264, 'timestamp'), 'msg': 'Input should be a valid datetime', 'input': None}
  {'type': 'datetime_type', 'loc': ('response', 265, 'timestamp'), 'msg': 'Input should be a valid datetime', 'input': None}
  {'type': 'datetime_type', 'loc': ('response', 266, 'timestamp'), 'msg': 'Input should be a valid datetime', 'input': None}
  {'type': 'datetime_type', 'loc': ('response', 267, 'timestamp'), 'msg': 'Input should be a valid datetime', 'input': None}
  {'type': 'datetime_type', 'loc': ('response', 268, 'timestamp'), 'msg': 'Input should be a valid datetime', 'input': None}
  {'type': 'datetime_type', 'loc': ('response', 269, 'timestamp'), 'msg': 'Input should be a valid datetime', 'input': None}
  {'type': 'datetime_type', 'loc': ('response', 270, 'timestamp'), 'msg': 'Input should be a valid datetime', 'input': None}
  {'type': 'datetime_type', 'loc': ('response', 271, 'timestamp'), 'msg': 'Input should be a valid datetime', 'input': None}
  {'type': 'datetime_type', 'loc': ('response', 272, 'timestamp'), 'msg': 'Input should be a valid datetime', 'input': None}
  {'type': 'datetime_type', 'loc': ('response', 273, 'timestamp'), 'msg': 'Input should be a valid datetime', 'input': None}
  {'type': 'datetime_type', 'loc': ('response', 274, 'timestamp'), 'msg': 'Input should be a valid datetime', 'input': None}
  {'type': 'datetime_type', 'loc': ('response', 275, 'timestamp'), 'msg': 'Input should be a valid datetime', 'input': None}
  {'type': 'datetime_type', 'loc': ('response', 276, 'timestamp'), 'msg': 'Input should be a valid datetime', 'input': None}
  {'type': 'datetime_type', 'loc': ('response', 277, 'timestamp'), 'msg': 'Input should be a valid datetime', 'input': None}
  {'type': 'datetime_type', 'loc': ('response', 278, 'timestamp'), 'msg': 'Input should be a valid datetime', 'input': None}
  {'type': 'datetime_type', 'loc': ('response', 279, 'timestamp'), 'msg': 'Input should be a valid datetime', 'input': None}
  {'type': 'datetime_type', 'loc': ('response', 280, 'timestamp'), 'msg': 'Input should be a valid datetime', 'input': None}
  {'type': 'datetime_type', 'loc': ('response', 281, 'timestamp'), 'msg': 'Input should be a valid datetime', 'input': None}
  {'type': 'datetime_type', 'loc': ('response', 282, 'timestamp'), 'msg': 'Input should be a valid datetime', 'input': None}
  {'type': 'datetime_type', 'loc': ('response', 283, 'timestamp'), 'msg': 'Input should be a valid datetime', 'input': None}
  {'type': 'datetime_type', 'loc': ('response', 284, 'timestamp'), 'msg': 'Input should be a valid datetime', 'input': None}
  {'type': 'datetime_type', 'loc': ('response', 285, 'timestamp'), 'msg': 'Input should be a valid datetime', 'input': None}
  {'type': 'datetime_type', 'loc': ('response', 286, 'timestamp'), 'msg': 'Input should be a valid datetime', 'input': None}
  {'type': 'datetime_type', 'loc': ('response', 287, 'timestamp'), 'msg': 'Input should be a valid datetime', 'input': None}
  {'type': 'datetime_type', 'loc': ('response', 288, 'timestamp'), 'msg': 'Input should be a valid datetime', 'input': None}
  {'type': 'datetime_type', 'loc': ('response', 289, 'timestamp'), 'msg': 'Input should be a valid datetime', 'input': None}
  {'type': 'datetime_type', 'loc': ('response', 290, 'timestamp'), 'msg': 'Input should be a valid datetime', 'input': None}
  {'type': 'datetime_type', 'loc': ('response', 291, 'timestamp'), 'msg': 'Input should be a valid datetime', 'input': None}
  {'type': 'datetime_type', 'loc': ('response', 292, 'timestamp'), 'msg': 'Input should be a valid datetime', 'input': None}
  {'type': 'datetime_type', 'loc': ('response', 293, 'timestamp'), 'msg': 'Input should be a valid datetime', 'input': None}
  {'type': 'datetime_type', 'loc': ('response', 294, 'timestamp'), 'msg': 'Input should be a valid datetime', 'input': None}
  {'type': 'datetime_type', 'loc': ('response', 295, 'timestamp'), 'msg': 'Input should be a valid datetime', 'input': None}
  {'type': 'datetime_type', 'loc': ('response', 296, 'timestamp'), 'msg': 'Input should be a valid datetime', 'input': None}
  {'type': 'datetime_type', 'loc': ('response', 297, 'timestamp'), 'msg': 'Input should be a valid datetime', 'input': None}
  {'type': 'datetime_type', 'loc': ('response', 298, 'timestamp'), 'msg': 'Input should be a valid datetime', 'input': None}
  {'type': 'datetime_type', 'loc': ('response', 299, 'timestamp'), 'msg': 'Input should be a valid datetime', 'input': None}
  {'type': 'datetime_type', 'loc': ('response', 300, 'timestamp'), 'msg': 'Input should be a valid datetime', 'input': None}
  {'type': 'datetime_type', 'loc': ('response', 301, 'timestamp'), 'msg': 'Input should be a valid datetime', 'input': None}
  {'type': 'datetime_type', 'loc': ('response', 302, 'timestamp'), 'msg': 'Input should be a valid datetime', 'input': None}
  {'type': 'datetime_type', 'loc': ('response', 303, 'timestamp'), 'msg': 'Input should be a valid datetime', 'input': None}
  {'type': 'datetime_type', 'loc': ('response', 304, 'timestamp'), 'msg': 'Input should be a valid datetime', 'input': None}
  {'type': 'datetime_type', 'loc': ('response', 305, 'timestamp'), 'msg': 'Input should be a valid datetime', 'input': None}
  {'type': 'datetime_type', 'loc': ('response', 306, 'timestamp'), 'msg': 'Input should be a valid datetime', 'input': None}
  {'type': 'datetime_type', 'loc': ('response', 307, 'timestamp'), 'msg': 'Input should be a valid datetime', 'input': None}
  {'type': 'datetime_type', 'loc': ('response', 308, 'timestamp'), 'msg': 'Input should be a valid datetime', 'input': None}
  {'type': 'datetime_type', 'loc': ('response', 309, 'timestamp'), 'msg': 'Input should be a valid datetime', 'input': None}
  {'type': 'datetime_type', 'loc': ('response', 310, 'timestamp'), 'msg': 'Input should be a valid datetime', 'input': None}
  {'type': 'datetime_type', 'loc': ('response', 311, 'timestamp'), 'msg': 'Input should be a valid datetime', 'input': None}
  {'type': 'datetime_type', 'loc': ('response', 312, 'timestamp'), 'msg': 'Input should be a valid datetime', 'input': None}
  {'type': 'datetime_type', 'loc': ('response', 313, 'timestamp'), 'msg': 'Input should be a valid datetime', 'input': None}
  {'type': 'datetime_type', 'loc': ('response', 314, 'timestamp'), 'msg': 'Input should be a valid datetime', 'input': None}
  {'type': 'datetime_type', 'loc': ('response', 315, 'timestamp'), 'msg': 'Input should be a valid datetime', 'input': None}
  {'type': 'datetime_type', 'loc': ('response', 316, 'timestamp'), 'msg': 'Input should be a valid datetime', 'input': None}
  {'type': 'datetime_type', 'loc': ('response', 317, 'timestamp'), 'msg': 'Input should be a valid datetime', 'input': None}
  {'type': 'datetime_type', 'loc': ('response', 318, 'timestamp'), 'msg': 'Input should be a valid datetime', 'input': None}
  {'type': 'datetime_type', 'loc': ('response', 319, 'timestamp'), 'msg': 'Input should be a valid datetime', 'input': None}
  {'type': 'datetime_type', 'loc': ('response', 320, 'timestamp'), 'msg': 'Input should be a valid datetime', 'input': None}
  {'type': 'datetime_type', 'loc': ('response', 321, 'timestamp'), 'msg': 'Input should be a valid datetime', 'input': None}
  {'type': 'datetime_type', 'loc': ('response', 322, 'timestamp'), 'msg': 'Input should be a valid datetime', 'input': None}
  {'type': 'datetime_type', 'loc': ('response', 323, 'timestamp'), 'msg': 'Input should be a valid datetime', 'input': None}
  {'type': 'datetime_type', 'loc': ('response', 324, 'timestamp'), 'msg': 'Input should be a valid datetime', 'input': None}
  {'type': 'datetime_type', 'loc': ('response', 325, 'timestamp'), 'msg': 'Input should be a valid datetime', 'input': None}
  {'type': 'datetime_type', 'loc': ('response', 326, 'timestamp'), 'msg': 'Input should be a valid datetime', 'input': None}
  {'type': 'datetime_type', 'loc': ('response', 327, 'timestamp'), 'msg': 'Input should be a valid datetime', 'input': None}
  {'type': 'datetime_type', 'loc': ('response', 328, 'timestamp'), 'msg': 'Input should be a valid datetime', 'input': None}
  {'type': 'datetime_type', 'loc': ('response', 329, 'timestamp'), 'msg': 'Input should be a valid datetime', 'input': None}
  {'type': 'datetime_type', 'loc': ('response', 330, 'timestamp'), 'msg': 'Input should be a valid datetime', 'input': None}
  {'type': 'datetime_type', 'loc': ('response', 331, 'timestamp'), 'msg': 'Input should be a valid datetime', 'input': None}
  {'type': 'datetime_type', 'loc': ('response', 332, 'timestamp'), 'msg': 'Input should be a valid datetime', 'input': None}
  {'type': 'datetime_type', 'loc': ('response', 333, 'timestamp'), 'msg': 'Input should be a valid datetime', 'input': None}
  {'type': 'datetime_type', 'loc': ('response', 334, 'timestamp'), 'msg': 'Input should be a valid datetime', 'input': None}
  {'type': 'datetime_type', 'loc': ('response', 335, 'timestamp'), 'msg': 'Input should be a valid datetime', 'input': None}
  {'type': 'datetime_type', 'loc': ('response', 336, 'timestamp'), 'msg': 'Input should be a valid datetime', 'input': None}
  {'type': 'datetime_type', 'loc': ('response', 337, 'timestamp'), 'msg': 'Input should be a valid datetime', 'input': None}
  {'type': 'datetime_type', 'loc': ('response', 338, 'timestamp'), 'msg': 'Input should be a valid datetime', 'input': None}
  {'type': 'datetime_type', 'loc': ('response', 339, 'timestamp'), 'msg': 'Input should be a valid datetime', 'input': None}
  {'type': 'datetime_type', 'loc': ('response', 340, 'timestamp'), 'msg': 'Input should be a valid datetime', 'input': None}
  {'type': 'datetime_type', 'loc': ('response', 341, 'timestamp'), 'msg': 'Input should be a valid datetime', 'input': None}
  {'type': 'datetime_type', 'loc': ('response', 342, 'timestamp'), 'msg': 'Input should be a valid datetime', 'input': None}
  {'type': 'datetime_type', 'loc': ('response', 343, 'timestamp'), 'msg': 'Input should be a valid datetime', 'input': None}
  {'type': 'datetime_type', 'loc': ('response', 344, 'timestamp'), 'msg': 'Input should be a valid datetime', 'input': None}
  {'type': 'datetime_type', 'loc': ('response', 345, 'timestamp'), 'msg': 'Input should be a valid datetime', 'input': None}
  {'type': 'datetime_type', 'loc': ('response', 346, 'timestamp'), 'msg': 'Input should be a valid datetime', 'input': None}
  {'type': 'datetime_type', 'loc': ('response', 347, 'timestamp'), 'msg': 'Input should be a valid datetime', 'input': None}
  {'type': 'datetime_type', 'loc': ('response', 348, 'timestamp'), 'msg': 'Input should be a valid datetime', 'input': None}
  {'type': 'datetime_type', 'loc': ('response', 349, 'timestamp'), 'msg': 'Input should be a valid datetime', 'input': None}
  {'type': 'datetime_type', 'loc': ('response', 350, 'timestamp'), 'msg': 'Input should be a valid datetime', 'input': None}
  {'type': 'datetime_type', 'loc': ('response', 351, 'timestamp'), 'msg': 'Input should be a valid datetime', 'input': None}
  {'type': 'datetime_type', 'loc': ('response', 352, 'timestamp'), 'msg': 'Input should be a valid datetime', 'input': None}
  {'type': 'datetime_type', 'loc': ('response', 353, 'timestamp'), 'msg': 'Input should be a valid datetime', 'input': None}
  {'type': 'datetime_type', 'loc': ('response', 354, 'timestamp'), 'msg': 'Input should be a valid datetime', 'input': None}
  {'type': 'datetime_type', 'loc': ('response', 355, 'timestamp'), 'msg': 'Input should be a valid datetime', 'input': None}
  {'type': 'datetime_type', 'loc': ('response', 356, 'timestamp'), 'msg': 'Input should be a valid datetime', 'input': None}
  {'type': 'datetime_type', 'loc': ('response', 357, 'timestamp'), 'msg': 'Input should be a valid datetime', 'input': None}
  {'type': 'datetime_type', 'loc': ('response', 358, 'timestamp'), 'msg': 'Input should be a valid datetime', 'input': None}
  {'type': 'datetime_type', 'loc': ('response', 359, 'timestamp'), 'msg': 'Input should be a valid datetime', 'input': None}
  {'type': 'datetime_type', 'loc': ('response', 360, 'timestamp'), 'msg': 'Input should be a valid datetime', 'input': None}
  {'type': 'datetime_type', 'loc': ('response', 361, 'timestamp'), 'msg': 'Input should be a valid datetime', 'input': None}
  {'type': 'datetime_type', 'loc': ('response', 362, 'timestamp'), 'msg': 'Input should be a valid datetime', 'input': None}
  {'type': 'datetime_type', 'loc': ('response', 363, 'timestamp'), 'msg': 'Input should be a valid datetime', 'input': None}
  {'type': 'datetime_type', 'loc': ('response', 364, 'timestamp'), 'msg': 'Input should be a valid datetime', 'input': None}
  {'type': 'datetime_type', 'loc': ('response', 365, 'timestamp'), 'msg': 'Input should be a valid datetime', 'input': None}
  {'type': 'datetime_type', 'loc': ('response', 366, 'timestamp'), 'msg': 'Input should be a valid datetime', 'input': None}
  {'type': 'datetime_type', 'loc': ('response', 367, 'timestamp'), 'msg': 'Input should be a valid datetime', 'input': None}
  {'type': 'datetime_type', 'loc': ('response', 368, 'timestamp'), 'msg': 'Input should be a valid datetime', 'input': None}
  {'type': 'datetime_type', 'loc': ('response', 369, 'timestamp'), 'msg': 'Input should be a valid datetime', 'input': None}
  {'type': 'datetime_type', 'loc': ('response', 370, 'timestamp'), 'msg': 'Input should be a valid datetime', 'input': None}
  {'type': 'datetime_type', 'loc': ('response', 371, 'timestamp'), 'msg': 'Input should be a valid datetime', 'input': None}
  {'type': 'datetime_type', 'loc': ('response', 372, 'timestamp'), 'msg': 'Input should be a valid datetime', 'input': None}
  {'type': 'datetime_type', 'loc': ('response', 373, 'timestamp'), 'msg': 'Input should be a valid datetime', 'input': None}
  {'type': 'datetime_type', 'loc': ('response', 374, 'timestamp'), 'msg': 'Input should be a valid datetime', 'input': None}
  {'type': 'datetime_type', 'loc': ('response', 375, 'timestamp'), 'msg': 'Input should be a valid datetime', 'input': None}
  {'type': 'datetime_type', 'loc': ('response', 376, 'timestamp'), 'msg': 'Input should be a valid datetime', 'input': None}
  {'type': 'datetime_type', 'loc': ('response', 377, 'timestamp'), 'msg': 'Input should be a valid datetime', 'input': None}
  {'type': 'datetime_type', 'loc': ('response', 378, 'timestamp'), 'msg': 'Input should be a valid datetime', 'input': None}
  {'type': 'datetime_type', 'loc': ('response', 379, 'timestamp'), 'msg': 'Input should be a valid datetime', 'input': None}
  {'type': 'datetime_type', 'loc': ('response', 380, 'timestamp'), 'msg': 'Input should be a valid datetime', 'input': None}
  {'type': 'datetime_type', 'loc': ('response', 381, 'timestamp'), 'msg': 'Input should be a valid datetime', 'input': None}
  {'type': 'datetime_type', 'loc': ('response', 382, 'timestamp'), 'msg': 'Input should be a valid datetime', 'input': None}
  {'type': 'datetime_type', 'loc': ('response', 383, 'timestamp'), 'msg': 'Input should be a valid datetime', 'input': None}
  {'type': 'datetime_type', 'loc': ('response', 384, 'timestamp'), 'msg': 'Input should be a valid datetime', 'input': None}
  {'type': 'datetime_type', 'loc': ('response', 385, 'timestamp'), 'msg': 'Input should be a valid datetime', 'input': None}
  {'type': 'datetime_type', 'loc': ('response', 386, 'timestamp'), 'msg': 'Input should be a valid datetime', 'input': None}
  {'type': 'datetime_type', 'loc': ('response', 387, 'timestamp'), 'msg': 'Input should be a valid datetime', 'input': None}
  {'type': 'datetime_type', 'loc': ('response', 388, 'timestamp'), 'msg': 'Input should be a valid datetime', 'input': None}
  {'type': 'datetime_type', 'loc': ('response', 389, 'timestamp'), 'msg': 'Input should be a valid datetime', 'input': None}
  {'type': 'datetime_type', 'loc': ('response', 390, 'timestamp'), 'msg': 'Input should be a valid datetime', 'input': None}
  {'type': 'datetime_type', 'loc': ('response', 391, 'timestamp'), 'msg': 'Input should be a valid datetime', 'input': None}
  {'type': 'datetime_type', 'loc': ('response', 392, 'timestamp'), 'msg': 'Input should be a valid datetime', 'input': None}
  {'type': 'datetime_type', 'loc': ('response', 393, 'timestamp'), 'msg': 'Input should be a valid datetime', 'input': None}
  {'type': 'datetime_type', 'loc': ('response', 394, 'timestamp'), 'msg': 'Input should be a valid datetime', 'input': None}
  {'type': 'datetime_type', 'loc': ('response', 395, 'timestamp'), 'msg': 'Input should be a valid datetime', 'input': None}
  {'type': 'datetime_type', 'loc': ('response', 396, 'timestamp'), 'msg': 'Input should be a valid datetime', 'input': None}
  {'type': 'datetime_type', 'loc': ('response', 397, 'timestamp'), 'msg': 'Input should be a valid datetime', 'input': None}
  {'type': 'datetime_type', 'loc': ('response', 398, 'timestamp'), 'msg': 'Input should be a valid datetime', 'input': None}
  {'type': 'datetime_type', 'loc': ('response', 399, 'timestamp'), 'msg': 'Input should be a valid datetime', 'input': None}
  {'type': 'datetime_type', 'loc': ('response', 400, 'timestamp'), 'msg': 'Input should be a valid datetime', 'input': None}
  {'type': 'datetime_type', 'loc': ('response', 401, 'timestamp'), 'msg': 'Input should be a valid datetime', 'input': None}
  {'type': 'datetime_type', 'loc': ('response', 402, 'timestamp'), 'msg': 'Input should be a valid datetime', 'input': None}
  {'type': 'datetime_type', 'loc': ('response', 403, 'timestamp'), 'msg': 'Input should be a valid datetime', 'input': None}
  {'type': 'datetime_type', 'loc': ('response', 404, 'timestamp'), 'msg': 'Input should be a valid datetime', 'input': None}
  {'type': 'datetime_type', 'loc': ('response', 405, 'timestamp'), 'msg': 'Input should be a valid datetime', 'input': None}
  {'type': 'datetime_type', 'loc': ('response', 406, 'timestamp'), 'msg': 'Input should be a valid datetime', 'input': None}
  {'type': 'datetime_type', 'loc': ('response', 407, 'timestamp'), 'msg': 'Input should be a valid datetime', 'input': None}
  {'type': 'datetime_type', 'loc': ('response', 408, 'timestamp'), 'msg': 'Input should be a valid datetime', 'input': None}

  File "E:\medcare-ai\app\api\routes_recommendations.py", line 20, in get_recommendations
    GET /api/recommendations
2026-08-13 07:42:38,460 [INFO] medcare: Endpoint /api/recommendations served in 0.1097s
2026-08-13 07:42:39,527 [INFO] medcare: Endpoint /api/dashboard/summary served in 2.9973s
2026-08-13 07:42:40,380 [INFO] medcare: Endpoint /api/inventory/expiry-risks served in 1.8720s
2026-08-13 07:42:41,884 [INFO] medcare: Endpoint /api/inventory/expiry-risks served in 1.5004s
2026-08-13 07:42:48,249 [INFO] medcare: Endpoint /api/inventory/status served in 8.7071s
2026-08-13 07:42:48,290 [INFO] medcare: Endpoint /api/recommendations served in 0.0345s
2026-08-13 07:42:49,455 [INFO] medcare: Endpoint /api/inventory/expiry-risks served in 1.1561s
2026-08-13 07:43:04,387 [INFO] medcare: Generating action recommendations for date 2026-08-12...
2026-08-13 07:43:04,442 [INFO] medcare: Generating inter-DC transfer recommendations for date 2026-08-12...
2026-08-13 07:43:28,141 [INFO] medcare: Generated and stored 409 action recommendations in database.
2026-08-13 07:43:28,159 [INFO] medcare: Endpoint /api/recommendations served in 23.7747s
2026-08-13 07:43:28,167 [INFO] medcare: Generating action recommendations for date 2026-08-12...
2026-08-13 07:43:28,181 [INFO] medcare: Generating inter-DC transfer recommendations for date 2026-08-12...
2026-08-13 07:43:29,807 [INFO] medcare: Endpoint /api/dashboard/summary served in 1.6356s
2026-08-13 07:43:33,104 [INFO] medcare: Endpoint /api/dashboard/summary served in 1.7031s
2026-08-13 07:43:42,057 [INFO] medcare: Endpoint /api/inventory/status served in 12.2432s
2026-08-13 07:43:42,404 [INFO] medcare: Generating action recommendations for date 2026-08-12...
2026-08-13 07:43:42,487 [INFO] medcare: Generating inter-DC transfer recommendations for date 2026-08-12...
2026-08-13 07:43:49,077 [INFO] medcare: Endpoint /api/forecast/historical-comparison served in 0.0793s
2026-08-13 07:43:52,981 [INFO] medcare: Endpoint /api/dashboard/summary served in 2.2588s
2026-08-13 07:43:59,559 [INFO] medcare: Endpoint /api/inventory/status served in 17.4923s
2026-08-13 07:44:04,806 [INFO] medcare: Generating action recommendations for date 2026-08-12...
2026-08-13 07:44:04,896 [INFO] medcare: Generating inter-DC transfer recommendations for date 2026-08-12...
2026-08-13 07:44:10,843 [INFO] medcare: Endpoint /api/inventory/status served in 11.2768s
2026-08-13 07:44:11,788 [INFO] medcare: Generated and stored 409 action recommendations in database.
2026-08-13 07:44:11,808 [INFO] medcare: Endpoint /api/recommendations served in 43.6423s
2026-08-13 07:44:12,844 [INFO] medcare: Endpoint /api/dashboard/summary served in 1.0027s
2026-08-13 07:44:19,898 [INFO] medcare: Endpoint /api/recommendations served in 0.0145s
2026-08-13 07:44:21,488 [INFO] medcare: Endpoint /api/inventory/expiry-risks served in 1.5826s
2026-08-13 07:44:23,115 [INFO] medcare: Endpoint /api/inventory/status served in 10.2634s
2026-08-13 07:44:24,113 [ERROR] medcare: Global exception caught on path /api/recommendations: (sqlite3.IntegrityError) UNIQUE constraint failed: recommendations.recommendation_id
[SQL: INSERT INTO recommendations (recommendation_id, timestamp, sku_id, dc_id, action_type, quantity, priority, reason, expected_impact, confidence, status) VALUES (?, ?, ?, ?, ?, ?, ?, ?, ?, ?, ?)]
[parameters: [('REC-TR-C650F4', '2026-08-13 02:14:24.055951', 'MED003', 'DC002', 'TRANSFER', 205.55999999999983, 'MEDIUM', 'Inter-DC transfer recommended from Kolkata DC to Bangalore DC. Source DC has surplus stock of batch BAT05769 expiring in 279 days, while destination DC has stock shortage of 362 units below reorder point.', 'Avoids waste at Kolkata DC and resolves stock-out risk at Bangalore DC.', 0.9, 'PENDING'), ('REC-TR-7E7FD5', '2026-08-13 02:14:24.055954', 'MED003', 'DC002', 'TRANSFER', 66.05999999999983, 'MEDIUM', 'Inter-DC transfer recommended from Ahmedabad DC to Bangalore DC. Source DC has surplus stock of batch BAT06109 expiring in 287 days, while destination DC has stock shortage of 156 units below reorder point.', 'Avoids waste at Ahmedabad DC and resolves stock-out risk at Bangalore DC.', 0.9, 'PENDING'), ('REC-TR-BCBDF2', '2026-08-13 02:14:24.055956', 'MED003', 'DC002', 'TRANSFER', 90.25000000000057, 'MEDIUM', 'Inter-DC transfer recommended from Kolkata DC to Bangalore DC. Source DC has surplus stock of batch BAT06108 expiring in 289 days, while destination DC has stock shortage of 90 units below reorder point.', 'Avoids waste at Kolkata DC and resolves stock-out risk at Bangalore DC.', 0.9, 'PENDING'), ('REC-TR-66D663', '2026-08-13 02:14:24.055957', 'MED003', 'DC005', 'TRANSFER', 84.90000000000003, 'MEDIUM', 'Inter-DC transfer recommended from Kolkata DC to Delhi DC. Source DC has surplus stock of batch BAT06108 expiring in 289 days, while destination DC has stock shortage of 85 units below reorder point.', 'Avoids waste at Kolkata DC and resolves stock-out risk at Delhi DC.', 0.9, 'PENDING'), ('REC-TR-9321B8', '2026-08-13 02:14:24.055958', 'MED003', 'DC001', 'TRANSFER', 82.05000000000007, 'MEDIUM', 'Inter-DC transfer recommended from Kolkata DC to Chennai DC. Source DC has surplus stock of batch BAT06108 expiring in 289 days, while destination DC has stock shortage of 82 units below reorder point.', 'Avoids waste at Kolkata DC and resolves stock-out risk at Chennai DC.', 0.9, 'PENDING'), ('REC-TR-49B63C', '2026-08-13 02:14:24.055960', 'MED004', 'DC004', 'TRANSFER', 68.78000000000048, 'MEDIUM', 'Inter-DC transfer recommended from Kolkata DC to Mumbai DC. Source DC has surplus stock of batch BAT05666 expiring in 521 days, while destination DC has stock shortage of 439 units below reorder point.', 'Avoids waste at Kolkata DC and resolves stock-out risk at Mumbai DC.', 0.9, 'PENDING'), ('REC-TR-6963F8', '2026-08-13 02:14:24.055961', 'MED004', 'DC004', 'TRANSFER', 219.07999999999973, 'MEDIUM', 'Inter-DC transfer recommended from Ahmedabad DC to Mumbai DC. Source DC has surplus stock of batch BAT05835 expiring in 524 days, while destination DC has stock shortage of 370 units below reorder point.', 'Avoids waste at Ahmedabad DC and resolves stock-out risk at Mumbai DC.', 0.9, 'PENDING'), ('REC-TR-54878C', '2026-08-13 02:14:24.055962', 'MED004', 'DC004', 'TRANSFER', 151.15000000000006, 'MEDIUM', 'Inter-DC transfer recommended from Kolkata DC to Mumbai DC. Source DC has surplus stock of batch BAT06005 expiring in 531 days, while destination DC has stock shortage of 151 units below reorder point.', 'Avoids waste at Kolkata DC and resolves stock-out risk at Mumbai DC.', 0.9, 'PENDING')  ... displaying 10 of 409 total bound parameter sets ...  ('REC-RP-445C07', '2026-08-13 02:14:24.056493', 'MED040', 'DC006', 'REPLENISH', 128.5900000000002, 'MEDIUM', 'Medication-RES-40 (MED040) at Kolkata DC requires 129 additional units. The 7-day demand forecast is 189 units, while available stock is only 377 uni ... (94 characters truncated) ... t stock is below the calculated reorder point of 318 units, ordering 129 units is recommended to re-establish the safety stock and prevent stockouts.', 'Reorder stock according to lead times.', 0.83, 'PENDING'), ('REC-RP-9E1E17', '2026-08-13 02:14:24.056494', 'MED040', 'DC008', 'MONITOR', 0.0, 'MEDIUM', 'Monitor inventory of Medication-RES-40 at Ahmedabad DC closely. Current inventory is 165 units, which is close to the reorder point of 258 units. No order is scheduled yet, but demand sensing indicates potential regional upward trends.', 'Monitor stock level and incoming shipments.', 0.83, 'PENDING')]]
(Background on this error at: https://sqlalche.me/e/20/gkpj)
Traceback (most recent call last):
  File "E:\anaconda3\Lib\site-packages\sqlalchemy\engine\base.py", line 1933, in _exec_single_context
    self.dialect.do_executemany(
    ~~~~~~~~~~~~~~~~~~~~~~~~~~~^
        cursor,
        ^^^^^^^
    ...<2 lines>...
        context,
        ^^^^^^^^
    )
    ^
  File "E:\anaconda3\Lib\site-packages\sqlalchemy\engine\default.py", line 939, in do_executemany
    cursor.executemany(statement, parameters)
    ~~~~~~~~~~~~~~~~~~^^^^^^^^^^^^^^^^^^^^^^^
sqlite3.IntegrityError: UNIQUE constraint failed: recommendations.recommendation_id

The above exception was the direct cause of the following exception:

Traceback (most recent call last):
  File "E:\anaconda3\Lib\site-packages\starlette\middleware\errors.py", line 164, in __call__
    await self.app(scope, receive, _send)
  File "E:\anaconda3\Lib\site-packages\starlette\middleware\base.py", line 193, in __call__
    response = await self.dispatch_func(request, call_next)
               ^^^^^^^^^^^^^^^^^^^^^^^^^^^^^^^^^^^^^^^^^^^^
  File "E:\medcare-ai\app\api\main.py", line 37, in add_process_time_header
    response = await call_next(request)
               ^^^^^^^^^^^^^^^^^^^^^^^^
  File "E:\anaconda3\Lib\site-packages\starlette\middleware\base.py", line 168, in call_next
    raise app_exc from app_exc.__cause__ or app_exc.__context__
  File "E:\anaconda3\Lib\site-packages\starlette\middleware\base.py", line 144, in coro
    await self.app(scope, receive_or_disconnect, send_no_error)
  File "E:\anaconda3\Lib\site-packages\starlette\middleware\cors.py", line 88, in __call__
    await self.app(scope, receive, send)
  File "E:\anaconda3\Lib\site-packages\starlette\middleware\exceptions.py", line 63, in __call__
    await wrap_app_handling_exceptions(self.app, conn)(scope, receive, send)
  File "E:\anaconda3\Lib\site-packages\starlette\_exception_handler.py", line 53, in wrapped_app
    raise exc
  File "E:\anaconda3\Lib\site-packages\starlette\_exception_handler.py", line 42, in wrapped_app
    await app(scope, receive, sender)
  File "E:\anaconda3\Lib\site-packages\fastapi\middleware\asyncexitstack.py", line 18, in __call__
    await self.app(scope, receive, send)
  File "E:\anaconda3\Lib\site-packages\starlette\routing.py", line 660, in __call__
    await self.middleware_stack(scope, receive, send)
  File "E:\anaconda3\Lib\site-packages\fastapi\routing.py", line 2685, in app
    await route.handle(scope, receive, send)
  File "E:\anaconda3\Lib\site-packages\fastapi\routing.py", line 1766, in handle
    await self.original_router.handle(scope, receive, send)
  File "E:\anaconda3\Lib\site-packages\fastapi\routing.py", line 2740, in handle
    await included_router._handle_selected(scope, receive, send)
  File "E:\anaconda3\Lib\site-packages\fastapi\routing.py", line 1786, in _handle_selected
    await original_route.handle(scope, receive, send)
  File "E:\anaconda3\Lib\site-packages\fastapi\routing.py", line 1265, in handle
    await app(scope, receive, send)
  File "E:\anaconda3\Lib\site-packages\fastapi\routing.py", line 151, in app
    await wrap_app_handling_exceptions(app, request)(scope, receive, send)
  File "E:\anaconda3\Lib\site-packages\starlette\_exception_handler.py", line 53, in wrapped_app
    raise exc
  File "E:\anaconda3\Lib\site-packages\starlette\_exception_handler.py", line 42, in wrapped_app
    await app(scope, receive, sender)
  File "E:\anaconda3\Lib\site-packages\fastapi\routing.py", line 137, in app
    response = await f(request)
               ^^^^^^^^^^^^^^^^
  File "E:\anaconda3\Lib\site-packages\fastapi\routing.py", line 691, in app
    raw_response = await run_endpoint_function(
                   ^^^^^^^^^^^^^^^^^^^^^^^^^^^^
    ...<3 lines>...
    )
    ^
  File "E:\anaconda3\Lib\site-packages\fastapi\routing.py", line 347, in run_endpoint_function
    return await run_in_threadpool(dependant.call, **values)
           ^^^^^^^^^^^^^^^^^^^^^^^^^^^^^^^^^^^^^^^^^^^^^^^^^
  File "E:\anaconda3\Lib\site-packages\starlette\concurrency.py", line 34, in run_in_threadpool
    return await anyio.to_thread.run_sync(func)
           ^^^^^^^^^^^^^^^^^^^^^^^^^^^^^^^^^^^^
  File "E:\anaconda3\Lib\site-packages\anyio\to_thread.py", line 56, in run_sync
    return await get_async_backend().run_sync_in_worker_thread(
           ^^^^^^^^^^^^^^^^^^^^^^^^^^^^^^^^^^^^^^^^^^^^^^^^^^^^
        func, args, abandon_on_cancel=abandon_on_cancel, limiter=limiter
        ^^^^^^^^^^^^^^^^^^^^^^^^^^^^^^^^^^^^^^^^^^^^^^^^^^^^^^^^^^^^^^^^
    )
    ^
  File "E:\anaconda3\Lib\site-packages\anyio\_backends\_asyncio.py", line 2505, in run_sync_in_worker_thread
    return await future
           ^^^^^^^^^^^^
  File "E:\anaconda3\Lib\site-packages\anyio\_backends\_asyncio.py", line 1005, in run
    result = context.run(func, *args)
  File "E:\medcare-ai\app\api\routes_recommendations.py", line 37, in get_recommendations
    recs = rec_service.generate_recommendations(db, current_date)
  File "E:\medcare-ai\app\services\recommendation_service.py", line 178, in generate_recommendations
    db.bulk_save_objects(recs_to_save)
    ~~~~~~~~~~~~~~~~~~~~^^^^^^^^^^^^^^
  File "E:\anaconda3\Lib\site-packages\sqlalchemy\orm\session.py", line 4586, in bulk_save_objects
    self._bulk_save_mappings(
    ~~~~~~~~~~~~~~~~~~~~~~~~^
        mapper,
        ^^^^^^^
    ...<5 lines>...
        render_nulls=False,
        ^^^^^^^^^^^^^^^^^^^
    )
    ^
  File "E:\anaconda3\Lib\site-packages\sqlalchemy\orm\session.py", line 4763, in _bulk_save_mappings
    with util.safe_reraise():
         ~~~~~~~~~~~~~~~~~^^
  File "E:\anaconda3\Lib\site-packages\sqlalchemy\util\langhelpers.py", line 146, in __exit__
    raise exc_value.with_traceback(exc_tb)
  File "E:\anaconda3\Lib\site-packages\sqlalchemy\orm\session.py", line 4752, in _bulk_save_mappings
    bulk_persistence._bulk_insert(
    ~~~~~~~~~~~~~~~~~~~~~~~~~~~~~^
        mapper,
        ^^^^^^^
    ...<4 lines>...
        render_nulls=render_nulls,
        ^^^^^^^^^^^^^^^^^^^^^^^^^^
    )
    ^
  File "E:\anaconda3\Lib\site-packages\sqlalchemy\orm\bulk_persistence.py", line 222, in _bulk_insert
    result = persistence._emit_insert_statements(
        base_mapper,
    ...<6 lines>...
        execution_options=execution_options,
    )
  File "E:\anaconda3\Lib\site-packages\sqlalchemy\orm\persistence.py", line 1048, in _emit_insert_statements
    result = connection.execute(
        statement, multiparams, execution_options=execution_options
    )
  File "E:\anaconda3\Lib\site-packages\sqlalchemy\engine\base.py", line 1416, in execute
    return meth(
        self,
        distilled_parameters,
        execution_options or NO_OPTIONS,
    )
  File "E:\anaconda3\Lib\site-packages\sqlalchemy\sql\elements.py", line 523, in _execute_on_connection
    return connection._execute_clauseelement(
           ~~~~~~~~~~~~~~~~~~~~~~~~~~~~~~~~~^
        self, distilled_params, execution_options
        ^^^^^^^^^^^^^^^^^^^^^^^^^^^^^^^^^^^^^^^^^
    )
    ^
  File "E:\anaconda3\Lib\site-packages\sqlalchemy\engine\base.py", line 1638, in _execute_clauseelement
    ret = self._execute_context(
        dialect,
    ...<8 lines>...
        cache_hit=cache_hit,
    )
  File "E:\anaconda3\Lib\site-packages\sqlalchemy\engine\base.py", line 1843, in _execute_context
    return self._exec_single_context(
           ~~~~~~~~~~~~~~~~~~~~~~~~~^
        dialect, context, statement, parameters
        ^^^^^^^^^^^^^^^^^^^^^^^^^^^^^^^^^^^^^^^
    )
    ^
  File "E:\anaconda3\Lib\site-packages\sqlalchemy\engine\base.py", line 1983, in _exec_single_context
    self._handle_dbapi_exception(
    ~~~~~~~~~~~~~~~~~~~~~~~~~~~~^
        e, str_statement, effective_parameters, cursor, context
        ^^^^^^^^^^^^^^^^^^^^^^^^^^^^^^^^^^^^^^^^^^^^^^^^^^^^^^^
    )
    ^
  File "E:\anaconda3\Lib\site-packages\sqlalchemy\engine\base.py", line 2352, in _handle_dbapi_exception
    raise sqlalchemy_exception.with_traceback(exc_info[2]) from e
  File "E:\anaconda3\Lib\site-packages\sqlalchemy\engine\base.py", line 1933, in _exec_single_context
    self.dialect.do_executemany(
    ~~~~~~~~~~~~~~~~~~~~~~~~~~~^
        cursor,
        ^^^^^^^
    ...<2 lines>...
        context,
        ^^^^^^^^
    )
    ^
  File "E:\anaconda3\Lib\site-packages\sqlalchemy\engine\default.py", line 939, in do_executemany
    cursor.executemany(statement, parameters)
    ~~~~~~~~~~~~~~~~~~^^^^^^^^^^^^^^^^^^^^^^^
sqlalchemy.exc.IntegrityError: (sqlite3.IntegrityError) UNIQUE constraint failed: recommendations.recommendation_id
[SQL: INSERT INTO recommendations (recommendation_id, timestamp, sku_id, dc_id, action_type, quantity, priority, reason, expected_impact, confidence, status) VALUES (?, ?, ?, ?, ?, ?, ?, ?, ?, ?, ?)]
[parameters: [('REC-TR-C650F4', '2026-08-13 02:14:24.055951', 'MED003', 'DC002', 'TRANSFER', 205.55999999999983, 'MEDIUM', 'Inter-DC transfer recommended from Kolkata DC to Bangalore DC. Source DC has surplus stock of batch BAT05769 expiring in 279 days, while destination DC has stock shortage of 362 units below reorder point.', 'Avoids waste at Kolkata DC and resolves stock-out risk at Bangalore DC.', 0.9, 'PENDING'), ('REC-TR-7E7FD5', '2026-08-13 02:14:24.055954', 'MED003', 'DC002', 'TRANSFER', 66.05999999999983, 'MEDIUM', 'Inter-DC transfer recommended from Ahmedabad DC to Bangalore DC. Source DC has surplus stock of batch BAT06109 expiring in 287 days, while destination DC has stock shortage of 156 units below reorder point.', 'Avoids waste at Ahmedabad DC and resolves stock-out risk at Bangalore DC.', 0.9, 'PENDING'), ('REC-TR-BCBDF2', '2026-08-13 02:14:24.055956', 'MED003', 'DC002', 'TRANSFER', 90.25000000000057, 'MEDIUM', 'Inter-DC transfer recommended from Kolkata DC to Bangalore DC. Source DC has surplus stock of batch BAT06108 expiring in 289 days, while destination DC has stock shortage of 90 units below reorder point.', 'Avoids waste at Kolkata DC and resolves stock-out risk at Bangalore DC.', 0.9, 'PENDING'), ('REC-TR-66D663', '2026-08-13 02:14:24.055957', 'MED003', 'DC005', 'TRANSFER', 84.90000000000003, 'MEDIUM', 'Inter-DC transfer recommended from Kolkata DC to Delhi DC. Source DC has surplus stock of batch BAT06108 expiring in 289 days, while destination DC has stock shortage of 85 units below reorder point.', 'Avoids waste at Kolkata DC and resolves stock-out risk at Delhi DC.', 0.9, 'PENDING'), ('REC-TR-9321B8', '2026-08-13 02:14:24.055958', 'MED003', 'DC001', 'TRANSFER', 82.05000000000007, 'MEDIUM', 'Inter-DC transfer recommended from Kolkata DC to Chennai DC. Source DC has surplus stock of batch BAT06108 expiring in 289 days, while destination DC has stock shortage of 82 units below reorder point.', 'Avoids waste at Kolkata DC and resolves stock-out risk at Chennai DC.', 0.9, 'PENDING'), ('REC-TR-49B63C', '2026-08-13 02:14:24.055960', 'MED004', 'DC004', 'TRANSFER', 68.78000000000048, 'MEDIUM', 'Inter-DC transfer recommended from Kolkata DC to Mumbai DC. Source DC has surplus stock of batch BAT05666 expiring in 521 days, while destination DC has stock shortage of 439 units below reorder point.', 'Avoids waste at Kolkata DC and resolves stock-out risk at Mumbai DC.', 0.9, 'PENDING'), ('REC-TR-6963F8', '2026-08-13 02:14:24.055961', 'MED004', 'DC004', 'TRANSFER', 219.07999999999973, 'MEDIUM', 'Inter-DC transfer recommended from Ahmedabad DC to Mumbai DC. Source DC has surplus stock of batch BAT05835 expiring in 524 days, while destination DC has stock shortage of 370 units below reorder point.', 'Avoids waste at Ahmedabad DC and resolves stock-out risk at Mumbai DC.', 0.9, 'PENDING'), ('REC-TR-54878C', '2026-08-13 02:14:24.055962', 'MED004', 'DC004', 'TRANSFER', 151.15000000000006, 'MEDIUM', 'Inter-DC transfer recommended from Kolkata DC to Mumbai DC. Source DC has surplus stock of batch BAT06005 expiring in 531 days, while destination DC has stock shortage of 151 units below reorder point.', 'Avoids waste at Kolkata DC and resolves stock-out risk at Mumbai DC.', 0.9, 'PENDING')  ... displaying 10 of 409 total bound parameter sets ...  ('REC-RP-445C07', '2026-08-13 02:14:24.056493', 'MED040', 'DC006', 'REPLENISH', 128.5900000000002, 'MEDIUM', 'Medication-RES-40 (MED040) at Kolkata DC requires 129 additional units. The 7-day demand forecast is 189 units, while available stock is only 377 uni ... (94 characters truncated) ... t stock is below the calculated reorder point of 318 units, ordering 129 units is recommended to re-establish the safety stock and prevent stockouts.', 'Reorder stock according to lead times.', 0.83, 'PENDING'), ('REC-RP-9E1E17', '2026-08-13 02:14:24.056494', 'MED040', 'DC008', 'MONITOR', 0.0, 'MEDIUM', 'Monitor inventory of Medication-RES-40 at Ahmedabad DC closely. Current inventory is 165 units, which is close to the reorder point of 258 units. No order is scheduled yet, but demand sensing indicates potential regional upward trends.', 'Monitor stock level and incoming shipments.', 0.83, 'PENDING')]]
(Background on this error at: https://sqlalche.me/e/20/gkpj)
2026-08-13 07:44:24,367 [INFO] medcare: Endpoint /api/recommendations served in 0.0244s
2026-08-13 07:44:24,419 [INFO] medcare: Endpoint /api/recommendations served in 0.0400s
2026-08-13 07:44:25,035 [INFO] medcare: Endpoint /api/inventory/expiry-risks served in 0.6884s
2026-08-13 07:44:25,765 [INFO] medcare: Endpoint /api/inventory/expiry-risks served in 0.7262s
2026-08-13 07:44:26,809 [INFO] medcare: Endpoint /api/inventory/expiry-risks served in 1.0282s
2026-08-13 07:44:32,198 [INFO] medcare: Generated and stored 409 action recommendations in database.
2026-08-13 07:44:32,214 [INFO] medcare: Endpoint /api/recommendations served in 27.4087s
2026-08-13 07:44:32,838 [INFO] medcare: Endpoint /api/dashboard/summary served in 0.6124s
2026-08-13 07:44:36,648 [INFO] medcare: Endpoint /api/inventory/status served in 3.8037s
2026-08-13 07:44:36,676 [INFO] medcare: Endpoint /api/recommendations served in 0.0197s
2026-08-13 07:44:37,406 [INFO] medcare: Endpoint /api/inventory/expiry-risks served in 0.7064s
2026-08-13 07:47:24,590 [INFO] medcare: Generating action recommendations for date 2026-08-12...
2026-08-13 07:47:24,643 [INFO] medcare: Generating inter-DC transfer recommendations for date 2026-08-12...
2026-08-13 07:47:42,885 [INFO] medcare: Generating action recommendations for date 2026-08-12...
2026-08-13 07:47:42,926 [INFO] medcare: Generating inter-DC transfer recommendations for date 2026-08-12...
2026-08-13 07:47:48,618 [INFO] medcare: Generating action recommendations for date 2026-08-12...
2026-08-13 07:47:48,639 [INFO] medcare: Generating inter-DC transfer recommendations for date 2026-08-12...
2026-08-13 07:47:58,866 [INFO] medcare: Generated and stored 409 action recommendations in database.
2026-08-13 07:47:58,989 [INFO] medcare: Endpoint /api/recommendations served in 34.4023s
2026-08-13 07:48:19,397 [INFO] medcare: Endpoint /api/recommendations served in 0.0365s
2026-08-13 07:48:29,284 [INFO] medcare: Generated and stored 409 action recommendations in database.
2026-08-13 07:48:29,303 [ERROR] medcare: Global exception caught on path /api/recommendations: 409 validation errors:
  {'type': 'datetime_type', 'loc': ('response', 0, 'timestamp'), 'msg': 'Input should be a valid datetime', 'input': None}
  {'type': 'datetime_type', 'loc': ('response', 1, 'timestamp'), 'msg': 'Input should be a valid datetime', 'input': None}
  {'type': 'datetime_type', 'loc': ('response', 2, 'timestamp'), 'msg': 'Input should be a valid datetime', 'input': None}
  {'type': 'datetime_type', 'loc': ('response', 3, 'timestamp'), 'msg': 'Input should be a valid datetime', 'input': None}
  {'type': 'datetime_type', 'loc': ('response', 4, 'timestamp'), 'msg': 'Input should be a valid datetime', 'input': None}
  {'type': 'datetime_type', 'loc': ('response', 5, 'timestamp'), 'msg': 'Input should be a valid datetime', 'input': None}
  {'type': 'datetime_type', 'loc': ('response', 6, 'timestamp'), 'msg': 'Input should be a valid datetime', 'input': None}
  {'type': 'datetime_type', 'loc': ('response', 7, 'timestamp'), 'msg': 'Input should be a valid datetime', 'input': None}
  {'type': 'datetime_type', 'loc': ('response', 8, 'timestamp'), 'msg': 'Input should be a valid datetime', 'input': None}
  {'type': 'datetime_type', 'loc': ('response', 9, 'timestamp'), 'msg': 'Input should be a valid datetime', 'input': None}
  {'type': 'datetime_type', 'loc': ('response', 10, 'timestamp'), 'msg': 'Input should be a valid datetime', 'input': None}
  {'type': 'datetime_type', 'loc': ('response', 11, 'timestamp'), 'msg': 'Input should be a valid datetime', 'input': None}
  {'type': 'datetime_type', 'loc': ('response', 12, 'timestamp'), 'msg': 'Input should be a valid datetime', 'input': None}
  {'type': 'datetime_type', 'loc': ('response', 13, 'timestamp'), 'msg': 'Input should be a valid datetime', 'input': None}
  {'type': 'datetime_type', 'loc': ('response', 14, 'timestamp'), 'msg': 'Input should be a valid datetime', 'input': None}
  {'type': 'datetime_type', 'loc': ('response', 15, 'timestamp'), 'msg': 'Input should be a valid datetime', 'input': None}
  {'type': 'datetime_type', 'loc': ('response', 16, 'timestamp'), 'msg': 'Input should be a valid datetime', 'input': None}
  {'type': 'datetime_type', 'loc': ('response', 17, 'timestamp'), 'msg': 'Input should be a valid datetime', 'input': None}
  {'type': 'datetime_type', 'loc': ('response', 18, 'timestamp'), 'msg': 'Input should be a valid datetime', 'input': None}
  {'type': 'datetime_type', 'loc': ('response', 19, 'timestamp'), 'msg': 'Input should be a valid datetime', 'input': None}
  {'type': 'datetime_type', 'loc': ('response', 20, 'timestamp'), 'msg': 'Input should be a valid datetime', 'input': None}
  {'type': 'datetime_type', 'loc': ('response', 21, 'timestamp'), 'msg': 'Input should be a valid datetime', 'input': None}
  {'type': 'datetime_type', 'loc': ('response', 22, 'timestamp'), 'msg': 'Input should be a valid datetime', 'input': None}
  {'type': 'datetime_type', 'loc': ('response', 23, 'timestamp'), 'msg': 'Input should be a valid datetime', 'input': None}
  {'type': 'datetime_type', 'loc': ('response', 24, 'timestamp'), 'msg': 'Input should be a valid datetime', 'input': None}
  {'type': 'datetime_type', 'loc': ('response', 25, 'timestamp'), 'msg': 'Input should be a valid datetime', 'input': None}
  {'type': 'datetime_type', 'loc': ('response', 26, 'timestamp'), 'msg': 'Input should be a valid datetime', 'input': None}
  {'type': 'datetime_type', 'loc': ('response', 27, 'timestamp'), 'msg': 'Input should be a valid datetime', 'input': None}
  {'type': 'datetime_type', 'loc': ('response', 28, 'timestamp'), 'msg': 'Input should be a valid datetime', 'input': None}
  {'type': 'datetime_type', 'loc': ('response', 29, 'timestamp'), 'msg': 'Input should be a valid datetime', 'input': None}
  {'type': 'datetime_type', 'loc': ('response', 30, 'timestamp'), 'msg': 'Input should be a valid datetime', 'input': None}
  {'type': 'datetime_type', 'loc': ('response', 31, 'timestamp'), 'msg': 'Input should be a valid datetime', 'input': None}
  {'type': 'datetime_type', 'loc': ('response', 32, 'timestamp'), 'msg': 'Input should be a valid datetime', 'input': None}
  {'type': 'datetime_type', 'loc': ('response', 33, 'timestamp'), 'msg': 'Input should be a valid datetime', 'input': None}
  {'type': 'datetime_type', 'loc': ('response', 34, 'timestamp'), 'msg': 'Input should be a valid datetime', 'input': None}
  {'type': 'datetime_type', 'loc': ('response', 35, 'timestamp'), 'msg': 'Input should be a valid datetime', 'input': None}
  {'type': 'datetime_type', 'loc': ('response', 36, 'timestamp'), 'msg': 'Input should be a valid datetime', 'input': None}
  {'type': 'datetime_type', 'loc': ('response', 37, 'timestamp'), 'msg': 'Input should be a valid datetime', 'input': None}
  {'type': 'datetime_type', 'loc': ('response', 38, 'timestamp'), 'msg': 'Input should be a valid datetime', 'input': None}
  {'type': 'datetime_type', 'loc': ('response', 39, 'timestamp'), 'msg': 'Input should be a valid datetime', 'input': None}
  {'type': 'datetime_type', 'loc': ('response', 40, 'timestamp'), 'msg': 'Input should be a valid datetime', 'input': None}
  {'type': 'datetime_type', 'loc': ('response', 41, 'timestamp'), 'msg': 'Input should be a valid datetime', 'input': None}
  {'type': 'datetime_type', 'loc': ('response', 42, 'timestamp'), 'msg': 'Input should be a valid datetime', 'input': None}
  {'type': 'datetime_type', 'loc': ('response', 43, 'timestamp'), 'msg': 'Input should be a valid datetime', 'input': None}
  {'type': 'datetime_type', 'loc': ('response', 44, 'timestamp'), 'msg': 'Input should be a valid datetime', 'input': None}
  {'type': 'datetime_type', 'loc': ('response', 45, 'timestamp'), 'msg': 'Input should be a valid datetime', 'input': None}
  {'type': 'datetime_type', 'loc': ('response', 46, 'timestamp'), 'msg': 'Input should be a valid datetime', 'input': None}
  {'type': 'datetime_type', 'loc': ('response', 47, 'timestamp'), 'msg': 'Input should be a valid datetime', 'input': None}
  {'type': 'datetime_type', 'loc': ('response', 48, 'timestamp'), 'msg': 'Input should be a valid datetime', 'input': None}
  {'type': 'datetime_type', 'loc': ('response', 49, 'timestamp'), 'msg': 'Input should be a valid datetime', 'input': None}
  {'type': 'datetime_type', 'loc': ('response', 50, 'timestamp'), 'msg': 'Input should be a valid datetime', 'input': None}
  {'type': 'datetime_type', 'loc': ('response', 51, 'timestamp'), 'msg': 'Input should be a valid datetime', 'input': None}
  {'type': 'datetime_type', 'loc': ('response', 52, 'timestamp'), 'msg': 'Input should be a valid datetime', 'input': None}
  {'type': 'datetime_type', 'loc': ('response', 53, 'timestamp'), 'msg': 'Input should be a valid datetime', 'input': None}
  {'type': 'datetime_type', 'loc': ('response', 54, 'timestamp'), 'msg': 'Input should be a valid datetime', 'input': None}
  {'type': 'datetime_type', 'loc': ('response', 55, 'timestamp'), 'msg': 'Input should be a valid datetime', 'input': None}
  {'type': 'datetime_type', 'loc': ('response', 56, 'timestamp'), 'msg': 'Input should be a valid datetime', 'input': None}
  {'type': 'datetime_type', 'loc': ('response', 57, 'timestamp'), 'msg': 'Input should be a valid datetime', 'input': None}
  {'type': 'datetime_type', 'loc': ('response', 58, 'timestamp'), 'msg': 'Input should be a valid datetime', 'input': None}
  {'type': 'datetime_type', 'loc': ('response', 59, 'timestamp'), 'msg': 'Input should be a valid datetime', 'input': None}
  {'type': 'datetime_type', 'loc': ('response', 60, 'timestamp'), 'msg': 'Input should be a valid datetime', 'input': None}
  {'type': 'datetime_type', 'loc': ('response', 61, 'timestamp'), 'msg': 'Input should be a valid datetime', 'input': None}
  {'type': 'datetime_type', 'loc': ('response', 62, 'timestamp'), 'msg': 'Input should be a valid datetime', 'input': None}
  {'type': 'datetime_type', 'loc': ('response', 63, 'timestamp'), 'msg': 'Input should be a valid datetime', 'input': None}
  {'type': 'datetime_type', 'loc': ('response', 64, 'timestamp'), 'msg': 'Input should be a valid datetime', 'input': None}
  {'type': 'datetime_type', 'loc': ('response', 65, 'timestamp'), 'msg': 'Input should be a valid datetime', 'input': None}
  {'type': 'datetime_type', 'loc': ('response', 66, 'timestamp'), 'msg': 'Input should be a valid datetime', 'input': None}
  {'type': 'datetime_type', 'loc': ('response', 67, 'timestamp'), 'msg': 'Input should be a valid datetime', 'input': None}
  {'type': 'datetime_type', 'loc': ('response', 68, 'timestamp'), 'msg': 'Input should be a valid datetime', 'input': None}
  {'type': 'datetime_type', 'loc': ('response', 69, 'timestamp'), 'msg': 'Input should be a valid datetime', 'input': None}
  {'type': 'datetime_type', 'loc': ('response', 70, 'timestamp'), 'msg': 'Input should be a valid datetime', 'input': None}
  {'type': 'datetime_type', 'loc': ('response', 71, 'timestamp'), 'msg': 'Input should be a valid datetime', 'input': None}
  {'type': 'datetime_type', 'loc': ('response', 72, 'timestamp'), 'msg': 'Input should be a valid datetime', 'input': None}
  {'type': 'datetime_type', 'loc': ('response', 73, 'timestamp'), 'msg': 'Input should be a valid datetime', 'input': None}
  {'type': 'datetime_type', 'loc': ('response', 74, 'timestamp'), 'msg': 'Input should be a valid datetime', 'input': None}
  {'type': 'datetime_type', 'loc': ('response', 75, 'timestamp'), 'msg': 'Input should be a valid datetime', 'input': None}
  {'type': 'datetime_type', 'loc': ('response', 76, 'timestamp'), 'msg': 'Input should be a valid datetime', 'input': None}
  {'type': 'datetime_type', 'loc': ('response', 77, 'timestamp'), 'msg': 'Input should be a valid datetime', 'input': None}
  {'type': 'datetime_type', 'loc': ('response', 78, 'timestamp'), 'msg': 'Input should be a valid datetime', 'input': None}
  {'type': 'datetime_type', 'loc': ('response', 79, 'timestamp'), 'msg': 'Input should be a valid datetime', 'input': None}
  {'type': 'datetime_type', 'loc': ('response', 80, 'timestamp'), 'msg': 'Input should be a valid datetime', 'input': None}
  {'type': 'datetime_type', 'loc': ('response', 81, 'timestamp'), 'msg': 'Input should be a valid datetime', 'input': None}
  {'type': 'datetime_type', 'loc': ('response', 82, 'timestamp'), 'msg': 'Input should be a valid datetime', 'input': None}
  {'type': 'datetime_type', 'loc': ('response', 83, 'timestamp'), 'msg': 'Input should be a valid datetime', 'input': None}
  {'type': 'datetime_type', 'loc': ('response', 84, 'timestamp'), 'msg': 'Input should be a valid datetime', 'input': None}
  {'type': 'datetime_type', 'loc': ('response', 85, 'timestamp'), 'msg': 'Input should be a valid datetime', 'input': None}
  {'type': 'datetime_type', 'loc': ('response', 86, 'timestamp'), 'msg': 'Input should be a valid datetime', 'input': None}
  {'type': 'datetime_type', 'loc': ('response', 87, 'timestamp'), 'msg': 'Input should be a valid datetime', 'input': None}
  {'type': 'datetime_type', 'loc': ('response', 88, 'timestamp'), 'msg': 'Input should be a valid datetime', 'input': None}
  {'type': 'datetime_type', 'loc': ('response', 89, 'timestamp'), 'msg': 'Input should be a valid datetime', 'input': None}
  {'type': 'datetime_type', 'loc': ('response', 90, 'timestamp'), 'msg': 'Input should be a valid datetime', 'input': None}
  {'type': 'datetime_type', 'loc': ('response', 91, 'timestamp'), 'msg': 'Input should be a valid datetime', 'input': None}
  {'type': 'datetime_type', 'loc': ('response', 92, 'timestamp'), 'msg': 'Input should be a valid datetime', 'input': None}
  {'type': 'datetime_type', 'loc': ('response', 93, 'timestamp'), 'msg': 'Input should be a valid datetime', 'input': None}
  {'type': 'datetime_type', 'loc': ('response', 94, 'timestamp'), 'msg': 'Input should be a valid datetime', 'input': None}
  {'type': 'datetime_type', 'loc': ('response', 95, 'timestamp'), 'msg': 'Input should be a valid datetime', 'input': None}
  {'type': 'datetime_type', 'loc': ('response', 96, 'timestamp'), 'msg': 'Input should be a valid datetime', 'input': None}
  {'type': 'datetime_type', 'loc': ('response', 97, 'timestamp'), 'msg': 'Input should be a valid datetime', 'input': None}
  {'type': 'datetime_type', 'loc': ('response', 98, 'timestamp'), 'msg': 'Input should be a valid datetime', 'input': None}
  {'type': 'datetime_type', 'loc': ('response', 99, 'timestamp'), 'msg': 'Input should be a valid datetime', 'input': None}
  {'type': 'datetime_type', 'loc': ('response', 100, 'timestamp'), 'msg': 'Input should be a valid datetime', 'input': None}
  {'type': 'datetime_type', 'loc': ('response', 101, 'timestamp'), 'msg': 'Input should be a valid datetime', 'input': None}
  {'type': 'datetime_type', 'loc': ('response', 102, 'timestamp'), 'msg': 'Input should be a valid datetime', 'input': None}
  {'type': 'datetime_type', 'loc': ('response', 103, 'timestamp'), 'msg': 'Input should be a valid datetime', 'input': None}
  {'type': 'datetime_type', 'loc': ('response', 104, 'timestamp'), 'msg': 'Input should be a valid datetime', 'input': None}
  {'type': 'datetime_type', 'loc': ('response', 105, 'timestamp'), 'msg': 'Input should be a valid datetime', 'input': None}
  {'type': 'datetime_type', 'loc': ('response', 106, 'timestamp'), 'msg': 'Input should be a valid datetime', 'input': None}
  {'type': 'datetime_type', 'loc': ('response', 107, 'timestamp'), 'msg': 'Input should be a valid datetime', 'input': None}
  {'type': 'datetime_type', 'loc': ('response', 108, 'timestamp'), 'msg': 'Input should be a valid datetime', 'input': None}
  {'type': 'datetime_type', 'loc': ('response', 109, 'timestamp'), 'msg': 'Input should be a valid datetime', 'input': None}
  {'type': 'datetime_type', 'loc': ('response', 110, 'timestamp'), 'msg': 'Input should be a valid datetime', 'input': None}
  {'type': 'datetime_type', 'loc': ('response', 111, 'timestamp'), 'msg': 'Input should be a valid datetime', 'input': None}
  {'type': 'datetime_type', 'loc': ('response', 112, 'timestamp'), 'msg': 'Input should be a valid datetime', 'input': None}
  {'type': 'datetime_type', 'loc': ('response', 113, 'timestamp'), 'msg': 'Input should be a valid datetime', 'input': None}
  {'type': 'datetime_type', 'loc': ('response', 114, 'timestamp'), 'msg': 'Input should be a valid datetime', 'input': None}
  {'type': 'datetime_type', 'loc': ('response', 115, 'timestamp'), 'msg': 'Input should be a valid datetime', 'input': None}
  {'type': 'datetime_type', 'loc': ('response', 116, 'timestamp'), 'msg': 'Input should be a valid datetime', 'input': None}
  {'type': 'datetime_type', 'loc': ('response', 117, 'timestamp'), 'msg': 'Input should be a valid datetime', 'input': None}
  {'type': 'datetime_type', 'loc': ('response', 118, 'timestamp'), 'msg': 'Input should be a valid datetime', 'input': None}
  {'type': 'datetime_type', 'loc': ('response', 119, 'timestamp'), 'msg': 'Input should be a valid datetime', 'input': None}
  {'type': 'datetime_type', 'loc': ('response', 120, 'timestamp'), 'msg': 'Input should be a valid datetime', 'input': None}
  {'type': 'datetime_type', 'loc': ('response', 121, 'timestamp'), 'msg': 'Input should be a valid datetime', 'input': None}
  {'type': 'datetime_type', 'loc': ('response', 122, 'timestamp'), 'msg': 'Input should be a valid datetime', 'input': None}
  {'type': 'datetime_type', 'loc': ('response', 123, 'timestamp'), 'msg': 'Input should be a valid datetime', 'input': None}
  {'type': 'datetime_type', 'loc': ('response', 124, 'timestamp'), 'msg': 'Input should be a valid datetime', 'input': None}
  {'type': 'datetime_type', 'loc': ('response', 125, 'timestamp'), 'msg': 'Input should be a valid datetime', 'input': None}
  {'type': 'datetime_type', 'loc': ('response', 126, 'timestamp'), 'msg': 'Input should be a valid datetime', 'input': None}
  {'type': 'datetime_type', 'loc': ('response', 127, 'timestamp'), 'msg': 'Input should be a valid datetime', 'input': None}
  {'type': 'datetime_type', 'loc': ('response', 128, 'timestamp'), 'msg': 'Input should be a valid datetime', 'input': None}
  {'type': 'datetime_type', 'loc': ('response', 129, 'timestamp'), 'msg': 'Input should be a valid datetime', 'input': None}
  {'type': 'datetime_type', 'loc': ('response', 130, 'timestamp'), 'msg': 'Input should be a valid datetime', 'input': None}
  {'type': 'datetime_type', 'loc': ('response', 131, 'timestamp'), 'msg': 'Input should be a valid datetime', 'input': None}
  {'type': 'datetime_type', 'loc': ('response', 132, 'timestamp'), 'msg': 'Input should be a valid datetime', 'input': None}
  {'type': 'datetime_type', 'loc': ('response', 133, 'timestamp'), 'msg': 'Input should be a valid datetime', 'input': None}
  {'type': 'datetime_type', 'loc': ('response', 134, 'timestamp'), 'msg': 'Input should be a valid datetime', 'input': None}
  {'type': 'datetime_type', 'loc': ('response', 135, 'timestamp'), 'msg': 'Input should be a valid datetime', 'input': None}
  {'type': 'datetime_type', 'loc': ('response', 136, 'timestamp'), 'msg': 'Input should be a valid datetime', 'input': None}
  {'type': 'datetime_type', 'loc': ('response', 137, 'timestamp'), 'msg': 'Input should be a valid datetime', 'input': None}
  {'type': 'datetime_type', 'loc': ('response', 138, 'timestamp'), 'msg': 'Input should be a valid datetime', 'input': None}
  {'type': 'datetime_type', 'loc': ('response', 139, 'timestamp'), 'msg': 'Input should be a valid datetime', 'input': None}
  {'type': 'datetime_type', 'loc': ('response', 140, 'timestamp'), 'msg': 'Input should be a valid datetime', 'input': None}
  {'type': 'datetime_type', 'loc': ('response', 141, 'timestamp'), 'msg': 'Input should be a valid datetime', 'input': None}
  {'type': 'datetime_type', 'loc': ('response', 142, 'timestamp'), 'msg': 'Input should be a valid datetime', 'input': None}
  {'type': 'datetime_type', 'loc': ('response', 143, 'timestamp'), 'msg': 'Input should be a valid datetime', 'input': None}
  {'type': 'datetime_type', 'loc': ('response', 144, 'timestamp'), 'msg': 'Input should be a valid datetime', 'input': None}
  {'type': 'datetime_type', 'loc': ('response', 145, 'timestamp'), 'msg': 'Input should be a valid datetime', 'input': None}
  {'type': 'datetime_type', 'loc': ('response', 146, 'timestamp'), 'msg': 'Input should be a valid datetime', 'input': None}
  {'type': 'datetime_type', 'loc': ('response', 147, 'timestamp'), 'msg': 'Input should be a valid datetime', 'input': None}
  {'type': 'datetime_type', 'loc': ('response', 148, 'timestamp'), 'msg': 'Input should be a valid datetime', 'input': None}
  {'type': 'datetime_type', 'loc': ('response', 149, 'timestamp'), 'msg': 'Input should be a valid datetime', 'input': None}
  {'type': 'datetime_type', 'loc': ('response', 150, 'timestamp'), 'msg': 'Input should be a valid datetime', 'input': None}
  {'type': 'datetime_type', 'loc': ('response', 151, 'timestamp'), 'msg': 'Input should be a valid datetime', 'input': None}
  {'type': 'datetime_type', 'loc': ('response', 152, 'timestamp'), 'msg': 'Input should be a valid datetime', 'input': None}
  {'type': 'datetime_type', 'loc': ('response', 153, 'timestamp'), 'msg': 'Input should be a valid datetime', 'input': None}
  {'type': 'datetime_type', 'loc': ('response', 154, 'timestamp'), 'msg': 'Input should be a valid datetime', 'input': None}
  {'type': 'datetime_type', 'loc': ('response', 155, 'timestamp'), 'msg': 'Input should be a valid datetime', 'input': None}
  {'type': 'datetime_type', 'loc': ('response', 156, 'timestamp'), 'msg': 'Input should be a valid datetime', 'input': None}
  {'type': 'datetime_type', 'loc': ('response', 157, 'timestamp'), 'msg': 'Input should be a valid datetime', 'input': None}
  {'type': 'datetime_type', 'loc': ('response', 158, 'timestamp'), 'msg': 'Input should be a valid datetime', 'input': None}
  {'type': 'datetime_type', 'loc': ('response', 159, 'timestamp'), 'msg': 'Input should be a valid datetime', 'input': None}
  {'type': 'datetime_type', 'loc': ('response', 160, 'timestamp'), 'msg': 'Input should be a valid datetime', 'input': None}
  {'type': 'datetime_type', 'loc': ('response', 161, 'timestamp'), 'msg': 'Input should be a valid datetime', 'input': None}
  {'type': 'datetime_type', 'loc': ('response', 162, 'timestamp'), 'msg': 'Input should be a valid datetime', 'input': None}
  {'type': 'datetime_type', 'loc': ('response', 163, 'timestamp'), 'msg': 'Input should be a valid datetime', 'input': None}
  {'type': 'datetime_type', 'loc': ('response', 164, 'timestamp'), 'msg': 'Input should be a valid datetime', 'input': None}
  {'type': 'datetime_type', 'loc': ('response', 165, 'timestamp'), 'msg': 'Input should be a valid datetime', 'input': None}
  {'type': 'datetime_type', 'loc': ('response', 166, 'timestamp'), 'msg': 'Input should be a valid datetime', 'input': None}
  {'type': 'datetime_type', 'loc': ('response', 167, 'timestamp'), 'msg': 'Input should be a valid datetime', 'input': None}
  {'type': 'datetime_type', 'loc': ('response', 168, 'timestamp'), 'msg': 'Input should be a valid datetime', 'input': None}
  {'type': 'datetime_type', 'loc': ('response', 169, 'timestamp'), 'msg': 'Input should be a valid datetime', 'input': None}
  {'type': 'datetime_type', 'loc': ('response', 170, 'timestamp'), 'msg': 'Input should be a valid datetime', 'input': None}
  {'type': 'datetime_type', 'loc': ('response', 171, 'timestamp'), 'msg': 'Input should be a valid datetime', 'input': None}
  {'type': 'datetime_type', 'loc': ('response', 172, 'timestamp'), 'msg': 'Input should be a valid datetime', 'input': None}
  {'type': 'datetime_type', 'loc': ('response', 173, 'timestamp'), 'msg': 'Input should be a valid datetime', 'input': None}
  {'type': 'datetime_type', 'loc': ('response', 174, 'timestamp'), 'msg': 'Input should be a valid datetime', 'input': None}
  {'type': 'datetime_type', 'loc': ('response', 175, 'timestamp'), 'msg': 'Input should be a valid datetime', 'input': None}
  {'type': 'datetime_type', 'loc': ('response', 176, 'timestamp'), 'msg': 'Input should be a valid datetime', 'input': None}
  {'type': 'datetime_type', 'loc': ('response', 177, 'timestamp'), 'msg': 'Input should be a valid datetime', 'input': None}
  {'type': 'datetime_type', 'loc': ('response', 178, 'timestamp'), 'msg': 'Input should be a valid datetime', 'input': None}
  {'type': 'datetime_type', 'loc': ('response', 179, 'timestamp'), 'msg': 'Input should be a valid datetime', 'input': None}
  {'type': 'datetime_type', 'loc': ('response', 180, 'timestamp'), 'msg': 'Input should be a valid datetime', 'input': None}
  {'type': 'datetime_type', 'loc': ('response', 181, 'timestamp'), 'msg': 'Input should be a valid datetime', 'input': None}
  {'type': 'datetime_type', 'loc': ('response', 182, 'timestamp'), 'msg': 'Input should be a valid datetime', 'input': None}
  {'type': 'datetime_type', 'loc': ('response', 183, 'timestamp'), 'msg': 'Input should be a valid datetime', 'input': None}
  {'type': 'datetime_type', 'loc': ('response', 184, 'timestamp'), 'msg': 'Input should be a valid datetime', 'input': None}
  {'type': 'datetime_type', 'loc': ('response', 185, 'timestamp'), 'msg': 'Input should be a valid datetime', 'input': None}
  {'type': 'datetime_type', 'loc': ('response', 186, 'timestamp'), 'msg': 'Input should be a valid datetime', 'input': None}
  {'type': 'datetime_type', 'loc': ('response', 187, 'timestamp'), 'msg': 'Input should be a valid datetime', 'input': None}
  {'type': 'datetime_type', 'loc': ('response', 188, 'timestamp'), 'msg': 'Input should be a valid datetime', 'input': None}
  {'type': 'datetime_type', 'loc': ('response', 189, 'timestamp'), 'msg': 'Input should be a valid datetime', 'input': None}
  {'type': 'datetime_type', 'loc': ('response', 190, 'timestamp'), 'msg': 'Input should be a valid datetime', 'input': None}
  {'type': 'datetime_type', 'loc': ('response', 191, 'timestamp'), 'msg': 'Input should be a valid datetime', 'input': None}
  {'type': 'datetime_type', 'loc': ('response', 192, 'timestamp'), 'msg': 'Input should be a valid datetime', 'input': None}
  {'type': 'datetime_type', 'loc': ('response', 193, 'timestamp'), 'msg': 'Input should be a valid datetime', 'input': None}
  {'type': 'datetime_type', 'loc': ('response', 194, 'timestamp'), 'msg': 'Input should be a valid datetime', 'input': None}
  {'type': 'datetime_type', 'loc': ('response', 195, 'timestamp'), 'msg': 'Input should be a valid datetime', 'input': None}
  {'type': 'datetime_type', 'loc': ('response', 196, 'timestamp'), 'msg': 'Input should be a valid datetime', 'input': None}
  {'type': 'datetime_type', 'loc': ('response', 197, 'timestamp'), 'msg': 'Input should be a valid datetime', 'input': None}
  {'type': 'datetime_type', 'loc': ('response', 198, 'timestamp'), 'msg': 'Input should be a valid datetime', 'input': None}
  {'type': 'datetime_type', 'loc': ('response', 199, 'timestamp'), 'msg': 'Input should be a valid datetime', 'input': None}
  {'type': 'datetime_type', 'loc': ('response', 200, 'timestamp'), 'msg': 'Input should be a valid datetime', 'input': None}
  {'type': 'datetime_type', 'loc': ('response', 201, 'timestamp'), 'msg': 'Input should be a valid datetime', 'input': None}
  {'type': 'datetime_type', 'loc': ('response', 202, 'timestamp'), 'msg': 'Input should be a valid datetime', 'input': None}
  {'type': 'datetime_type', 'loc': ('response', 203, 'timestamp'), 'msg': 'Input should be a valid datetime', 'input': None}
  {'type': 'datetime_type', 'loc': ('response', 204, 'timestamp'), 'msg': 'Input should be a valid datetime', 'input': None}
  {'type': 'datetime_type', 'loc': ('response', 205, 'timestamp'), 'msg': 'Input should be a valid datetime', 'input': None}
  {'type': 'datetime_type', 'loc': ('response', 206, 'timestamp'), 'msg': 'Input should be a valid datetime', 'input': None}
  {'type': 'datetime_type', 'loc': ('response', 207, 'timestamp'), 'msg': 'Input should be a valid datetime', 'input': None}
  {'type': 'datetime_type', 'loc': ('response', 208, 'timestamp'), 'msg': 'Input should be a valid datetime', 'input': None}
  {'type': 'datetime_type', 'loc': ('response', 209, 'timestamp'), 'msg': 'Input should be a valid datetime', 'input': None}
  {'type': 'datetime_type', 'loc': ('response', 210, 'timestamp'), 'msg': 'Input should be a valid datetime', 'input': None}
  {'type': 'datetime_type', 'loc': ('response', 211, 'timestamp'), 'msg': 'Input should be a valid datetime', 'input': None}
  {'type': 'datetime_type', 'loc': ('response', 212, 'timestamp'), 'msg': 'Input should be a valid datetime', 'input': None}
  {'type': 'datetime_type', 'loc': ('response', 213, 'timestamp'), 'msg': 'Input should be a valid datetime', 'input': None}
  {'type': 'datetime_type', 'loc': ('response', 214, 'timestamp'), 'msg': 'Input should be a valid datetime', 'input': None}
  {'type': 'datetime_type', 'loc': ('response', 215, 'timestamp'), 'msg': 'Input should be a valid datetime', 'input': None}
  {'type': 'datetime_type', 'loc': ('response', 216, 'timestamp'), 'msg': 'Input should be a valid datetime', 'input': None}
  {'type': 'datetime_type', 'loc': ('response', 217, 'timestamp'), 'msg': 'Input should be a valid datetime', 'input': None}
  {'type': 'datetime_type', 'loc': ('response', 218, 'timestamp'), 'msg': 'Input should be a valid datetime', 'input': None}
  {'type': 'datetime_type', 'loc': ('response', 219, 'timestamp'), 'msg': 'Input should be a valid datetime', 'input': None}
  {'type': 'datetime_type', 'loc': ('response', 220, 'timestamp'), 'msg': 'Input should be a valid datetime', 'input': None}
  {'type': 'datetime_type', 'loc': ('response', 221, 'timestamp'), 'msg': 'Input should be a valid datetime', 'input': None}
  {'type': 'datetime_type', 'loc': ('response', 222, 'timestamp'), 'msg': 'Input should be a valid datetime', 'input': None}
  {'type': 'datetime_type', 'loc': ('response', 223, 'timestamp'), 'msg': 'Input should be a valid datetime', 'input': None}
  {'type': 'datetime_type', 'loc': ('response', 224, 'timestamp'), 'msg': 'Input should be a valid datetime', 'input': None}
  {'type': 'datetime_type', 'loc': ('response', 225, 'timestamp'), 'msg': 'Input should be a valid datetime', 'input': None}
  {'type': 'datetime_type', 'loc': ('response', 226, 'timestamp'), 'msg': 'Input should be a valid datetime', 'input': None}
  {'type': 'datetime_type', 'loc': ('response', 227, 'timestamp'), 'msg': 'Input should be a valid datetime', 'input': None}
  {'type': 'datetime_type', 'loc': ('response', 228, 'timestamp'), 'msg': 'Input should be a valid datetime', 'input': None}
  {'type': 'datetime_type', 'loc': ('response', 229, 'timestamp'), 'msg': 'Input should be a valid datetime', 'input': None}
  {'type': 'datetime_type', 'loc': ('response', 230, 'timestamp'), 'msg': 'Input should be a valid datetime', 'input': None}
  {'type': 'datetime_type', 'loc': ('response', 231, 'timestamp'), 'msg': 'Input should be a valid datetime', 'input': None}
  {'type': 'datetime_type', 'loc': ('response', 232, 'timestamp'), 'msg': 'Input should be a valid datetime', 'input': None}
  {'type': 'datetime_type', 'loc': ('response', 233, 'timestamp'), 'msg': 'Input should be a valid datetime', 'input': None}
  {'type': 'datetime_type', 'loc': ('response', 234, 'timestamp'), 'msg': 'Input should be a valid datetime', 'input': None}
  {'type': 'datetime_type', 'loc': ('response', 235, 'timestamp'), 'msg': 'Input should be a valid datetime', 'input': None}
  {'type': 'datetime_type', 'loc': ('response', 236, 'timestamp'), 'msg': 'Input should be a valid datetime', 'input': None}
  {'type': 'datetime_type', 'loc': ('response', 237, 'timestamp'), 'msg': 'Input should be a valid datetime', 'input': None}
  {'type': 'datetime_type', 'loc': ('response', 238, 'timestamp'), 'msg': 'Input should be a valid datetime', 'input': None}
  {'type': 'datetime_type', 'loc': ('response', 239, 'timestamp'), 'msg': 'Input should be a valid datetime', 'input': None}
  {'type': 'datetime_type', 'loc': ('response', 240, 'timestamp'), 'msg': 'Input should be a valid datetime', 'input': None}
  {'type': 'datetime_type', 'loc': ('response', 241, 'timestamp'), 'msg': 'Input should be a valid datetime', 'input': None}
  {'type': 'datetime_type', 'loc': ('response', 242, 'timestamp'), 'msg': 'Input should be a valid datetime', 'input': None}
  {'type': 'datetime_type', 'loc': ('response', 243, 'timestamp'), 'msg': 'Input should be a valid datetime', 'input': None}
  {'type': 'datetime_type', 'loc': ('response', 244, 'timestamp'), 'msg': 'Input should be a valid datetime', 'input': None}
  {'type': 'datetime_type', 'loc': ('response', 245, 'timestamp'), 'msg': 'Input should be a valid datetime', 'input': None}
  {'type': 'datetime_type', 'loc': ('response', 246, 'timestamp'), 'msg': 'Input should be a valid datetime', 'input': None}
  {'type': 'datetime_type', 'loc': ('response', 247, 'timestamp'), 'msg': 'Input should be a valid datetime', 'input': None}
  {'type': 'datetime_type', 'loc': ('response', 248, 'timestamp'), 'msg': 'Input should be a valid datetime', 'input': None}
  {'type': 'datetime_type', 'loc': ('response', 249, 'timestamp'), 'msg': 'Input should be a valid datetime', 'input': None}
  {'type': 'datetime_type', 'loc': ('response', 250, 'timestamp'), 'msg': 'Input should be a valid datetime', 'input': None}
  {'type': 'datetime_type', 'loc': ('response', 251, 'timestamp'), 'msg': 'Input should be a valid datetime', 'input': None}
  {'type': 'datetime_type', 'loc': ('response', 252, 'timestamp'), 'msg': 'Input should be a valid datetime', 'input': None}
  {'type': 'datetime_type', 'loc': ('response', 253, 'timestamp'), 'msg': 'Input should be a valid datetime', 'input': None}
  {'type': 'datetime_type', 'loc': ('response', 254, 'timestamp'), 'msg': 'Input should be a valid datetime', 'input': None}
  {'type': 'datetime_type', 'loc': ('response', 255, 'timestamp'), 'msg': 'Input should be a valid datetime', 'input': None}
  {'type': 'datetime_type', 'loc': ('response', 256, 'timestamp'), 'msg': 'Input should be a valid datetime', 'input': None}
  {'type': 'datetime_type', 'loc': ('response', 257, 'timestamp'), 'msg': 'Input should be a valid datetime', 'input': None}
  {'type': 'datetime_type', 'loc': ('response', 258, 'timestamp'), 'msg': 'Input should be a valid datetime', 'input': None}
  {'type': 'datetime_type', 'loc': ('response', 259, 'timestamp'), 'msg': 'Input should be a valid datetime', 'input': None}
  {'type': 'datetime_type', 'loc': ('response', 260, 'timestamp'), 'msg': 'Input should be a valid datetime', 'input': None}
  {'type': 'datetime_type', 'loc': ('response', 261, 'timestamp'), 'msg': 'Input should be a valid datetime', 'input': None}
  {'type': 'datetime_type', 'loc': ('response', 262, 'timestamp'), 'msg': 'Input should be a valid datetime', 'input': None}
  {'type': 'datetime_type', 'loc': ('response', 263, 'timestamp'), 'msg': 'Input should be a valid datetime', 'input': None}
  {'type': 'datetime_type', 'loc': ('response', 264, 'timestamp'), 'msg': 'Input should be a valid datetime', 'input': None}
  {'type': 'datetime_type', 'loc': ('response', 265, 'timestamp'), 'msg': 'Input should be a valid datetime', 'input': None}
  {'type': 'datetime_type', 'loc': ('response', 266, 'timestamp'), 'msg': 'Input should be a valid datetime', 'input': None}
  {'type': 'datetime_type', 'loc': ('response', 267, 'timestamp'), 'msg': 'Input should be a valid datetime', 'input': None}
  {'type': 'datetime_type', 'loc': ('response', 268, 'timestamp'), 'msg': 'Input should be a valid datetime', 'input': None}
  {'type': 'datetime_type', 'loc': ('response', 269, 'timestamp'), 'msg': 'Input should be a valid datetime', 'input': None}
  {'type': 'datetime_type', 'loc': ('response', 270, 'timestamp'), 'msg': 'Input should be a valid datetime', 'input': None}
  {'type': 'datetime_type', 'loc': ('response', 271, 'timestamp'), 'msg': 'Input should be a valid datetime', 'input': None}
  {'type': 'datetime_type', 'loc': ('response', 272, 'timestamp'), 'msg': 'Input should be a valid datetime', 'input': None}
  {'type': 'datetime_type', 'loc': ('response', 273, 'timestamp'), 'msg': 'Input should be a valid datetime', 'input': None}
  {'type': 'datetime_type', 'loc': ('response', 274, 'timestamp'), 'msg': 'Input should be a valid datetime', 'input': None}
  {'type': 'datetime_type', 'loc': ('response', 275, 'timestamp'), 'msg': 'Input should be a valid datetime', 'input': None}
  {'type': 'datetime_type', 'loc': ('response', 276, 'timestamp'), 'msg': 'Input should be a valid datetime', 'input': None}
  {'type': 'datetime_type', 'loc': ('response', 277, 'timestamp'), 'msg': 'Input should be a valid datetime', 'input': None}
  {'type': 'datetime_type', 'loc': ('response', 278, 'timestamp'), 'msg': 'Input should be a valid datetime', 'input': None}
  {'type': 'datetime_type', 'loc': ('response', 279, 'timestamp'), 'msg': 'Input should be a valid datetime', 'input': None}
  {'type': 'datetime_type', 'loc': ('response', 280, 'timestamp'), 'msg': 'Input should be a valid datetime', 'input': None}
  {'type': 'datetime_type', 'loc': ('response', 281, 'timestamp'), 'msg': 'Input should be a valid datetime', 'input': None}
  {'type': 'datetime_type', 'loc': ('response', 282, 'timestamp'), 'msg': 'Input should be a valid datetime', 'input': None}
  {'type': 'datetime_type', 'loc': ('response', 283, 'timestamp'), 'msg': 'Input should be a valid datetime', 'input': None}
  {'type': 'datetime_type', 'loc': ('response', 284, 'timestamp'), 'msg': 'Input should be a valid datetime', 'input': None}
  {'type': 'datetime_type', 'loc': ('response', 285, 'timestamp'), 'msg': 'Input should be a valid datetime', 'input': None}
  {'type': 'datetime_type', 'loc': ('response', 286, 'timestamp'), 'msg': 'Input should be a valid datetime', 'input': None}
  {'type': 'datetime_type', 'loc': ('response', 287, 'timestamp'), 'msg': 'Input should be a valid datetime', 'input': None}
  {'type': 'datetime_type', 'loc': ('response', 288, 'timestamp'), 'msg': 'Input should be a valid datetime', 'input': None}
  {'type': 'datetime_type', 'loc': ('response', 289, 'timestamp'), 'msg': 'Input should be a valid datetime', 'input': None}
  {'type': 'datetime_type', 'loc': ('response', 290, 'timestamp'), 'msg': 'Input should be a valid datetime', 'input': None}
  {'type': 'datetime_type', 'loc': ('response', 291, 'timestamp'), 'msg': 'Input should be a valid datetime', 'input': None}
  {'type': 'datetime_type', 'loc': ('response', 292, 'timestamp'), 'msg': 'Input should be a valid datetime', 'input': None}
  {'type': 'datetime_type', 'loc': ('response', 293, 'timestamp'), 'msg': 'Input should be a valid datetime', 'input': None}
  {'type': 'datetime_type', 'loc': ('response', 294, 'timestamp'), 'msg': 'Input should be a valid datetime', 'input': None}
  {'type': 'datetime_type', 'loc': ('response', 295, 'timestamp'), 'msg': 'Input should be a valid datetime', 'input': None}
  {'type': 'datetime_type', 'loc': ('response', 296, 'timestamp'), 'msg': 'Input should be a valid datetime', 'input': None}
  {'type': 'datetime_type', 'loc': ('response', 297, 'timestamp'), 'msg': 'Input should be a valid datetime', 'input': None}
  {'type': 'datetime_type', 'loc': ('response', 298, 'timestamp'), 'msg': 'Input should be a valid datetime', 'input': None}
  {'type': 'datetime_type', 'loc': ('response', 299, 'timestamp'), 'msg': 'Input should be a valid datetime', 'input': None}
  {'type': 'datetime_type', 'loc': ('response', 300, 'timestamp'), 'msg': 'Input should be a valid datetime', 'input': None}
  {'type': 'datetime_type', 'loc': ('response', 301, 'timestamp'), 'msg': 'Input should be a valid datetime', 'input': None}
  {'type': 'datetime_type', 'loc': ('response', 302, 'timestamp'), 'msg': 'Input should be a valid datetime', 'input': None}
  {'type': 'datetime_type', 'loc': ('response', 303, 'timestamp'), 'msg': 'Input should be a valid datetime', 'input': None}
  {'type': 'datetime_type', 'loc': ('response', 304, 'timestamp'), 'msg': 'Input should be a valid datetime', 'input': None}
  {'type': 'datetime_type', 'loc': ('response', 305, 'timestamp'), 'msg': 'Input should be a valid datetime', 'input': None}
  {'type': 'datetime_type', 'loc': ('response', 306, 'timestamp'), 'msg': 'Input should be a valid datetime', 'input': None}
  {'type': 'datetime_type', 'loc': ('response', 307, 'timestamp'), 'msg': 'Input should be a valid datetime', 'input': None}
  {'type': 'datetime_type', 'loc': ('response', 308, 'timestamp'), 'msg': 'Input should be a valid datetime', 'input': None}
  {'type': 'datetime_type', 'loc': ('response', 309, 'timestamp'), 'msg': 'Input should be a valid datetime', 'input': None}
  {'type': 'datetime_type', 'loc': ('response', 310, 'timestamp'), 'msg': 'Input should be a valid datetime', 'input': None}
  {'type': 'datetime_type', 'loc': ('response', 311, 'timestamp'), 'msg': 'Input should be a valid datetime', 'input': None}
  {'type': 'datetime_type', 'loc': ('response', 312, 'timestamp'), 'msg': 'Input should be a valid datetime', 'input': None}
  {'type': 'datetime_type', 'loc': ('response', 313, 'timestamp'), 'msg': 'Input should be a valid datetime', 'input': None}
  {'type': 'datetime_type', 'loc': ('response', 314, 'timestamp'), 'msg': 'Input should be a valid datetime', 'input': None}
  {'type': 'datetime_type', 'loc': ('response', 315, 'timestamp'), 'msg': 'Input should be a valid datetime', 'input': None}
  {'type': 'datetime_type', 'loc': ('response', 316, 'timestamp'), 'msg': 'Input should be a valid datetime', 'input': None}
  {'type': 'datetime_type', 'loc': ('response', 317, 'timestamp'), 'msg': 'Input should be a valid datetime', 'input': None}
  {'type': 'datetime_type', 'loc': ('response', 318, 'timestamp'), 'msg': 'Input should be a valid datetime', 'input': None}
  {'type': 'datetime_type', 'loc': ('response', 319, 'timestamp'), 'msg': 'Input should be a valid datetime', 'input': None}
  {'type': 'datetime_type', 'loc': ('response', 320, 'timestamp'), 'msg': 'Input should be a valid datetime', 'input': None}
  {'type': 'datetime_type', 'loc': ('response', 321, 'timestamp'), 'msg': 'Input should be a valid datetime', 'input': None}
  {'type': 'datetime_type', 'loc': ('response', 322, 'timestamp'), 'msg': 'Input should be a valid datetime', 'input': None}
  {'type': 'datetime_type', 'loc': ('response', 323, 'timestamp'), 'msg': 'Input should be a valid datetime', 'input': None}
  {'type': 'datetime_type', 'loc': ('response', 324, 'timestamp'), 'msg': 'Input should be a valid datetime', 'input': None}
  {'type': 'datetime_type', 'loc': ('response', 325, 'timestamp'), 'msg': 'Input should be a valid datetime', 'input': None}
  {'type': 'datetime_type', 'loc': ('response', 326, 'timestamp'), 'msg': 'Input should be a valid datetime', 'input': None}
  {'type': 'datetime_type', 'loc': ('response', 327, 'timestamp'), 'msg': 'Input should be a valid datetime', 'input': None}
  {'type': 'datetime_type', 'loc': ('response', 328, 'timestamp'), 'msg': 'Input should be a valid datetime', 'input': None}
  {'type': 'datetime_type', 'loc': ('response', 329, 'timestamp'), 'msg': 'Input should be a valid datetime', 'input': None}
  {'type': 'datetime_type', 'loc': ('response', 330, 'timestamp'), 'msg': 'Input should be a valid datetime', 'input': None}
  {'type': 'datetime_type', 'loc': ('response', 331, 'timestamp'), 'msg': 'Input should be a valid datetime', 'input': None}
  {'type': 'datetime_type', 'loc': ('response', 332, 'timestamp'), 'msg': 'Input should be a valid datetime', 'input': None}
  {'type': 'datetime_type', 'loc': ('response', 333, 'timestamp'), 'msg': 'Input should be a valid datetime', 'input': None}
  {'type': 'datetime_type', 'loc': ('response', 334, 'timestamp'), 'msg': 'Input should be a valid datetime', 'input': None}
  {'type': 'datetime_type', 'loc': ('response', 335, 'timestamp'), 'msg': 'Input should be a valid datetime', 'input': None}
  {'type': 'datetime_type', 'loc': ('response', 336, 'timestamp'), 'msg': 'Input should be a valid datetime', 'input': None}
  {'type': 'datetime_type', 'loc': ('response', 337, 'timestamp'), 'msg': 'Input should be a valid datetime', 'input': None}
  {'type': 'datetime_type', 'loc': ('response', 338, 'timestamp'), 'msg': 'Input should be a valid datetime', 'input': None}
  {'type': 'datetime_type', 'loc': ('response', 339, 'timestamp'), 'msg': 'Input should be a valid datetime', 'input': None}
  {'type': 'datetime_type', 'loc': ('response', 340, 'timestamp'), 'msg': 'Input should be a valid datetime', 'input': None}
  {'type': 'datetime_type', 'loc': ('response', 341, 'timestamp'), 'msg': 'Input should be a valid datetime', 'input': None}
  {'type': 'datetime_type', 'loc': ('response', 342, 'timestamp'), 'msg': 'Input should be a valid datetime', 'input': None}
  {'type': 'datetime_type', 'loc': ('response', 343, 'timestamp'), 'msg': 'Input should be a valid datetime', 'input': None}
  {'type': 'datetime_type', 'loc': ('response', 344, 'timestamp'), 'msg': 'Input should be a valid datetime', 'input': None}
  {'type': 'datetime_type', 'loc': ('response', 345, 'timestamp'), 'msg': 'Input should be a valid datetime', 'input': None}
  {'type': 'datetime_type', 'loc': ('response', 346, 'timestamp'), 'msg': 'Input should be a valid datetime', 'input': None}
  {'type': 'datetime_type', 'loc': ('response', 347, 'timestamp'), 'msg': 'Input should be a valid datetime', 'input': None}
  {'type': 'datetime_type', 'loc': ('response', 348, 'timestamp'), 'msg': 'Input should be a valid datetime', 'input': None}
  {'type': 'datetime_type', 'loc': ('response', 349, 'timestamp'), 'msg': 'Input should be a valid datetime', 'input': None}
  {'type': 'datetime_type', 'loc': ('response', 350, 'timestamp'), 'msg': 'Input should be a valid datetime', 'input': None}
  {'type': 'datetime_type', 'loc': ('response', 351, 'timestamp'), 'msg': 'Input should be a valid datetime', 'input': None}
  {'type': 'datetime_type', 'loc': ('response', 352, 'timestamp'), 'msg': 'Input should be a valid datetime', 'input': None}
  {'type': 'datetime_type', 'loc': ('response', 353, 'timestamp'), 'msg': 'Input should be a valid datetime', 'input': None}
  {'type': 'datetime_type', 'loc': ('response', 354, 'timestamp'), 'msg': 'Input should be a valid datetime', 'input': None}
  {'type': 'datetime_type', 'loc': ('response', 355, 'timestamp'), 'msg': 'Input should be a valid datetime', 'input': None}
  {'type': 'datetime_type', 'loc': ('response', 356, 'timestamp'), 'msg': 'Input should be a valid datetime', 'input': None}
  {'type': 'datetime_type', 'loc': ('response', 357, 'timestamp'), 'msg': 'Input should be a valid datetime', 'input': None}
  {'type': 'datetime_type', 'loc': ('response', 358, 'timestamp'), 'msg': 'Input should be a valid datetime', 'input': None}
  {'type': 'datetime_type', 'loc': ('response', 359, 'timestamp'), 'msg': 'Input should be a valid datetime', 'input': None}
  {'type': 'datetime_type', 'loc': ('response', 360, 'timestamp'), 'msg': 'Input should be a valid datetime', 'input': None}
  {'type': 'datetime_type', 'loc': ('response', 361, 'timestamp'), 'msg': 'Input should be a valid datetime', 'input': None}
  {'type': 'datetime_type', 'loc': ('response', 362, 'timestamp'), 'msg': 'Input should be a valid datetime', 'input': None}
  {'type': 'datetime_type', 'loc': ('response', 363, 'timestamp'), 'msg': 'Input should be a valid datetime', 'input': None}
  {'type': 'datetime_type', 'loc': ('response', 364, 'timestamp'), 'msg': 'Input should be a valid datetime', 'input': None}
  {'type': 'datetime_type', 'loc': ('response', 365, 'timestamp'), 'msg': 'Input should be a valid datetime', 'input': None}
  {'type': 'datetime_type', 'loc': ('response', 366, 'timestamp'), 'msg': 'Input should be a valid datetime', 'input': None}
  {'type': 'datetime_type', 'loc': ('response', 367, 'timestamp'), 'msg': 'Input should be a valid datetime', 'input': None}
  {'type': 'datetime_type', 'loc': ('response', 368, 'timestamp'), 'msg': 'Input should be a valid datetime', 'input': None}
  {'type': 'datetime_type', 'loc': ('response', 369, 'timestamp'), 'msg': 'Input should be a valid datetime', 'input': None}
  {'type': 'datetime_type', 'loc': ('response', 370, 'timestamp'), 'msg': 'Input should be a valid datetime', 'input': None}
  {'type': 'datetime_type', 'loc': ('response', 371, 'timestamp'), 'msg': 'Input should be a valid datetime', 'input': None}
  {'type': 'datetime_type', 'loc': ('response', 372, 'timestamp'), 'msg': 'Input should be a valid datetime', 'input': None}
  {'type': 'datetime_type', 'loc': ('response', 373, 'timestamp'), 'msg': 'Input should be a valid datetime', 'input': None}
  {'type': 'datetime_type', 'loc': ('response', 374, 'timestamp'), 'msg': 'Input should be a valid datetime', 'input': None}
  {'type': 'datetime_type', 'loc': ('response', 375, 'timestamp'), 'msg': 'Input should be a valid datetime', 'input': None}
  {'type': 'datetime_type', 'loc': ('response', 376, 'timestamp'), 'msg': 'Input should be a valid datetime', 'input': None}
  {'type': 'datetime_type', 'loc': ('response', 377, 'timestamp'), 'msg': 'Input should be a valid datetime', 'input': None}
  {'type': 'datetime_type', 'loc': ('response', 378, 'timestamp'), 'msg': 'Input should be a valid datetime', 'input': None}
  {'type': 'datetime_type', 'loc': ('response', 379, 'timestamp'), 'msg': 'Input should be a valid datetime', 'input': None}
  {'type': 'datetime_type', 'loc': ('response', 380, 'timestamp'), 'msg': 'Input should be a valid datetime', 'input': None}
  {'type': 'datetime_type', 'loc': ('response', 381, 'timestamp'), 'msg': 'Input should be a valid datetime', 'input': None}
  {'type': 'datetime_type', 'loc': ('response', 382, 'timestamp'), 'msg': 'Input should be a valid datetime', 'input': None}
  {'type': 'datetime_type', 'loc': ('response', 383, 'timestamp'), 'msg': 'Input should be a valid datetime', 'input': None}
  {'type': 'datetime_type', 'loc': ('response', 384, 'timestamp'), 'msg': 'Input should be a valid datetime', 'input': None}
  {'type': 'datetime_type', 'loc': ('response', 385, 'timestamp'), 'msg': 'Input should be a valid datetime', 'input': None}
  {'type': 'datetime_type', 'loc': ('response', 386, 'timestamp'), 'msg': 'Input should be a valid datetime', 'input': None}
  {'type': 'datetime_type', 'loc': ('response', 387, 'timestamp'), 'msg': 'Input should be a valid datetime', 'input': None}
  {'type': 'datetime_type', 'loc': ('response', 388, 'timestamp'), 'msg': 'Input should be a valid datetime', 'input': None}
  {'type': 'datetime_type', 'loc': ('response', 389, 'timestamp'), 'msg': 'Input should be a valid datetime', 'input': None}
  {'type': 'datetime_type', 'loc': ('response', 390, 'timestamp'), 'msg': 'Input should be a valid datetime', 'input': None}
  {'type': 'datetime_type', 'loc': ('response', 391, 'timestamp'), 'msg': 'Input should be a valid datetime', 'input': None}
  {'type': 'datetime_type', 'loc': ('response', 392, 'timestamp'), 'msg': 'Input should be a valid datetime', 'input': None}
  {'type': 'datetime_type', 'loc': ('response', 393, 'timestamp'), 'msg': 'Input should be a valid datetime', 'input': None}
  {'type': 'datetime_type', 'loc': ('response', 394, 'timestamp'), 'msg': 'Input should be a valid datetime', 'input': None}
  {'type': 'datetime_type', 'loc': ('response', 395, 'timestamp'), 'msg': 'Input should be a valid datetime', 'input': None}
  {'type': 'datetime_type', 'loc': ('response', 396, 'timestamp'), 'msg': 'Input should be a valid datetime', 'input': None}
  {'type': 'datetime_type', 'loc': ('response', 397, 'timestamp'), 'msg': 'Input should be a valid datetime', 'input': None}
  {'type': 'datetime_type', 'loc': ('response', 398, 'timestamp'), 'msg': 'Input should be a valid datetime', 'input': None}
  {'type': 'datetime_type', 'loc': ('response', 399, 'timestamp'), 'msg': 'Input should be a valid datetime', 'input': None}
  {'type': 'datetime_type', 'loc': ('response', 400, 'timestamp'), 'msg': 'Input should be a valid datetime', 'input': None}
  {'type': 'datetime_type', 'loc': ('response', 401, 'timestamp'), 'msg': 'Input should be a valid datetime', 'input': None}
  {'type': 'datetime_type', 'loc': ('response', 402, 'timestamp'), 'msg': 'Input should be a valid datetime', 'input': None}
  {'type': 'datetime_type', 'loc': ('response', 403, 'timestamp'), 'msg': 'Input should be a valid datetime', 'input': None}
  {'type': 'datetime_type', 'loc': ('response', 404, 'timestamp'), 'msg': 'Input should be a valid datetime', 'input': None}
  {'type': 'datetime_type', 'loc': ('response', 405, 'timestamp'), 'msg': 'Input should be a valid datetime', 'input': None}
  {'type': 'datetime_type', 'loc': ('response', 406, 'timestamp'), 'msg': 'Input should be a valid datetime', 'input': None}
  {'type': 'datetime_type', 'loc': ('response', 407, 'timestamp'), 'msg': 'Input should be a valid datetime', 'input': None}
  {'type': 'datetime_type', 'loc': ('response', 408, 'timestamp'), 'msg': 'Input should be a valid datetime', 'input': None}

  File "E:\medcare-ai\app\api\routes_recommendations.py", line 20, in get_recommendations
    GET /api/recommendations
Traceback (most recent call last):
  File "E:\anaconda3\Lib\site-packages\starlette\middleware\errors.py", line 164, in __call__
    await self.app(scope, receive, _send)
  File "E:\anaconda3\Lib\site-packages\starlette\middleware\base.py", line 193, in __call__
    response = await self.dispatch_func(request, call_next)
               ^^^^^^^^^^^^^^^^^^^^^^^^^^^^^^^^^^^^^^^^^^^^
  File "E:\medcare-ai\app\api\main.py", line 37, in add_process_time_header
    response = await call_next(request)
               ^^^^^^^^^^^^^^^^^^^^^^^^
  File "E:\anaconda3\Lib\site-packages\starlette\middleware\base.py", line 168, in call_next
    raise app_exc from app_exc.__cause__ or app_exc.__context__
  File "E:\anaconda3\Lib\site-packages\starlette\middleware\base.py", line 144, in coro
    await self.app(scope, receive_or_disconnect, send_no_error)
  File "E:\anaconda3\Lib\site-packages\starlette\middleware\cors.py", line 88, in __call__
    await self.app(scope, receive, send)
  File "E:\anaconda3\Lib\site-packages\starlette\middleware\exceptions.py", line 63, in __call__
    await wrap_app_handling_exceptions(self.app, conn)(scope, receive, send)
  File "E:\anaconda3\Lib\site-packages\starlette\_exception_handler.py", line 53, in wrapped_app
    raise exc
  File "E:\anaconda3\Lib\site-packages\starlette\_exception_handler.py", line 42, in wrapped_app
    await app(scope, receive, sender)
  File "E:\anaconda3\Lib\site-packages\fastapi\middleware\asyncexitstack.py", line 18, in __call__
    await self.app(scope, receive, send)
  File "E:\anaconda3\Lib\site-packages\starlette\routing.py", line 660, in __call__
    await self.middleware_stack(scope, receive, send)
  File "E:\anaconda3\Lib\site-packages\fastapi\routing.py", line 2685, in app
    await route.handle(scope, receive, send)
  File "E:\anaconda3\Lib\site-packages\fastapi\routing.py", line 1766, in handle
    await self.original_router.handle(scope, receive, send)
  File "E:\anaconda3\Lib\site-packages\fastapi\routing.py", line 2740, in handle
    await included_router._handle_selected(scope, receive, send)
  File "E:\anaconda3\Lib\site-packages\fastapi\routing.py", line 1786, in _handle_selected
    await original_route.handle(scope, receive, send)
  File "E:\anaconda3\Lib\site-packages\fastapi\routing.py", line 1265, in handle
    await app(scope, receive, send)
  File "E:\anaconda3\Lib\site-packages\fastapi\routing.py", line 151, in app
    await wrap_app_handling_exceptions(app, request)(scope, receive, send)
  File "E:\anaconda3\Lib\site-packages\starlette\_exception_handler.py", line 53, in wrapped_app
    raise exc
  File "E:\anaconda3\Lib\site-packages\starlette\_exception_handler.py", line 42, in wrapped_app
    await app(scope, receive, sender)
  File "E:\anaconda3\Lib\site-packages\fastapi\routing.py", line 137, in app
    response = await f(request)
               ^^^^^^^^^^^^^^^^
  File "E:\anaconda3\Lib\site-packages\fastapi\routing.py", line 712, in app
    content = await serialize_response(
              ^^^^^^^^^^^^^^^^^^^^^^^^^
    ...<11 lines>...
    )
    ^
  File "E:\anaconda3\Lib\site-packages\fastapi\routing.py", line 317, in serialize_response
    raise ResponseValidationError(
    ...<3 lines>...
    )
fastapi.exceptions.ResponseValidationError: 409 validation errors:
  {'type': 'datetime_type', 'loc': ('response', 0, 'timestamp'), 'msg': 'Input should be a valid datetime', 'input': None}
  {'type': 'datetime_type', 'loc': ('response', 1, 'timestamp'), 'msg': 'Input should be a valid datetime', 'input': None}
  {'type': 'datetime_type', 'loc': ('response', 2, 'timestamp'), 'msg': 'Input should be a valid datetime', 'input': None}
  {'type': 'datetime_type', 'loc': ('response', 3, 'timestamp'), 'msg': 'Input should be a valid datetime', 'input': None}
  {'type': 'datetime_type', 'loc': ('response', 4, 'timestamp'), 'msg': 'Input should be a valid datetime', 'input': None}
  {'type': 'datetime_type', 'loc': ('response', 5, 'timestamp'), 'msg': 'Input should be a valid datetime', 'input': None}
  {'type': 'datetime_type', 'loc': ('response', 6, 'timestamp'), 'msg': 'Input should be a valid datetime', 'input': None}
  {'type': 'datetime_type', 'loc': ('response', 7, 'timestamp'), 'msg': 'Input should be a valid datetime', 'input': None}
  {'type': 'datetime_type', 'loc': ('response', 8, 'timestamp'), 'msg': 'Input should be a valid datetime', 'input': None}
  {'type': 'datetime_type', 'loc': ('response', 9, 'timestamp'), 'msg': 'Input should be a valid datetime', 'input': None}
  {'type': 'datetime_type', 'loc': ('response', 10, 'timestamp'), 'msg': 'Input should be a valid datetime', 'input': None}
  {'type': 'datetime_type', 'loc': ('response', 11, 'timestamp'), 'msg': 'Input should be a valid datetime', 'input': None}
  {'type': 'datetime_type', 'loc': ('response', 12, 'timestamp'), 'msg': 'Input should be a valid datetime', 'input': None}
  {'type': 'datetime_type', 'loc': ('response', 13, 'timestamp'), 'msg': 'Input should be a valid datetime', 'input': None}
  {'type': 'datetime_type', 'loc': ('response', 14, 'timestamp'), 'msg': 'Input should be a valid datetime', 'input': None}
  {'type': 'datetime_type', 'loc': ('response', 15, 'timestamp'), 'msg': 'Input should be a valid datetime', 'input': None}
  {'type': 'datetime_type', 'loc': ('response', 16, 'timestamp'), 'msg': 'Input should be a valid datetime', 'input': None}
  {'type': 'datetime_type', 'loc': ('response', 17, 'timestamp'), 'msg': 'Input should be a valid datetime', 'input': None}
  {'type': 'datetime_type', 'loc': ('response', 18, 'timestamp'), 'msg': 'Input should be a valid datetime', 'input': None}
  {'type': 'datetime_type', 'loc': ('response', 19, 'timestamp'), 'msg': 'Input should be a valid datetime', 'input': None}
  {'type': 'datetime_type', 'loc': ('response', 20, 'timestamp'), 'msg': 'Input should be a valid datetime', 'input': None}
  {'type': 'datetime_type', 'loc': ('response', 21, 'timestamp'), 'msg': 'Input should be a valid datetime', 'input': None}
  {'type': 'datetime_type', 'loc': ('response', 22, 'timestamp'), 'msg': 'Input should be a valid datetime', 'input': None}
  {'type': 'datetime_type', 'loc': ('response', 23, 'timestamp'), 'msg': 'Input should be a valid datetime', 'input': None}
  {'type': 'datetime_type', 'loc': ('response', 24, 'timestamp'), 'msg': 'Input should be a valid datetime', 'input': None}
  {'type': 'datetime_type', 'loc': ('response', 25, 'timestamp'), 'msg': 'Input should be a valid datetime', 'input': None}
  {'type': 'datetime_type', 'loc': ('response', 26, 'timestamp'), 'msg': 'Input should be a valid datetime', 'input': None}
  {'type': 'datetime_type', 'loc': ('response', 27, 'timestamp'), 'msg': 'Input should be a valid datetime', 'input': None}
  {'type': 'datetime_type', 'loc': ('response', 28, 'timestamp'), 'msg': 'Input should be a valid datetime', 'input': None}
  {'type': 'datetime_type', 'loc': ('response', 29, 'timestamp'), 'msg': 'Input should be a valid datetime', 'input': None}
  {'type': 'datetime_type', 'loc': ('response', 30, 'timestamp'), 'msg': 'Input should be a valid datetime', 'input': None}
  {'type': 'datetime_type', 'loc': ('response', 31, 'timestamp'), 'msg': 'Input should be a valid datetime', 'input': None}
  {'type': 'datetime_type', 'loc': ('response', 32, 'timestamp'), 'msg': 'Input should be a valid datetime', 'input': None}
  {'type': 'datetime_type', 'loc': ('response', 33, 'timestamp'), 'msg': 'Input should be a valid datetime', 'input': None}
  {'type': 'datetime_type', 'loc': ('response', 34, 'timestamp'), 'msg': 'Input should be a valid datetime', 'input': None}
  {'type': 'datetime_type', 'loc': ('response', 35, 'timestamp'), 'msg': 'Input should be a valid datetime', 'input': None}
  {'type': 'datetime_type', 'loc': ('response', 36, 'timestamp'), 'msg': 'Input should be a valid datetime', 'input': None}
  {'type': 'datetime_type', 'loc': ('response', 37, 'timestamp'), 'msg': 'Input should be a valid datetime', 'input': None}
  {'type': 'datetime_type', 'loc': ('response', 38, 'timestamp'), 'msg': 'Input should be a valid datetime', 'input': None}
  {'type': 'datetime_type', 'loc': ('response', 39, 'timestamp'), 'msg': 'Input should be a valid datetime', 'input': None}
  {'type': 'datetime_type', 'loc': ('response', 40, 'timestamp'), 'msg': 'Input should be a valid datetime', 'input': None}
  {'type': 'datetime_type', 'loc': ('response', 41, 'timestamp'), 'msg': 'Input should be a valid datetime', 'input': None}
  {'type': 'datetime_type', 'loc': ('response', 42, 'timestamp'), 'msg': 'Input should be a valid datetime', 'input': None}
  {'type': 'datetime_type', 'loc': ('response', 43, 'timestamp'), 'msg': 'Input should be a valid datetime', 'input': None}
  {'type': 'datetime_type', 'loc': ('response', 44, 'timestamp'), 'msg': 'Input should be a valid datetime', 'input': None}
  {'type': 'datetime_type', 'loc': ('response', 45, 'timestamp'), 'msg': 'Input should be a valid datetime', 'input': None}
  {'type': 'datetime_type', 'loc': ('response', 46, 'timestamp'), 'msg': 'Input should be a valid datetime', 'input': None}
  {'type': 'datetime_type', 'loc': ('response', 47, 'timestamp'), 'msg': 'Input should be a valid datetime', 'input': None}
  {'type': 'datetime_type', 'loc': ('response', 48, 'timestamp'), 'msg': 'Input should be a valid datetime', 'input': None}
  {'type': 'datetime_type', 'loc': ('response', 49, 'timestamp'), 'msg': 'Input should be a valid datetime', 'input': None}
  {'type': 'datetime_type', 'loc': ('response', 50, 'timestamp'), 'msg': 'Input should be a valid datetime', 'input': None}
  {'type': 'datetime_type', 'loc': ('response', 51, 'timestamp'), 'msg': 'Input should be a valid datetime', 'input': None}
  {'type': 'datetime_type', 'loc': ('response', 52, 'timestamp'), 'msg': 'Input should be a valid datetime', 'input': None}
  {'type': 'datetime_type', 'loc': ('response', 53, 'timestamp'), 'msg': 'Input should be a valid datetime', 'input': None}
  {'type': 'datetime_type', 'loc': ('response', 54, 'timestamp'), 'msg': 'Input should be a valid datetime', 'input': None}
  {'type': 'datetime_type', 'loc': ('response', 55, 'timestamp'), 'msg': 'Input should be a valid datetime', 'input': None}
  {'type': 'datetime_type', 'loc': ('response', 56, 'timestamp'), 'msg': 'Input should be a valid datetime', 'input': None}
  {'type': 'datetime_type', 'loc': ('response', 57, 'timestamp'), 'msg': 'Input should be a valid datetime', 'input': None}
  {'type': 'datetime_type', 'loc': ('response', 58, 'timestamp'), 'msg': 'Input should be a valid datetime', 'input': None}
  {'type': 'datetime_type', 'loc': ('response', 59, 'timestamp'), 'msg': 'Input should be a valid datetime', 'input': None}
  {'type': 'datetime_type', 'loc': ('response', 60, 'timestamp'), 'msg': 'Input should be a valid datetime', 'input': None}
  {'type': 'datetime_type', 'loc': ('response', 61, 'timestamp'), 'msg': 'Input should be a valid datetime', 'input': None}
  {'type': 'datetime_type', 'loc': ('response', 62, 'timestamp'), 'msg': 'Input should be a valid datetime', 'input': None}
  {'type': 'datetime_type', 'loc': ('response', 63, 'timestamp'), 'msg': 'Input should be a valid datetime', 'input': None}
  {'type': 'datetime_type', 'loc': ('response', 64, 'timestamp'), 'msg': 'Input should be a valid datetime', 'input': None}
  {'type': 'datetime_type', 'loc': ('response', 65, 'timestamp'), 'msg': 'Input should be a valid datetime', 'input': None}
  {'type': 'datetime_type', 'loc': ('response', 66, 'timestamp'), 'msg': 'Input should be a valid datetime', 'input': None}
  {'type': 'datetime_type', 'loc': ('response', 67, 'timestamp'), 'msg': 'Input should be a valid datetime', 'input': None}
  {'type': 'datetime_type', 'loc': ('response', 68, 'timestamp'), 'msg': 'Input should be a valid datetime', 'input': None}
  {'type': 'datetime_type', 'loc': ('response', 69, 'timestamp'), 'msg': 'Input should be a valid datetime', 'input': None}
  {'type': 'datetime_type', 'loc': ('response', 70, 'timestamp'), 'msg': 'Input should be a valid datetime', 'input': None}
  {'type': 'datetime_type', 'loc': ('response', 71, 'timestamp'), 'msg': 'Input should be a valid datetime', 'input': None}
  {'type': 'datetime_type', 'loc': ('response', 72, 'timestamp'), 'msg': 'Input should be a valid datetime', 'input': None}
  {'type': 'datetime_type', 'loc': ('response', 73, 'timestamp'), 'msg': 'Input should be a valid datetime', 'input': None}
  {'type': 'datetime_type', 'loc': ('response', 74, 'timestamp'), 'msg': 'Input should be a valid datetime', 'input': None}
  {'type': 'datetime_type', 'loc': ('response', 75, 'timestamp'), 'msg': 'Input should be a valid datetime', 'input': None}
  {'type': 'datetime_type', 'loc': ('response', 76, 'timestamp'), 'msg': 'Input should be a valid datetime', 'input': None}
  {'type': 'datetime_type', 'loc': ('response', 77, 'timestamp'), 'msg': 'Input should be a valid datetime', 'input': None}
  {'type': 'datetime_type', 'loc': ('response', 78, 'timestamp'), 'msg': 'Input should be a valid datetime', 'input': None}
  {'type': 'datetime_type', 'loc': ('response', 79, 'timestamp'), 'msg': 'Input should be a valid datetime', 'input': None}
  {'type': 'datetime_type', 'loc': ('response', 80, 'timestamp'), 'msg': 'Input should be a valid datetime', 'input': None}
  {'type': 'datetime_type', 'loc': ('response', 81, 'timestamp'), 'msg': 'Input should be a valid datetime', 'input': None}
  {'type': 'datetime_type', 'loc': ('response', 82, 'timestamp'), 'msg': 'Input should be a valid datetime', 'input': None}
  {'type': 'datetime_type', 'loc': ('response', 83, 'timestamp'), 'msg': 'Input should be a valid datetime', 'input': None}
  {'type': 'datetime_type', 'loc': ('response', 84, 'timestamp'), 'msg': 'Input should be a valid datetime', 'input': None}
  {'type': 'datetime_type', 'loc': ('response', 85, 'timestamp'), 'msg': 'Input should be a valid datetime', 'input': None}
  {'type': 'datetime_type', 'loc': ('response', 86, 'timestamp'), 'msg': 'Input should be a valid datetime', 'input': None}
  {'type': 'datetime_type', 'loc': ('response', 87, 'timestamp'), 'msg': 'Input should be a valid datetime', 'input': None}
  {'type': 'datetime_type', 'loc': ('response', 88, 'timestamp'), 'msg': 'Input should be a valid datetime', 'input': None}
  {'type': 'datetime_type', 'loc': ('response', 89, 'timestamp'), 'msg': 'Input should be a valid datetime', 'input': None}
  {'type': 'datetime_type', 'loc': ('response', 90, 'timestamp'), 'msg': 'Input should be a valid datetime', 'input': None}
  {'type': 'datetime_type', 'loc': ('response', 91, 'timestamp'), 'msg': 'Input should be a valid datetime', 'input': None}
  {'type': 'datetime_type', 'loc': ('response', 92, 'timestamp'), 'msg': 'Input should be a valid datetime', 'input': None}
  {'type': 'datetime_type', 'loc': ('response', 93, 'timestamp'), 'msg': 'Input should be a valid datetime', 'input': None}
  {'type': 'datetime_type', 'loc': ('response', 94, 'timestamp'), 'msg': 'Input should be a valid datetime', 'input': None}
  {'type': 'datetime_type', 'loc': ('response', 95, 'timestamp'), 'msg': 'Input should be a valid datetime', 'input': None}
  {'type': 'datetime_type', 'loc': ('response', 96, 'timestamp'), 'msg': 'Input should be a valid datetime', 'input': None}
  {'type': 'datetime_type', 'loc': ('response', 97, 'timestamp'), 'msg': 'Input should be a valid datetime', 'input': None}
  {'type': 'datetime_type', 'loc': ('response', 98, 'timestamp'), 'msg': 'Input should be a valid datetime', 'input': None}
  {'type': 'datetime_type', 'loc': ('response', 99, 'timestamp'), 'msg': 'Input should be a valid datetime', 'input': None}
  {'type': 'datetime_type', 'loc': ('response', 100, 'timestamp'), 'msg': 'Input should be a valid datetime', 'input': None}
  {'type': 'datetime_type', 'loc': ('response', 101, 'timestamp'), 'msg': 'Input should be a valid datetime', 'input': None}
  {'type': 'datetime_type', 'loc': ('response', 102, 'timestamp'), 'msg': 'Input should be a valid datetime', 'input': None}
  {'type': 'datetime_type', 'loc': ('response', 103, 'timestamp'), 'msg': 'Input should be a valid datetime', 'input': None}
  {'type': 'datetime_type', 'loc': ('response', 104, 'timestamp'), 'msg': 'Input should be a valid datetime', 'input': None}
  {'type': 'datetime_type', 'loc': ('response', 105, 'timestamp'), 'msg': 'Input should be a valid datetime', 'input': None}
  {'type': 'datetime_type', 'loc': ('response', 106, 'timestamp'), 'msg': 'Input should be a valid datetime', 'input': None}
  {'type': 'datetime_type', 'loc': ('response', 107, 'timestamp'), 'msg': 'Input should be a valid datetime', 'input': None}
  {'type': 'datetime_type', 'loc': ('response', 108, 'timestamp'), 'msg': 'Input should be a valid datetime', 'input': None}
  {'type': 'datetime_type', 'loc': ('response', 109, 'timestamp'), 'msg': 'Input should be a valid datetime', 'input': None}
  {'type': 'datetime_type', 'loc': ('response', 110, 'timestamp'), 'msg': 'Input should be a valid datetime', 'input': None}
  {'type': 'datetime_type', 'loc': ('response', 111, 'timestamp'), 'msg': 'Input should be a valid datetime', 'input': None}
  {'type': 'datetime_type', 'loc': ('response', 112, 'timestamp'), 'msg': 'Input should be a valid datetime', 'input': None}
  {'type': 'datetime_type', 'loc': ('response', 113, 'timestamp'), 'msg': 'Input should be a valid datetime', 'input': None}
  {'type': 'datetime_type', 'loc': ('response', 114, 'timestamp'), 'msg': 'Input should be a valid datetime', 'input': None}
  {'type': 'datetime_type', 'loc': ('response', 115, 'timestamp'), 'msg': 'Input should be a valid datetime', 'input': None}
  {'type': 'datetime_type', 'loc': ('response', 116, 'timestamp'), 'msg': 'Input should be a valid datetime', 'input': None}
  {'type': 'datetime_type', 'loc': ('response', 117, 'timestamp'), 'msg': 'Input should be a valid datetime', 'input': None}
  {'type': 'datetime_type', 'loc': ('response', 118, 'timestamp'), 'msg': 'Input should be a valid datetime', 'input': None}
  {'type': 'datetime_type', 'loc': ('response', 119, 'timestamp'), 'msg': 'Input should be a valid datetime', 'input': None}
  {'type': 'datetime_type', 'loc': ('response', 120, 'timestamp'), 'msg': 'Input should be a valid datetime', 'input': None}
  {'type': 'datetime_type', 'loc': ('response', 121, 'timestamp'), 'msg': 'Input should be a valid datetime', 'input': None}
  {'type': 'datetime_type', 'loc': ('response', 122, 'timestamp'), 'msg': 'Input should be a valid datetime', 'input': None}
  {'type': 'datetime_type', 'loc': ('response', 123, 'timestamp'), 'msg': 'Input should be a valid datetime', 'input': None}
  {'type': 'datetime_type', 'loc': ('response', 124, 'timestamp'), 'msg': 'Input should be a valid datetime', 'input': None}
  {'type': 'datetime_type', 'loc': ('response', 125, 'timestamp'), 'msg': 'Input should be a valid datetime', 'input': None}
  {'type': 'datetime_type', 'loc': ('response', 126, 'timestamp'), 'msg': 'Input should be a valid datetime', 'input': None}
  {'type': 'datetime_type', 'loc': ('response', 127, 'timestamp'), 'msg': 'Input should be a valid datetime', 'input': None}
  {'type': 'datetime_type', 'loc': ('response', 128, 'timestamp'), 'msg': 'Input should be a valid datetime', 'input': None}
  {'type': 'datetime_type', 'loc': ('response', 129, 'timestamp'), 'msg': 'Input should be a valid datetime', 'input': None}
  {'type': 'datetime_type', 'loc': ('response', 130, 'timestamp'), 'msg': 'Input should be a valid datetime', 'input': None}
  {'type': 'datetime_type', 'loc': ('response', 131, 'timestamp'), 'msg': 'Input should be a valid datetime', 'input': None}
  {'type': 'datetime_type', 'loc': ('response', 132, 'timestamp'), 'msg': 'Input should be a valid datetime', 'input': None}
  {'type': 'datetime_type', 'loc': ('response', 133, 'timestamp'), 'msg': 'Input should be a valid datetime', 'input': None}
  {'type': 'datetime_type', 'loc': ('response', 134, 'timestamp'), 'msg': 'Input should be a valid datetime', 'input': None}
  {'type': 'datetime_type', 'loc': ('response', 135, 'timestamp'), 'msg': 'Input should be a valid datetime', 'input': None}
  {'type': 'datetime_type', 'loc': ('response', 136, 'timestamp'), 'msg': 'Input should be a valid datetime', 'input': None}
  {'type': 'datetime_type', 'loc': ('response', 137, 'timestamp'), 'msg': 'Input should be a valid datetime', 'input': None}
  {'type': 'datetime_type', 'loc': ('response', 138, 'timestamp'), 'msg': 'Input should be a valid datetime', 'input': None}
  {'type': 'datetime_type', 'loc': ('response', 139, 'timestamp'), 'msg': 'Input should be a valid datetime', 'input': None}
  {'type': 'datetime_type', 'loc': ('response', 140, 'timestamp'), 'msg': 'Input should be a valid datetime', 'input': None}
  {'type': 'datetime_type', 'loc': ('response', 141, 'timestamp'), 'msg': 'Input should be a valid datetime', 'input': None}
  {'type': 'datetime_type', 'loc': ('response', 142, 'timestamp'), 'msg': 'Input should be a valid datetime', 'input': None}
  {'type': 'datetime_type', 'loc': ('response', 143, 'timestamp'), 'msg': 'Input should be a valid datetime', 'input': None}
  {'type': 'datetime_type', 'loc': ('response', 144, 'timestamp'), 'msg': 'Input should be a valid datetime', 'input': None}
  {'type': 'datetime_type', 'loc': ('response', 145, 'timestamp'), 'msg': 'Input should be a valid datetime', 'input': None}
  {'type': 'datetime_type', 'loc': ('response', 146, 'timestamp'), 'msg': 'Input should be a valid datetime', 'input': None}
  {'type': 'datetime_type', 'loc': ('response', 147, 'timestamp'), 'msg': 'Input should be a valid datetime', 'input': None}
  {'type': 'datetime_type', 'loc': ('response', 148, 'timestamp'), 'msg': 'Input should be a valid datetime', 'input': None}
  {'type': 'datetime_type', 'loc': ('response', 149, 'timestamp'), 'msg': 'Input should be a valid datetime', 'input': None}
  {'type': 'datetime_type', 'loc': ('response', 150, 'timestamp'), 'msg': 'Input should be a valid datetime', 'input': None}
  {'type': 'datetime_type', 'loc': ('response', 151, 'timestamp'), 'msg': 'Input should be a valid datetime', 'input': None}
  {'type': 'datetime_type', 'loc': ('response', 152, 'timestamp'), 'msg': 'Input should be a valid datetime', 'input': None}
  {'type': 'datetime_type', 'loc': ('response', 153, 'timestamp'), 'msg': 'Input should be a valid datetime', 'input': None}
  {'type': 'datetime_type', 'loc': ('response', 154, 'timestamp'), 'msg': 'Input should be a valid datetime', 'input': None}
  {'type': 'datetime_type', 'loc': ('response', 155, 'timestamp'), 'msg': 'Input should be a valid datetime', 'input': None}
  {'type': 'datetime_type', 'loc': ('response', 156, 'timestamp'), 'msg': 'Input should be a valid datetime', 'input': None}
  {'type': 'datetime_type', 'loc': ('response', 157, 'timestamp'), 'msg': 'Input should be a valid datetime', 'input': None}
  {'type': 'datetime_type', 'loc': ('response', 158, 'timestamp'), 'msg': 'Input should be a valid datetime', 'input': None}
  {'type': 'datetime_type', 'loc': ('response', 159, 'timestamp'), 'msg': 'Input should be a valid datetime', 'input': None}
  {'type': 'datetime_type', 'loc': ('response', 160, 'timestamp'), 'msg': 'Input should be a valid datetime', 'input': None}
  {'type': 'datetime_type', 'loc': ('response', 161, 'timestamp'), 'msg': 'Input should be a valid datetime', 'input': None}
  {'type': 'datetime_type', 'loc': ('response', 162, 'timestamp'), 'msg': 'Input should be a valid datetime', 'input': None}
  {'type': 'datetime_type', 'loc': ('response', 163, 'timestamp'), 'msg': 'Input should be a valid datetime', 'input': None}
  {'type': 'datetime_type', 'loc': ('response', 164, 'timestamp'), 'msg': 'Input should be a valid datetime', 'input': None}
  {'type': 'datetime_type', 'loc': ('response', 165, 'timestamp'), 'msg': 'Input should be a valid datetime', 'input': None}
  {'type': 'datetime_type', 'loc': ('response', 166, 'timestamp'), 'msg': 'Input should be a valid datetime', 'input': None}
  {'type': 'datetime_type', 'loc': ('response', 167, 'timestamp'), 'msg': 'Input should be a valid datetime', 'input': None}
  {'type': 'datetime_type', 'loc': ('response', 168, 'timestamp'), 'msg': 'Input should be a valid datetime', 'input': None}
  {'type': 'datetime_type', 'loc': ('response', 169, 'timestamp'), 'msg': 'Input should be a valid datetime', 'input': None}
  {'type': 'datetime_type', 'loc': ('response', 170, 'timestamp'), 'msg': 'Input should be a valid datetime', 'input': None}
  {'type': 'datetime_type', 'loc': ('response', 171, 'timestamp'), 'msg': 'Input should be a valid datetime', 'input': None}
  {'type': 'datetime_type', 'loc': ('response', 172, 'timestamp'), 'msg': 'Input should be a valid datetime', 'input': None}
  {'type': 'datetime_type', 'loc': ('response', 173, 'timestamp'), 'msg': 'Input should be a valid datetime', 'input': None}
  {'type': 'datetime_type', 'loc': ('response', 174, 'timestamp'), 'msg': 'Input should be a valid datetime', 'input': None}
  {'type': 'datetime_type', 'loc': ('response', 175, 'timestamp'), 'msg': 'Input should be a valid datetime', 'input': None}
  {'type': 'datetime_type', 'loc': ('response', 176, 'timestamp'), 'msg': 'Input should be a valid datetime', 'input': None}
  {'type': 'datetime_type', 'loc': ('response', 177, 'timestamp'), 'msg': 'Input should be a valid datetime', 'input': None}
  {'type': 'datetime_type', 'loc': ('response', 178, 'timestamp'), 'msg': 'Input should be a valid datetime', 'input': None}
  {'type': 'datetime_type', 'loc': ('response', 179, 'timestamp'), 'msg': 'Input should be a valid datetime', 'input': None}
  {'type': 'datetime_type', 'loc': ('response', 180, 'timestamp'), 'msg': 'Input should be a valid datetime', 'input': None}
  {'type': 'datetime_type', 'loc': ('response', 181, 'timestamp'), 'msg': 'Input should be a valid datetime', 'input': None}
  {'type': 'datetime_type', 'loc': ('response', 182, 'timestamp'), 'msg': 'Input should be a valid datetime', 'input': None}
  {'type': 'datetime_type', 'loc': ('response', 183, 'timestamp'), 'msg': 'Input should be a valid datetime', 'input': None}
  {'type': 'datetime_type', 'loc': ('response', 184, 'timestamp'), 'msg': 'Input should be a valid datetime', 'input': None}
  {'type': 'datetime_type', 'loc': ('response', 185, 'timestamp'), 'msg': 'Input should be a valid datetime', 'input': None}
  {'type': 'datetime_type', 'loc': ('response', 186, 'timestamp'), 'msg': 'Input should be a valid datetime', 'input': None}
  {'type': 'datetime_type', 'loc': ('response', 187, 'timestamp'), 'msg': 'Input should be a valid datetime', 'input': None}
  {'type': 'datetime_type', 'loc': ('response', 188, 'timestamp'), 'msg': 'Input should be a valid datetime', 'input': None}
  {'type': 'datetime_type', 'loc': ('response', 189, 'timestamp'), 'msg': 'Input should be a valid datetime', 'input': None}
  {'type': 'datetime_type', 'loc': ('response', 190, 'timestamp'), 'msg': 'Input should be a valid datetime', 'input': None}
  {'type': 'datetime_type', 'loc': ('response', 191, 'timestamp'), 'msg': 'Input should be a valid datetime', 'input': None}
  {'type': 'datetime_type', 'loc': ('response', 192, 'timestamp'), 'msg': 'Input should be a valid datetime', 'input': None}
  {'type': 'datetime_type', 'loc': ('response', 193, 'timestamp'), 'msg': 'Input should be a valid datetime', 'input': None}
  {'type': 'datetime_type', 'loc': ('response', 194, 'timestamp'), 'msg': 'Input should be a valid datetime', 'input': None}
  {'type': 'datetime_type', 'loc': ('response', 195, 'timestamp'), 'msg': 'Input should be a valid datetime', 'input': None}
  {'type': 'datetime_type', 'loc': ('response', 196, 'timestamp'), 'msg': 'Input should be a valid datetime', 'input': None}
  {'type': 'datetime_type', 'loc': ('response', 197, 'timestamp'), 'msg': 'Input should be a valid datetime', 'input': None}
  {'type': 'datetime_type', 'loc': ('response', 198, 'timestamp'), 'msg': 'Input should be a valid datetime', 'input': None}
  {'type': 'datetime_type', 'loc': ('response', 199, 'timestamp'), 'msg': 'Input should be a valid datetime', 'input': None}
  {'type': 'datetime_type', 'loc': ('response', 200, 'timestamp'), 'msg': 'Input should be a valid datetime', 'input': None}
  {'type': 'datetime_type', 'loc': ('response', 201, 'timestamp'), 'msg': 'Input should be a valid datetime', 'input': None}
  {'type': 'datetime_type', 'loc': ('response', 202, 'timestamp'), 'msg': 'Input should be a valid datetime', 'input': None}
  {'type': 'datetime_type', 'loc': ('response', 203, 'timestamp'), 'msg': 'Input should be a valid datetime', 'input': None}
  {'type': 'datetime_type', 'loc': ('response', 204, 'timestamp'), 'msg': 'Input should be a valid datetime', 'input': None}
  {'type': 'datetime_type', 'loc': ('response', 205, 'timestamp'), 'msg': 'Input should be a valid datetime', 'input': None}
  {'type': 'datetime_type', 'loc': ('response', 206, 'timestamp'), 'msg': 'Input should be a valid datetime', 'input': None}
  {'type': 'datetime_type', 'loc': ('response', 207, 'timestamp'), 'msg': 'Input should be a valid datetime', 'input': None}
  {'type': 'datetime_type', 'loc': ('response', 208, 'timestamp'), 'msg': 'Input should be a valid datetime', 'input': None}
  {'type': 'datetime_type', 'loc': ('response', 209, 'timestamp'), 'msg': 'Input should be a valid datetime', 'input': None}
  {'type': 'datetime_type', 'loc': ('response', 210, 'timestamp'), 'msg': 'Input should be a valid datetime', 'input': None}
  {'type': 'datetime_type', 'loc': ('response', 211, 'timestamp'), 'msg': 'Input should be a valid datetime', 'input': None}
  {'type': 'datetime_type', 'loc': ('response', 212, 'timestamp'), 'msg': 'Input should be a valid datetime', 'input': None}
  {'type': 'datetime_type', 'loc': ('response', 213, 'timestamp'), 'msg': 'Input should be a valid datetime', 'input': None}
  {'type': 'datetime_type', 'loc': ('response', 214, 'timestamp'), 'msg': 'Input should be a valid datetime', 'input': None}
  {'type': 'datetime_type', 'loc': ('response', 215, 'timestamp'), 'msg': 'Input should be a valid datetime', 'input': None}
  {'type': 'datetime_type', 'loc': ('response', 216, 'timestamp'), 'msg': 'Input should be a valid datetime', 'input': None}
  {'type': 'datetime_type', 'loc': ('response', 217, 'timestamp'), 'msg': 'Input should be a valid datetime', 'input': None}
  {'type': 'datetime_type', 'loc': ('response', 218, 'timestamp'), 'msg': 'Input should be a valid datetime', 'input': None}
  {'type': 'datetime_type', 'loc': ('response', 219, 'timestamp'), 'msg': 'Input should be a valid datetime', 'input': None}
  {'type': 'datetime_type', 'loc': ('response', 220, 'timestamp'), 'msg': 'Input should be a valid datetime', 'input': None}
  {'type': 'datetime_type', 'loc': ('response', 221, 'timestamp'), 'msg': 'Input should be a valid datetime', 'input': None}
  {'type': 'datetime_type', 'loc': ('response', 222, 'timestamp'), 'msg': 'Input should be a valid datetime', 'input': None}
  {'type': 'datetime_type', 'loc': ('response', 223, 'timestamp'), 'msg': 'Input should be a valid datetime', 'input': None}
  {'type': 'datetime_type', 'loc': ('response', 224, 'timestamp'), 'msg': 'Input should be a valid datetime', 'input': None}
  {'type': 'datetime_type', 'loc': ('response', 225, 'timestamp'), 'msg': 'Input should be a valid datetime', 'input': None}
  {'type': 'datetime_type', 'loc': ('response', 226, 'timestamp'), 'msg': 'Input should be a valid datetime', 'input': None}
  {'type': 'datetime_type', 'loc': ('response', 227, 'timestamp'), 'msg': 'Input should be a valid datetime', 'input': None}
  {'type': 'datetime_type', 'loc': ('response', 228, 'timestamp'), 'msg': 'Input should be a valid datetime', 'input': None}
  {'type': 'datetime_type', 'loc': ('response', 229, 'timestamp'), 'msg': 'Input should be a valid datetime', 'input': None}
  {'type': 'datetime_type', 'loc': ('response', 230, 'timestamp'), 'msg': 'Input should be a valid datetime', 'input': None}
  {'type': 'datetime_type', 'loc': ('response', 231, 'timestamp'), 'msg': 'Input should be a valid datetime', 'input': None}
  {'type': 'datetime_type', 'loc': ('response', 232, 'timestamp'), 'msg': 'Input should be a valid datetime', 'input': None}
  {'type': 'datetime_type', 'loc': ('response', 233, 'timestamp'), 'msg': 'Input should be a valid datetime', 'input': None}
  {'type': 'datetime_type', 'loc': ('response', 234, 'timestamp'), 'msg': 'Input should be a valid datetime', 'input': None}
  {'type': 'datetime_type', 'loc': ('response', 235, 'timestamp'), 'msg': 'Input should be a valid datetime', 'input': None}
  {'type': 'datetime_type', 'loc': ('response', 236, 'timestamp'), 'msg': 'Input should be a valid datetime', 'input': None}
  {'type': 'datetime_type', 'loc': ('response', 237, 'timestamp'), 'msg': 'Input should be a valid datetime', 'input': None}
  {'type': 'datetime_type', 'loc': ('response', 238, 'timestamp'), 'msg': 'Input should be a valid datetime', 'input': None}
  {'type': 'datetime_type', 'loc': ('response', 239, 'timestamp'), 'msg': 'Input should be a valid datetime', 'input': None}
  {'type': 'datetime_type', 'loc': ('response', 240, 'timestamp'), 'msg': 'Input should be a valid datetime', 'input': None}
  {'type': 'datetime_type', 'loc': ('response', 241, 'timestamp'), 'msg': 'Input should be a valid datetime', 'input': None}
  {'type': 'datetime_type', 'loc': ('response', 242, 'timestamp'), 'msg': 'Input should be a valid datetime', 'input': None}
  {'type': 'datetime_type', 'loc': ('response', 243, 'timestamp'), 'msg': 'Input should be a valid datetime', 'input': None}
  {'type': 'datetime_type', 'loc': ('response', 244, 'timestamp'), 'msg': 'Input should be a valid datetime', 'input': None}
  {'type': 'datetime_type', 'loc': ('response', 245, 'timestamp'), 'msg': 'Input should be a valid datetime', 'input': None}
  {'type': 'datetime_type', 'loc': ('response', 246, 'timestamp'), 'msg': 'Input should be a valid datetime', 'input': None}
  {'type': 'datetime_type', 'loc': ('response', 247, 'timestamp'), 'msg': 'Input should be a valid datetime', 'input': None}
  {'type': 'datetime_type', 'loc': ('response', 248, 'timestamp'), 'msg': 'Input should be a valid datetime', 'input': None}
  {'type': 'datetime_type', 'loc': ('response', 249, 'timestamp'), 'msg': 'Input should be a valid datetime', 'input': None}
  {'type': 'datetime_type', 'loc': ('response', 250, 'timestamp'), 'msg': 'Input should be a valid datetime', 'input': None}
  {'type': 'datetime_type', 'loc': ('response', 251, 'timestamp'), 'msg': 'Input should be a valid datetime', 'input': None}
  {'type': 'datetime_type', 'loc': ('response', 252, 'timestamp'), 'msg': 'Input should be a valid datetime', 'input': None}
  {'type': 'datetime_type', 'loc': ('response', 253, 'timestamp'), 'msg': 'Input should be a valid datetime', 'input': None}
  {'type': 'datetime_type', 'loc': ('response', 254, 'timestamp'), 'msg': 'Input should be a valid datetime', 'input': None}
  {'type': 'datetime_type', 'loc': ('response', 255, 'timestamp'), 'msg': 'Input should be a valid datetime', 'input': None}
  {'type': 'datetime_type', 'loc': ('response', 256, 'timestamp'), 'msg': 'Input should be a valid datetime', 'input': None}
  {'type': 'datetime_type', 'loc': ('response', 257, 'timestamp'), 'msg': 'Input should be a valid datetime', 'input': None}
  {'type': 'datetime_type', 'loc': ('response', 258, 'timestamp'), 'msg': 'Input should be a valid datetime', 'input': None}
  {'type': 'datetime_type', 'loc': ('response', 259, 'timestamp'), 'msg': 'Input should be a valid datetime', 'input': None}
  {'type': 'datetime_type', 'loc': ('response', 260, 'timestamp'), 'msg': 'Input should be a valid datetime', 'input': None}
  {'type': 'datetime_type', 'loc': ('response', 261, 'timestamp'), 'msg': 'Input should be a valid datetime', 'input': None}
  {'type': 'datetime_type', 'loc': ('response', 262, 'timestamp'), 'msg': 'Input should be a valid datetime', 'input': None}
  {'type': 'datetime_type', 'loc': ('response', 263, 'timestamp'), 'msg': 'Input should be a valid datetime', 'input': None}
  {'type': 'datetime_type', 'loc': ('response', 264, 'timestamp'), 'msg': 'Input should be a valid datetime', 'input': None}
  {'type': 'datetime_type', 'loc': ('response', 265, 'timestamp'), 'msg': 'Input should be a valid datetime', 'input': None}
  {'type': 'datetime_type', 'loc': ('response', 266, 'timestamp'), 'msg': 'Input should be a valid datetime', 'input': None}
  {'type': 'datetime_type', 'loc': ('response', 267, 'timestamp'), 'msg': 'Input should be a valid datetime', 'input': None}
  {'type': 'datetime_type', 'loc': ('response', 268, 'timestamp'), 'msg': 'Input should be a valid datetime', 'input': None}
  {'type': 'datetime_type', 'loc': ('response', 269, 'timestamp'), 'msg': 'Input should be a valid datetime', 'input': None}
  {'type': 'datetime_type', 'loc': ('response', 270, 'timestamp'), 'msg': 'Input should be a valid datetime', 'input': None}
  {'type': 'datetime_type', 'loc': ('response', 271, 'timestamp'), 'msg': 'Input should be a valid datetime', 'input': None}
  {'type': 'datetime_type', 'loc': ('response', 272, 'timestamp'), 'msg': 'Input should be a valid datetime', 'input': None}
  {'type': 'datetime_type', 'loc': ('response', 273, 'timestamp'), 'msg': 'Input should be a valid datetime', 'input': None}
  {'type': 'datetime_type', 'loc': ('response', 274, 'timestamp'), 'msg': 'Input should be a valid datetime', 'input': None}
  {'type': 'datetime_type', 'loc': ('response', 275, 'timestamp'), 'msg': 'Input should be a valid datetime', 'input': None}
  {'type': 'datetime_type', 'loc': ('response', 276, 'timestamp'), 'msg': 'Input should be a valid datetime', 'input': None}
  {'type': 'datetime_type', 'loc': ('response', 277, 'timestamp'), 'msg': 'Input should be a valid datetime', 'input': None}
  {'type': 'datetime_type', 'loc': ('response', 278, 'timestamp'), 'msg': 'Input should be a valid datetime', 'input': None}
  {'type': 'datetime_type', 'loc': ('response', 279, 'timestamp'), 'msg': 'Input should be a valid datetime', 'input': None}
  {'type': 'datetime_type', 'loc': ('response', 280, 'timestamp'), 'msg': 'Input should be a valid datetime', 'input': None}
  {'type': 'datetime_type', 'loc': ('response', 281, 'timestamp'), 'msg': 'Input should be a valid datetime', 'input': None}
  {'type': 'datetime_type', 'loc': ('response', 282, 'timestamp'), 'msg': 'Input should be a valid datetime', 'input': None}
  {'type': 'datetime_type', 'loc': ('response', 283, 'timestamp'), 'msg': 'Input should be a valid datetime', 'input': None}
  {'type': 'datetime_type', 'loc': ('response', 284, 'timestamp'), 'msg': 'Input should be a valid datetime', 'input': None}
  {'type': 'datetime_type', 'loc': ('response', 285, 'timestamp'), 'msg': 'Input should be a valid datetime', 'input': None}
  {'type': 'datetime_type', 'loc': ('response', 286, 'timestamp'), 'msg': 'Input should be a valid datetime', 'input': None}
  {'type': 'datetime_type', 'loc': ('response', 287, 'timestamp'), 'msg': 'Input should be a valid datetime', 'input': None}
  {'type': 'datetime_type', 'loc': ('response', 288, 'timestamp'), 'msg': 'Input should be a valid datetime', 'input': None}
  {'type': 'datetime_type', 'loc': ('response', 289, 'timestamp'), 'msg': 'Input should be a valid datetime', 'input': None}
  {'type': 'datetime_type', 'loc': ('response', 290, 'timestamp'), 'msg': 'Input should be a valid datetime', 'input': None}
  {'type': 'datetime_type', 'loc': ('response', 291, 'timestamp'), 'msg': 'Input should be a valid datetime', 'input': None}
  {'type': 'datetime_type', 'loc': ('response', 292, 'timestamp'), 'msg': 'Input should be a valid datetime', 'input': None}
  {'type': 'datetime_type', 'loc': ('response', 293, 'timestamp'), 'msg': 'Input should be a valid datetime', 'input': None}
  {'type': 'datetime_type', 'loc': ('response', 294, 'timestamp'), 'msg': 'Input should be a valid datetime', 'input': None}
  {'type': 'datetime_type', 'loc': ('response', 295, 'timestamp'), 'msg': 'Input should be a valid datetime', 'input': None}
  {'type': 'datetime_type', 'loc': ('response', 296, 'timestamp'), 'msg': 'Input should be a valid datetime', 'input': None}
  {'type': 'datetime_type', 'loc': ('response', 297, 'timestamp'), 'msg': 'Input should be a valid datetime', 'input': None}
  {'type': 'datetime_type', 'loc': ('response', 298, 'timestamp'), 'msg': 'Input should be a valid datetime', 'input': None}
  {'type': 'datetime_type', 'loc': ('response', 299, 'timestamp'), 'msg': 'Input should be a valid datetime', 'input': None}
  {'type': 'datetime_type', 'loc': ('response', 300, 'timestamp'), 'msg': 'Input should be a valid datetime', 'input': None}
  {'type': 'datetime_type', 'loc': ('response', 301, 'timestamp'), 'msg': 'Input should be a valid datetime', 'input': None}
  {'type': 'datetime_type', 'loc': ('response', 302, 'timestamp'), 'msg': 'Input should be a valid datetime', 'input': None}
  {'type': 'datetime_type', 'loc': ('response', 303, 'timestamp'), 'msg': 'Input should be a valid datetime', 'input': None}
  {'type': 'datetime_type', 'loc': ('response', 304, 'timestamp'), 'msg': 'Input should be a valid datetime', 'input': None}
  {'type': 'datetime_type', 'loc': ('response', 305, 'timestamp'), 'msg': 'Input should be a valid datetime', 'input': None}
  {'type': 'datetime_type', 'loc': ('response', 306, 'timestamp'), 'msg': 'Input should be a valid datetime', 'input': None}
  {'type': 'datetime_type', 'loc': ('response', 307, 'timestamp'), 'msg': 'Input should be a valid datetime', 'input': None}
  {'type': 'datetime_type', 'loc': ('response', 308, 'timestamp'), 'msg': 'Input should be a valid datetime', 'input': None}
  {'type': 'datetime_type', 'loc': ('response', 309, 'timestamp'), 'msg': 'Input should be a valid datetime', 'input': None}
  {'type': 'datetime_type', 'loc': ('response', 310, 'timestamp'), 'msg': 'Input should be a valid datetime', 'input': None}
  {'type': 'datetime_type', 'loc': ('response', 311, 'timestamp'), 'msg': 'Input should be a valid datetime', 'input': None}
  {'type': 'datetime_type', 'loc': ('response', 312, 'timestamp'), 'msg': 'Input should be a valid datetime', 'input': None}
  {'type': 'datetime_type', 'loc': ('response', 313, 'timestamp'), 'msg': 'Input should be a valid datetime', 'input': None}
  {'type': 'datetime_type', 'loc': ('response', 314, 'timestamp'), 'msg': 'Input should be a valid datetime', 'input': None}
  {'type': 'datetime_type', 'loc': ('response', 315, 'timestamp'), 'msg': 'Input should be a valid datetime', 'input': None}
  {'type': 'datetime_type', 'loc': ('response', 316, 'timestamp'), 'msg': 'Input should be a valid datetime', 'input': None}
  {'type': 'datetime_type', 'loc': ('response', 317, 'timestamp'), 'msg': 'Input should be a valid datetime', 'input': None}
  {'type': 'datetime_type', 'loc': ('response', 318, 'timestamp'), 'msg': 'Input should be a valid datetime', 'input': None}
  {'type': 'datetime_type', 'loc': ('response', 319, 'timestamp'), 'msg': 'Input should be a valid datetime', 'input': None}
  {'type': 'datetime_type', 'loc': ('response', 320, 'timestamp'), 'msg': 'Input should be a valid datetime', 'input': None}
  {'type': 'datetime_type', 'loc': ('response', 321, 'timestamp'), 'msg': 'Input should be a valid datetime', 'input': None}
  {'type': 'datetime_type', 'loc': ('response', 322, 'timestamp'), 'msg': 'Input should be a valid datetime', 'input': None}
  {'type': 'datetime_type', 'loc': ('response', 323, 'timestamp'), 'msg': 'Input should be a valid datetime', 'input': None}
  {'type': 'datetime_type', 'loc': ('response', 324, 'timestamp'), 'msg': 'Input should be a valid datetime', 'input': None}
  {'type': 'datetime_type', 'loc': ('response', 325, 'timestamp'), 'msg': 'Input should be a valid datetime', 'input': None}
  {'type': 'datetime_type', 'loc': ('response', 326, 'timestamp'), 'msg': 'Input should be a valid datetime', 'input': None}
  {'type': 'datetime_type', 'loc': ('response', 327, 'timestamp'), 'msg': 'Input should be a valid datetime', 'input': None}
  {'type': 'datetime_type', 'loc': ('response', 328, 'timestamp'), 'msg': 'Input should be a valid datetime', 'input': None}
  {'type': 'datetime_type', 'loc': ('response', 329, 'timestamp'), 'msg': 'Input should be a valid datetime', 'input': None}
  {'type': 'datetime_type', 'loc': ('response', 330, 'timestamp'), 'msg': 'Input should be a valid datetime', 'input': None}
  {'type': 'datetime_type', 'loc': ('response', 331, 'timestamp'), 'msg': 'Input should be a valid datetime', 'input': None}
  {'type': 'datetime_type', 'loc': ('response', 332, 'timestamp'), 'msg': 'Input should be a valid datetime', 'input': None}
  {'type': 'datetime_type', 'loc': ('response', 333, 'timestamp'), 'msg': 'Input should be a valid datetime', 'input': None}
  {'type': 'datetime_type', 'loc': ('response', 334, 'timestamp'), 'msg': 'Input should be a valid datetime', 'input': None}
  {'type': 'datetime_type', 'loc': ('response', 335, 'timestamp'), 'msg': 'Input should be a valid datetime', 'input': None}
  {'type': 'datetime_type', 'loc': ('response', 336, 'timestamp'), 'msg': 'Input should be a valid datetime', 'input': None}
  {'type': 'datetime_type', 'loc': ('response', 337, 'timestamp'), 'msg': 'Input should be a valid datetime', 'input': None}
  {'type': 'datetime_type', 'loc': ('response', 338, 'timestamp'), 'msg': 'Input should be a valid datetime', 'input': None}
  {'type': 'datetime_type', 'loc': ('response', 339, 'timestamp'), 'msg': 'Input should be a valid datetime', 'input': None}
  {'type': 'datetime_type', 'loc': ('response', 340, 'timestamp'), 'msg': 'Input should be a valid datetime', 'input': None}
  {'type': 'datetime_type', 'loc': ('response', 341, 'timestamp'), 'msg': 'Input should be a valid datetime', 'input': None}
  {'type': 'datetime_type', 'loc': ('response', 342, 'timestamp'), 'msg': 'Input should be a valid datetime', 'input': None}
  {'type': 'datetime_type', 'loc': ('response', 343, 'timestamp'), 'msg': 'Input should be a valid datetime', 'input': None}
  {'type': 'datetime_type', 'loc': ('response', 344, 'timestamp'), 'msg': 'Input should be a valid datetime', 'input': None}
  {'type': 'datetime_type', 'loc': ('response', 345, 'timestamp'), 'msg': 'Input should be a valid datetime', 'input': None}
  {'type': 'datetime_type', 'loc': ('response', 346, 'timestamp'), 'msg': 'Input should be a valid datetime', 'input': None}
  {'type': 'datetime_type', 'loc': ('response', 347, 'timestamp'), 'msg': 'Input should be a valid datetime', 'input': None}
  {'type': 'datetime_type', 'loc': ('response', 348, 'timestamp'), 'msg': 'Input should be a valid datetime', 'input': None}
  {'type': 'datetime_type', 'loc': ('response', 349, 'timestamp'), 'msg': 'Input should be a valid datetime', 'input': None}
  {'type': 'datetime_type', 'loc': ('response', 350, 'timestamp'), 'msg': 'Input should be a valid datetime', 'input': None}
  {'type': 'datetime_type', 'loc': ('response', 351, 'timestamp'), 'msg': 'Input should be a valid datetime', 'input': None}
  {'type': 'datetime_type', 'loc': ('response', 352, 'timestamp'), 'msg': 'Input should be a valid datetime', 'input': None}
  {'type': 'datetime_type', 'loc': ('response', 353, 'timestamp'), 'msg': 'Input should be a valid datetime', 'input': None}
  {'type': 'datetime_type', 'loc': ('response', 354, 'timestamp'), 'msg': 'Input should be a valid datetime', 'input': None}
  {'type': 'datetime_type', 'loc': ('response', 355, 'timestamp'), 'msg': 'Input should be a valid datetime', 'input': None}
  {'type': 'datetime_type', 'loc': ('response', 356, 'timestamp'), 'msg': 'Input should be a valid datetime', 'input': None}
  {'type': 'datetime_type', 'loc': ('response', 357, 'timestamp'), 'msg': 'Input should be a valid datetime', 'input': None}
  {'type': 'datetime_type', 'loc': ('response', 358, 'timestamp'), 'msg': 'Input should be a valid datetime', 'input': None}
  {'type': 'datetime_type', 'loc': ('response', 359, 'timestamp'), 'msg': 'Input should be a valid datetime', 'input': None}
  {'type': 'datetime_type', 'loc': ('response', 360, 'timestamp'), 'msg': 'Input should be a valid datetime', 'input': None}
  {'type': 'datetime_type', 'loc': ('response', 361, 'timestamp'), 'msg': 'Input should be a valid datetime', 'input': None}
  {'type': 'datetime_type', 'loc': ('response', 362, 'timestamp'), 'msg': 'Input should be a valid datetime', 'input': None}
  {'type': 'datetime_type', 'loc': ('response', 363, 'timestamp'), 'msg': 'Input should be a valid datetime', 'input': None}
  {'type': 'datetime_type', 'loc': ('response', 364, 'timestamp'), 'msg': 'Input should be a valid datetime', 'input': None}
  {'type': 'datetime_type', 'loc': ('response', 365, 'timestamp'), 'msg': 'Input should be a valid datetime', 'input': None}
  {'type': 'datetime_type', 'loc': ('response', 366, 'timestamp'), 'msg': 'Input should be a valid datetime', 'input': None}
  {'type': 'datetime_type', 'loc': ('response', 367, 'timestamp'), 'msg': 'Input should be a valid datetime', 'input': None}
  {'type': 'datetime_type', 'loc': ('response', 368, 'timestamp'), 'msg': 'Input should be a valid datetime', 'input': None}
  {'type': 'datetime_type', 'loc': ('response', 369, 'timestamp'), 'msg': 'Input should be a valid datetime', 'input': None}
  {'type': 'datetime_type', 'loc': ('response', 370, 'timestamp'), 'msg': 'Input should be a valid datetime', 'input': None}
  {'type': 'datetime_type', 'loc': ('response', 371, 'timestamp'), 'msg': 'Input should be a valid datetime', 'input': None}
  {'type': 'datetime_type', 'loc': ('response', 372, 'timestamp'), 'msg': 'Input should be a valid datetime', 'input': None}
  {'type': 'datetime_type', 'loc': ('response', 373, 'timestamp'), 'msg': 'Input should be a valid datetime', 'input': None}
  {'type': 'datetime_type', 'loc': ('response', 374, 'timestamp'), 'msg': 'Input should be a valid datetime', 'input': None}
  {'type': 'datetime_type', 'loc': ('response', 375, 'timestamp'), 'msg': 'Input should be a valid datetime', 'input': None}
  {'type': 'datetime_type', 'loc': ('response', 376, 'timestamp'), 'msg': 'Input should be a valid datetime', 'input': None}
  {'type': 'datetime_type', 'loc': ('response', 377, 'timestamp'), 'msg': 'Input should be a valid datetime', 'input': None}
  {'type': 'datetime_type', 'loc': ('response', 378, 'timestamp'), 'msg': 'Input should be a valid datetime', 'input': None}
  {'type': 'datetime_type', 'loc': ('response', 379, 'timestamp'), 'msg': 'Input should be a valid datetime', 'input': None}
  {'type': 'datetime_type', 'loc': ('response', 380, 'timestamp'), 'msg': 'Input should be a valid datetime', 'input': None}
  {'type': 'datetime_type', 'loc': ('response', 381, 'timestamp'), 'msg': 'Input should be a valid datetime', 'input': None}
  {'type': 'datetime_type', 'loc': ('response', 382, 'timestamp'), 'msg': 'Input should be a valid datetime', 'input': None}
  {'type': 'datetime_type', 'loc': ('response', 383, 'timestamp'), 'msg': 'Input should be a valid datetime', 'input': None}
  {'type': 'datetime_type', 'loc': ('response', 384, 'timestamp'), 'msg': 'Input should be a valid datetime', 'input': None}
  {'type': 'datetime_type', 'loc': ('response', 385, 'timestamp'), 'msg': 'Input should be a valid datetime', 'input': None}
  {'type': 'datetime_type', 'loc': ('response', 386, 'timestamp'), 'msg': 'Input should be a valid datetime', 'input': None}
  {'type': 'datetime_type', 'loc': ('response', 387, 'timestamp'), 'msg': 'Input should be a valid datetime', 'input': None}
  {'type': 'datetime_type', 'loc': ('response', 388, 'timestamp'), 'msg': 'Input should be a valid datetime', 'input': None}
  {'type': 'datetime_type', 'loc': ('response', 389, 'timestamp'), 'msg': 'Input should be a valid datetime', 'input': None}
  {'type': 'datetime_type', 'loc': ('response', 390, 'timestamp'), 'msg': 'Input should be a valid datetime', 'input': None}
  {'type': 'datetime_type', 'loc': ('response', 391, 'timestamp'), 'msg': 'Input should be a valid datetime', 'input': None}
  {'type': 'datetime_type', 'loc': ('response', 392, 'timestamp'), 'msg': 'Input should be a valid datetime', 'input': None}
  {'type': 'datetime_type', 'loc': ('response', 393, 'timestamp'), 'msg': 'Input should be a valid datetime', 'input': None}
  {'type': 'datetime_type', 'loc': ('response', 394, 'timestamp'), 'msg': 'Input should be a valid datetime', 'input': None}
  {'type': 'datetime_type', 'loc': ('response', 395, 'timestamp'), 'msg': 'Input should be a valid datetime', 'input': None}
  {'type': 'datetime_type', 'loc': ('response', 396, 'timestamp'), 'msg': 'Input should be a valid datetime', 'input': None}
  {'type': 'datetime_type', 'loc': ('response', 397, 'timestamp'), 'msg': 'Input should be a valid datetime', 'input': None}
  {'type': 'datetime_type', 'loc': ('response', 398, 'timestamp'), 'msg': 'Input should be a valid datetime', 'input': None}
  {'type': 'datetime_type', 'loc': ('response', 399, 'timestamp'), 'msg': 'Input should be a valid datetime', 'input': None}
  {'type': 'datetime_type', 'loc': ('response', 400, 'timestamp'), 'msg': 'Input should be a valid datetime', 'input': None}
  {'type': 'datetime_type', 'loc': ('response', 401, 'timestamp'), 'msg': 'Input should be a valid datetime', 'input': None}
  {'type': 'datetime_type', 'loc': ('response', 402, 'timestamp'), 'msg': 'Input should be a valid datetime', 'input': None}
  {'type': 'datetime_type', 'loc': ('response', 403, 'timestamp'), 'msg': 'Input should be a valid datetime', 'input': None}
  {'type': 'datetime_type', 'loc': ('response', 404, 'timestamp'), 'msg': 'Input should be a valid datetime', 'input': None}
  {'type': 'datetime_type', 'loc': ('response', 405, 'timestamp'), 'msg': 'Input should be a valid datetime', 'input': None}
  {'type': 'datetime_type', 'loc': ('response', 406, 'timestamp'), 'msg': 'Input should be a valid datetime', 'input': None}
  {'type': 'datetime_type', 'loc': ('response', 407, 'timestamp'), 'msg': 'Input should be a valid datetime', 'input': None}
  {'type': 'datetime_type', 'loc': ('response', 408, 'timestamp'), 'msg': 'Input should be a valid datetime', 'input': None}

  File "E:\medcare-ai\app\api\routes_recommendations.py", line 20, in get_recommendations
    GET /api/recommendations
2026-08-13 07:48:34,624 [INFO] medcare: Generated and stored 409 action recommendations in database.
2026-08-13 07:48:34,680 [INFO] medcare: Endpoint /api/recommendations served in 46.0649s
2026-08-13 07:48:34,756 [INFO] medcare: Endpoint /api/recommendations served in 0.0632s
2026-08-13 07:50:51,544 [INFO] medcare: Endpoint /api/forecast/historical-comparison served in 0.0114s
2026-08-13 07:50:58,310 [INFO] medcare: Endpoint /api/forecast/historical-comparison served in 0.0134s
2026-08-13 07:51:04,592 [INFO] medcare: Endpoint /api/forecast/historical-comparison served in 0.0082s
2026-08-13 07:51:09,566 [INFO] medcare: Endpoint /api/forecast/historical-comparison served in 0.0161s
2026-08-13 07:51:18,353 [INFO] medcare: Endpoint /api/inventory/status served in 6.3736s
2026-08-13 07:51:39,114 [INFO] medcare: Endpoint /api/inventory/expiry-risks served in 1.1311s
2026-08-13 07:52:31,393 [INFO] medcare: Endpoint /api/recommendations served in 0.0721s
2026-08-13 07:53:34,746 [INFO] medcare: Endpoint /api/dashboard/model-metrics served in 0.1201s
2026-08-13 07:54:15,655 [INFO] medcare: Endpoint /api/recommendations/simulate served in 63.2146s
2026-08-13 07:54:30,591 [INFO] medcare: Endpoint /api/recommendations/simulate served in 71.4415s
2026-08-13 07:54:36,107 [INFO] medcare: Endpoint /api/recommendations/simulate served in 70.4627s
2026-08-13 07:54:56,881 [INFO] medcare: Endpoint /api/recommendations/simulate served in 45.4883s
2026-08-13 07:55:08,876 [INFO] medcare: Endpoint /api/dashboard/skus served in 0.0100s
2026-08-13 07:55:17,169 [INFO] medcare: Endpoint /api/dashboard/distribution-centers served in 0.0094s
2026-08-13 07:55:41,181 [INFO] medcare: Endpoint /api/inventory/status served in 20.3152s
2026-08-13 07:55:45,876 [INFO] medcare: Endpoint /api/recommendations/simulate served in 59.6340s
2026-08-13 07:55:50,922 [INFO] medcare: Endpoint /api/recommendations/simulate served in 56.1568s
2026-08-13 07:56:34,788 [INFO] medcare: Endpoint /api/inventory/expiry-risks served in 1.1823s
2026-08-13 07:59:29,523 [INFO] medcare: Endpoint /api/recommendations served in 0.0634s
2026-08-13 09:36:39,248 [INFO] numexpr.utils: NumExpr defaulting to 16 threads.
2026-08-13 09:36:47,957 [INFO] medcare: Initializing baseline forecasting and replenishment plans for 2026-08-12...
2026-08-13 09:36:48,126 [INFO] medcare: Forecasting models loaded successfully from disk.
2026-08-13 09:36:48,127 [INFO] medcare: Generating forecasts for target_date=2026-08-12...
2026-08-13 09:36:49,336 [INFO] medcare: Engineering forecasting features...
2026-08-13 09:36:52,141 [INFO] medcare: Feature matrix built: 5760 rows, 32 columns
2026-08-13 09:36:57,383 [INFO] medcare: Saved 960 forecasts to database.
2026-08-13 09:36:57,416 [INFO] medcare: Generating action recommendations for date 2026-08-12...
2026-08-13 09:36:57,439 [INFO] medcare: Generating inter-DC transfer recommendations for date 2026-08-12...
2026-08-13 09:37:06,893 [INFO] medcare: Generated and stored 409 action recommendations in database.
2026-08-13 09:37:06,895 [INFO] medcare: System initialization complete.
2026-08-13 09:37:10,124 [INFO] numexpr.utils: NumExpr defaulting to 16 threads.
2026-08-13 09:37:27,738 [INFO] medcare: Endpoint / served in 0.3158s
2026-08-13 09:37:27,942 [INFO] medcare: Endpoint /static/app.js served in 0.0045s
2026-08-13 09:37:27,943 [INFO] medcare: Endpoint /static/style.css served in 0.0063s
2026-08-13 09:37:28,027 [INFO] medcare: Endpoint /favicon.ico served in 0.0014s
2026-08-13 09:37:28,169 [INFO] medcare: Endpoint /api/dashboard/skus served in 0.1652s
2026-08-13 09:37:28,173 [INFO] medcare: Endpoint /api/dashboard/distribution-centers served in 0.1862s
2026-08-13 09:37:29,164 [INFO] medcare: Endpoint /api/dashboard/summary served in 0.9839s
2026-08-13 09:37:34,157 [INFO] medcare: Endpoint /api/inventory/status served in 4.9861s
2026-08-13 09:37:34,214 [INFO] medcare: Endpoint /api/recommendations served in 0.0466s
2026-08-13 09:37:35,151 [INFO] medcare: Endpoint /api/inventory/expiry-risks served in 0.9278s
2026-08-13 09:37:37,016 [INFO] medcare: Endpoint /api/dashboard/model-metrics served in 0.0115s
2026-08-13 09:40:55,790 [INFO] medcare: Endpoint /api/dashboard/model-metrics served in 0.0077s
2026-08-13 09:42:31,794 [INFO] medcare: Endpoint /api/recommendations served in 0.0266s
2026-08-13 09:43:22,245 [INFO] medcare: Endpoint /api/recommendations/transfers served in 0.0154s
2026-08-13 09:44:09,188 [INFO] medcare: Endpoint /api/recommendations served in 0.0288s
2026-08-13 09:44:12,026 [INFO] medcare: Endpoint /api/inventory/expiry-risks served in 0.8221s
2026-08-13 09:44:33,792 [INFO] medcare: Endpoint /api/forecast/historical-comparison served in 0.0412s
2026-08-13 09:44:35,215 [INFO] medcare: Endpoint /api/dashboard/summary served in 0.8532s
2026-08-13 09:44:39,536 [INFO] medcare: Endpoint /api/forecast/historical-comparison served in 0.0167s
2026-08-13 09:44:41,811 [INFO] medcare: Endpoint /api/inventory/expiry-risks served in 0.8134s
2026-08-13 09:44:41,833 [INFO] medcare: Endpoint /api/inventory/status served in 6.6123s
2026-08-13 09:44:41,861 [INFO] medcare: Endpoint /api/recommendations served in 0.0267s
2026-08-13 09:44:47,451 [INFO] medcare: Endpoint /api/recommendations served in 0.0203s
2026-08-13 09:44:47,863 [INFO] medcare: Endpoint /api/inventory/status served in 6.0252s
2026-08-13 09:44:48,728 [INFO] medcare: Endpoint /api/inventory/expiry-risks served in 0.8307s
2026-08-13 09:59:22,018 [INFO] medcare: Endpoint / served in 0.0033s
2026-08-13 09:59:22,113 [INFO] medcare: Endpoint /api/dashboard/distribution-centers served in 0.0091s
2026-08-13 09:59:22,115 [INFO] medcare: Endpoint /api/dashboard/skus served in 0.0122s
2026-08-13 09:59:23,276 [INFO] medcare: Endpoint /api/dashboard/summary served in 1.1541s
2026-08-13 09:59:28,549 [INFO] medcare: Endpoint /api/inventory/status served in 5.2675s
2026-08-13 09:59:28,580 [INFO] medcare: Endpoint /api/recommendations served in 0.0238s
2026-08-13 09:59:29,429 [INFO] medcare: Endpoint /api/inventory/expiry-risks served in 0.8415s
2026-08-13 09:59:36,550 [INFO] medcare: Endpoint /api/forecast/historical-comparison served in 0.0108s
2026-08-13 09:59:39,794 [INFO] medcare: Endpoint /api/forecast/historical-comparison served in 0.0089s
2026-08-13 09:59:41,355 [INFO] medcare: Endpoint /api/forecast/historical-comparison served in 0.0096s
2026-08-13 09:59:51,847 [INFO] medcare: Endpoint /api/inventory/status served in 4.4088s
2026-08-13 10:00:11,015 [INFO] medcare: Endpoint /api/inventory/expiry-risks served in 0.8469s
2026-08-13 10:00:28,208 [INFO] medcare: Endpoint /api/recommendations served in 0.0215s
2026-08-13 10:00:32,385 [INFO] medcare: Endpoint /api/recommendations/transfers served in 0.0111s
2026-08-13 10:00:35,605 [INFO] medcare: Endpoint /api/recommendations served in 0.0284s
2026-08-13 10:01:05,486 [INFO] medcare: Endpoint /api/dashboard/skus served in 0.0079s
2026-08-13 10:01:06,921 [INFO] medcare: Endpoint /api/recommendations served in 0.0289s
2026-08-13 10:01:35,670 [INFO] medcare: Endpoint /api/recommendations served in 0.0131s
2026-08-13 10:01:38,206 [INFO] medcare: Endpoint /api/dashboard/summary served in 0.7545s
2026-08-13 10:01:43,581 [INFO] medcare: Endpoint /api/inventory/status served in 5.3691s
2026-08-13 10:01:43,621 [INFO] medcare: Endpoint /api/recommendations served in 0.0316s
2026-08-13 10:01:44,636 [INFO] medcare: Endpoint /api/inventory/expiry-risks served in 1.0066s
2026-08-13 10:02:23,416 [INFO] medcare: Endpoint /api/forecast/historical-comparison served in 0.0141s
2026-08-13 10:02:29,239 [INFO] medcare: Endpoint /api/inventory/status served in 4.3431s
2026-08-13 10:02:37,681 [INFO] medcare: Endpoint /api/inventory/expiry-risks served in 0.8144s
2026-08-13 10:02:49,951 [INFO] medcare: Endpoint /api/recommendations served in 0.0212s
2026-08-13 10:02:53,127 [INFO] medcare: Endpoint /api/recommendations served in 0.0285s
2026-08-13 10:04:21,943 [INFO] medcare: Endpoint /api/dashboard/summary served in 0.6437s
2026-08-13 10:04:25,948 [INFO] medcare: Endpoint /api/inventory/status served in 4.0015s
2026-08-13 10:04:25,975 [INFO] medcare: Endpoint /api/recommendations served in 0.0191s
2026-08-13 10:04:26,861 [INFO] medcare: Endpoint /api/inventory/expiry-risks served in 0.8600s
