batch_id,sku_id,dc_id,manufacturing_date,expiry_date,initial_quantity,remaining_quantity
BAT00001,MED001,DC001,2025-09-20,2026-05-10,280.0,0.0
BAT00002,MED001,DC001,2025-10-14,2026-06-03,566.0,0.0
BAT00003,MED001,DC001,2025-09-25,2026-05-15,315.0,0.0
BAT00004,MED001,DC002,2026-01-05,2026-08-25,976.0,0.0
BAT00005,MED001,DC002,2025-12-12,2026-08-01,576.0,0.0
BAT00006,MED001,DC002,2025-10-18,2026-06-07,471.0,0.0
BAT00007,MED001,DC002,2026-01-04,2026-08-24,518.0,0.0
BAT00008,MED001,DC003,2025-09-27,2026-05-17,882.0,0.0
BAT00009,MED001,DC003,2025-12-05,2026-07-25,627.0,0.0
BAT00010,MED001,DC003,2025-09-23,2026-05-13,701.0,0.0
BAT00011,MED001,DC004,2026-01-10,2026-08-30,898.0,0.0
BAT00012,MED001,DC004,2025-12-15,2026-08-04,694.0,0.0
BAT00013,MED001,DC004,2025-09-19,2026-05-09,705.0,0.0
BAT00014,MED001,DC005,2025-10-11,2026-05-31,998.0,0.0
BAT00015,MED001,DC005,2026-01-02,2026-08-22,272.0,0.0
BAT00016,MED001,DC005,2025-10-16,2026-06-05,808.0,0.0
BAT00017,MED001,DC006,2025-10-18,2026-06-07,555.0,0.0
BAT00018,MED001,DC006,2026-01-11,2026-08-31,440.0,0.0
BAT00019,MED001,DC007,2026-01-07,2026-08-27,459.0,0.0
BAT00020,MED001,DC007,2025-11-28,2026-07-18,435.0,0.0
BAT00021,MED001,DC008,2025-11-08,2026-06-28,316.0,0.0
BAT00022,MED001,DC008,2025-10-19,2026-06-08,530.0,0.0
BAT00023,MED001,DC008,2025-12-24,2026-08-13,834.0,0.0
BAT00024,MED002,DC001,2025-09-25,2027-01-26,263.0,0.0
BAT00025,MED002,DC001,2025-10-19,2027-02-19,506.0,0.0
BAT00026,MED002,DC002,2025-11-01,2027-03-04,598.0,0.0
BAT00027,MED002,DC002,2025-11-16,2027-03-19,314.0,0.0
BAT00028,MED002,DC003,2025-12-13,2027-04-15,403.0,0.0
BAT00029,MED002,DC003,2025-09-21,2027-01-22,733.0,0.0
BAT00030,MED002,DC003,2025-09-21,2027-01-22,844.0,0.0
BAT00031,MED002,DC003,2025-11-06,2027-03-09,430.0,0.0
BAT00032,MED002,DC004,2025-09-16,2027-01-17,259.0,0.0
BAT00033,MED002,DC004,2025-10-31,2027-03-03,476.0,0.0
BAT00034,MED002,DC005,2025-11-21,2027-03-24,711.0,0.0
BAT00035,MED002,DC005,2025-11-17,2027-03-20,752.0,0.0
BAT00036,MED002,DC005,2025-12-20,2027-04-22,876.0,0.0
BAT00037,MED002,DC006,2026-01-01,2027-05-04,883.0,0.0
BAT00038,MED002,DC006,2025-11-02,2027-03-05,390.0,0.0
BAT00039,MED002,DC006,2025-12-08,2027-04-10,487.0,0.0
BAT00040,MED002,DC007,2025-09-30,2027-01-31,436.0,0.0
BAT00041,MED002,DC007,2025-12-10,2027-04-12,727.0,0.0
BAT00042,MED002,DC007,2025-09-26,2027-01-27,206.0,0.0
BAT00043,MED002,DC007,2025-10-11,2027-02-11,749.0,0.0
BAT00044,MED002,DC008,2025-10-11,2027-02-11,928.0,0.0
BAT00045,MED002,DC008,2025-09-21,2027-01-22,597.0,0.0
BAT00046,MED003,DC001,2025-12-16,2026-10-04,821.0,0.0
BAT00047,MED003,DC001,2025-11-30,2026-09-18,686.0,0.0
BAT00048,MED003,DC001,2025-12-21,2026-10-09,375.0,0.0
BAT00049,MED003,DC002,2025-10-10,2026-07-29,401.0,0.0
BAT00050,MED003,DC002,2025-10-22,2026-08-10,777.0,0.0
BAT00051,MED003,DC002,2025-12-28,2026-10-16,745.0,0.0
BAT00052,MED003,DC002,2025-09-21,2026-07-10,703.0,0.0
BAT00053,MED003,DC003,2025-12-06,2026-09-24,717.0,0.0
BAT00054,MED003,DC003,2026-01-10,2026-10-29,831.0,0.0
BAT00055,MED003,DC003,2025-10-13,2026-08-01,664.0,0.0
BAT00056,MED003,DC003,2025-09-20,2026-07-09,305.0,0.0
BAT00057,MED003,DC004,2025-11-22,2026-09-10,461.0,0.0
BAT00058,MED003,DC004,2025-12-29,2026-10-17,341.0,0.0
BAT00059,MED003,DC004,2025-09-24,2026-07-13,829.0,0.0
BAT00060,MED003,DC005,2025-09-20,2026-07-09,625.0,0.0
BAT00061,MED003,DC005,2025-12-24,2026-10-12,418.0,0.0
BAT00062,MED003,DC005,2025-10-01,2026-07-20,406.0,0.0
BAT00063,MED003,DC006,2025-12-08,2026-09-26,974.0,0.0
BAT00064,MED003,DC006,2025-12-02,2026-09-20,797.0,0.0
BAT00065,MED003,DC006,2025-11-16,2026-09-04,843.0,0.0
BAT00066,MED003,DC007,2025-12-17,2026-10-05,313.0,0.0
BAT00067,MED003,DC007,2025-10-14,2026-08-02,888.0,0.0
BAT00068,MED003,DC008,2025-09-28,2026-07-17,984.0,0.0
BAT00069,MED003,DC008,2025-11-29,2026-09-17,844.0,0.0
BAT00070,MED003,DC008,2025-11-25,2026-09-13,272.0,0.0
BAT00071,MED003,DC008,2025-11-07,2026-08-26,211.0,0.0
BAT00072,MED004,DC001,2025-10-20,2027-04-10,564.0,0.0
BAT00073,MED004,DC001,2025-12-12,2027-06-02,799.0,0.0
BAT00074,MED004,DC002,2025-10-25,2027-04-15,505.0,0.0
BAT00075,MED004,DC002,2026-01-01,2027-06-22,952.0,0.0
BAT00076,MED004,DC002,2025-11-15,2027-05-06,740.0,0.0
BAT00077,MED004,DC002,2025-09-23,2027-03-14,220.0,0.0
BAT00078,MED004,DC003,2025-10-28,2027-04-18,462.0,0.0
BAT00079,MED004,DC003,2026-01-06,2027-06-27,377.0,0.0
BAT00080,MED004,DC003,2025-11-16,2027-05-07,708.0,0.0
BAT00081,MED004,DC003,2025-12-07,2027-05-28,928.0,0.0
BAT00082,MED004,DC004,2025-12-28,2027-06-18,527.0,0.0
BAT00083,MED004,DC004,2026-01-10,2027-07-01,236.0,0.0
BAT00084,MED004,DC004,2025-11-12,2027-05-03,443.0,0.0
BAT00085,MED004,DC004,2025-12-15,2027-06-05,293.0,0.0
BAT00086,MED004,DC005,2025-11-17,2027-05-08,309.0,0.0
BAT00087,MED004,DC005,2025-10-11,2027-04-01,497.0,0.0
BAT00088,MED004,DC005,2025-11-06,2027-04-27,757.0,0.0
BAT00089,MED004,DC005,2025-10-11,2027-04-01,535.0,0.0
BAT00090,MED004,DC006,2025-11-22,2027-05-13,324.0,0.0
BAT00091,MED004,DC006,2025-09-30,2027-03-21,724.0,0.0
BAT00092,MED004,DC006,2025-11-23,2027-05-14,591.0,0.0
BAT00093,MED004,DC006,2025-12-10,2027-05-31,951.0,0.0
BAT00094,MED004,DC007,2025-12-18,2027-06-08,752.0,0.0
BAT00095,MED004,DC007,2025-12-15,2027-06-05,555.0,0.0
BAT00096,MED004,DC008,2025-10-19,2027-04-09,279.0,0.0
BAT00097,MED004,DC008,2025-09-21,2027-03-12,494.0,0.0
BAT00098,MED004,DC008,2025-11-30,2027-05-21,982.0,0.0
BAT00099,MED005,DC001,2025-12-21,2026-08-10,519.0,0.0
BAT00100,MED005,DC001,2025-09-28,2026-05-18,975.0,0.0
BAT00101,MED005,DC002,2025-12-18,2026-08-07,273.0,0.0
BAT00102,MED005,DC002,2025-10-30,2026-06-19,713.0,0.0
BAT00103,MED005,DC002,2026-01-08,2026-08-28,977.0,0.0
BAT00104,MED005,DC003,2025-12-29,2026-08-18,395.0,0.0
BAT00105,MED005,DC003,2025-12-19,2026-08-08,830.0,0.0
BAT00106,MED005,DC003,2025-10-09,2026-05-29,255.0,0.0
BAT00107,MED005,DC004,2025-12-18,2026-08-07,366.0,0.0
BAT00108,MED005,DC004,2025-12-16,2026-08-05,850.0,0.0
BAT00109,MED005,DC004,2025-12-27,2026-08-16,463.0,0.0
BAT00110,MED005,DC004,2025-10-30,2026-06-19,831.0,0.0
BAT00111,MED005,DC005,2025-12-27,2026-08-16,422.0,0.0
BAT00112,MED005,DC005,2025-11-06,2026-06-26,990.0,0.0
BAT00113,MED005,DC006,2025-12-31,2026-08-20,839.0,0.0
BAT00114,MED005,DC006,2026-01-11,2026-08-31,729.0,0.0
BAT00115,MED005,DC006,2025-11-30,2026-07-20,305.0,0.0
BAT00116,MED005,DC007,2026-01-12,2026-09-01,671.0,0.0
BAT00117,MED005,DC007,2026-01-08,2026-08-28,339.0,0.0
BAT00118,MED005,DC008,2025-11-08,2026-06-28,793.0,0.0
BAT00119,MED005,DC008,2026-01-06,2026-08-26,291.0,0.0
BAT00120,MED006,DC001,2025-11-29,2026-06-19,559.0,0.0
BAT00121,MED006,DC001,2026-01-01,2026-07-22,611.0,0.0
BAT00122,MED006,DC001,2025-12-17,2026-07-07,562.0,0.0
BAT00123,MED006,DC002,2025-10-06,2026-04-26,235.0,0.0
BAT00124,MED006,DC002,2025-10-22,2026-05-12,927.0,0.0
BAT00125,MED006,DC002,2025-11-17,2026-06-07,617.0,0.0
BAT00126,MED006,DC002,2026-01-11,2026-08-01,715.0,0.0
BAT00127,MED006,DC003,2025-09-28,2026-04-18,999.0,0.0
BAT00128,MED006,DC003,2025-10-19,2026-05-09,521.0,0.0
BAT00129,MED006,DC004,2025-09-20,2026-04-10,592.0,0.0
BAT00130,MED006,DC004,2025-09-21,2026-04-11,555.0,0.0
BAT00131,MED006,DC005,2025-12-27,2026-07-17,458.0,0.0
BAT00132,MED006,DC005,2025-12-10,2026-06-30,253.0,0.0
BAT00133,MED006,DC006,2025-11-05,2026-05-26,706.0,0.0
BAT00134,MED006,DC006,2025-11-27,2026-06-17,770.0,0.0
BAT00135,MED006,DC006,2025-11-08,2026-05-29,996.0,0.0
BAT00136,MED006,DC006,2025-11-11,2026-06-01,436.0,0.0
BAT00137,MED006,DC007,2025-10-05,2026-04-25,544.0,0.0
BAT00138,MED006,DC007,2025-09-27,2026-04-17,761.0,0.0
BAT00139,MED006,DC007,2025-09-24,2026-04-14,724.0,0.0
BAT00140,MED006,DC007,2025-10-14,2026-05-04,815.0,0.0
BAT00141,MED006,DC008,2025-09-23,2026-04-13,544.0,0.0
BAT00142,MED006,DC008,2025-12-02,2026-06-22,383.0,0.0
BAT00143,MED007,DC001,2025-10-13,2026-09-08,519.0,0.0
BAT00144,MED007,DC001,2025-11-21,2026-10-17,276.0,0.0
BAT00145,MED007,DC001,2025-12-13,2026-11-08,450.0,0.0
BAT00146,MED007,DC002,2025-10-19,2026-09-14,963.0,0.0
BAT00147,MED007,DC002,2026-01-06,2026-12-02,938.0,0.0
BAT00148,MED007,DC002,2026-01-04,2026-11-30,273.0,0.0
BAT00149,MED007,DC003,2025-10-11,2026-09-06,546.0,0.0
BAT00150,MED007,DC003,2025-10-03,2026-08-29,791.0,0.0
BAT00151,MED007,DC004,2025-10-31,2026-09-26,645.0,0.0
BAT00152,MED007,DC004,2025-11-04,2026-09-30,965.0,0.0
BAT00153,MED007,DC005,2025-11-23,2026-10-19,736.0,0.0
BAT00154,MED007,DC005,2025-10-21,2026-09-16,483.0,0.0
BAT00155,MED007,DC005,2025-11-21,2026-10-17,953.0,0.0
BAT00156,MED007,DC006,2025-12-09,2026-11-04,241.0,0.0
BAT00157,MED007,DC006,2025-11-30,2026-10-26,680.0,0.0
BAT00158,MED007,DC006,2025-11-11,2026-10-07,283.0,0.0
BAT00159,MED007,DC006,2025-10-22,2026-09-17,370.0,0.0
BAT00160,MED007,DC007,2026-01-01,2026-11-27,379.0,0.0
BAT00161,MED007,DC007,2025-11-04,2026-09-30,480.0,0.0
BAT00162,MED007,DC007,2025-10-09,2026-09-04,494.0,0.0
BAT00163,MED007,DC008,2025-10-03,2026-08-29,659.0,0.0
BAT00164,MED007,DC008,2025-11-04,2026-09-30,543.0,0.0
BAT00165,MED007,DC008,2025-10-02,2026-08-28,980.0,0.0
BAT00166,MED008,DC001,2025-10-24,2026-09-17,691.0,0.0
BAT00167,MED008,DC001,2025-10-29,2026-09-22,645.0,0.0
BAT00168,MED008,DC001,2025-09-30,2026-08-24,943.0,0.0
BAT00169,MED008,DC001,2026-01-11,2026-12-05,755.0,0.0
BAT00170,MED008,DC002,2025-10-09,2026-09-02,419.0,0.0
BAT00171,MED008,DC002,2025-12-02,2026-10-26,447.0,0.0
BAT00172,MED008,DC003,2025-09-25,2026-08-19,205.0,0.0
BAT00173,MED008,DC003,2025-10-22,2026-09-15,315.0,0.0
BAT00174,MED008,DC003,2025-12-27,2026-11-20,521.0,0.0
BAT00175,MED008,DC004,2026-01-11,2026-12-05,707.0,0.0
BAT00176,MED008,DC004,2025-11-08,2026-10-02,273.0,0.0
BAT00177,MED008,DC004,2025-11-22,2026-10-16,372.0,0.0
BAT00178,MED008,DC004,2025-12-25,2026-11-18,563.0,0.0
BAT00179,MED008,DC005,2025-12-04,2026-10-28,449.0,0.0
BAT00180,MED008,DC005,2025-11-03,2026-09-27,821.0,0.0
BAT00181,MED008,DC005,2025-09-23,2026-08-17,677.0,0.0
BAT00182,MED008,DC006,2025-10-10,2026-09-03,324.0,0.0
BAT00183,MED008,DC006,2025-10-20,2026-09-13,694.0,0.0
BAT00184,MED008,DC007,2025-10-22,2026-09-15,418.0,0.0
BAT00185,MED008,DC007,2025-10-29,2026-09-22,539.0,0.0
BAT00186,MED008,DC008,2025-12-18,2026-11-11,531.0,0.0
BAT00187,MED008,DC008,2025-12-31,2026-11-24,804.0,0.0
BAT00188,MED008,DC008,2025-12-31,2026-11-24,476.0,0.0
BAT00189,MED009,DC001,2025-10-31,2026-11-01,743.0,0.0
BAT00190,MED009,DC001,2025-10-21,2026-10-22,589.0,0.0
BAT00191,MED009,DC001,2025-12-17,2026-12-18,447.0,0.0
BAT00192,MED009,DC002,2026-01-07,2027-01-08,988.0,0.0
BAT00193,MED009,DC002,2025-12-07,2026-12-08,206.0,0.0
BAT00194,MED009,DC002,2025-10-08,2026-10-09,956.0,0.0
BAT00195,MED009,DC003,2025-12-08,2026-12-09,811.0,0.0
BAT00196,MED009,DC003,2026-01-14,2027-01-15,462.0,0.0
BAT00197,MED009,DC004,2025-12-23,2026-12-24,798.0,0.0
BAT00198,MED009,DC004,2025-11-07,2026-11-08,303.0,0.0
BAT00199,MED009,DC004,2025-11-11,2026-11-12,763.0,0.0
BAT00200,MED009,DC005,2025-10-03,2026-10-04,867.0,0.0
BAT00201,MED009,DC005,2025-11-25,2026-11-26,483.0,0.0
BAT00202,MED009,DC005,2026-01-09,2027-01-10,889.0,0.0
BAT00203,MED009,DC005,2025-11-17,2026-11-18,549.0,0.0
BAT00204,MED009,DC006,2025-11-02,2026-11-03,890.0,0.0
BAT00205,MED009,DC006,2025-11-24,2026-11-25,543.0,0.0
BAT00206,MED009,DC007,2025-12-08,2026-12-09,712.0,0.0
BAT00207,MED009,DC007,2026-01-12,2027-01-13,292.0,0.0
BAT00208,MED009,DC007,2025-12-24,2026-12-25,973.0,0.0
BAT00209,MED009,DC007,2025-10-27,2026-10-28,841.0,0.0
BAT00210,MED009,DC008,2025-09-19,2026-09-20,866.0,0.0
BAT00211,MED009,DC008,2025-11-20,2026-11-21,489.0,0.0
BAT00212,MED009,DC008,2025-12-14,2026-12-15,876.0,0.0
BAT00213,MED010,DC001,2025-11-08,2027-04-21,671.0,0.0
BAT00214,MED010,DC001,2025-09-25,2027-03-08,263.0,0.0
BAT00215,MED010,DC001,2025-12-02,2027-05-15,448.0,0.0
BAT00216,MED010,DC002,2025-12-24,2027-06-06,466.0,0.0
BAT00217,MED010,DC002,2025-10-25,2027-04-07,261.0,0.0
BAT00218,MED010,DC003,2025-12-21,2027-06-03,624.0,0.0
BAT00219,MED010,DC003,2025-12-01,2027-05-14,925.0,0.0
BAT00220,MED010,DC004,2025-10-02,2027-03-15,782.0,0.0
BAT00221,MED010,DC004,2025-12-27,2027-06-09,716.0,0.0
BAT00222,MED010,DC004,2025-12-27,2027-06-09,389.0,0.0
BAT00223,MED010,DC005,2025-10-29,2027-04-11,358.0,0.0
BAT00224,MED010,DC005,2025-10-09,2027-03-22,322.0,0.0
BAT00225,MED010,DC005,2025-12-23,2027-06-05,724.0,0.0
BAT00226,MED010,DC006,2025-10-10,2027-03-23,595.0,0.0
BAT00227,MED010,DC006,2025-11-01,2027-04-14,651.0,0.0
BAT00228,MED010,DC006,2025-09-18,2027-03-01,559.0,0.0
BAT00229,MED010,DC006,2025-10-24,2027-04-06,906.0,0.0
BAT00230,MED010,DC007,2025-12-04,2027-05-17,989.0,0.0
BAT00231,MED010,DC007,2025-10-26,2027-04-08,891.0,0.0
BAT00232,MED010,DC007,2025-11-19,2027-05-02,453.0,0.0
BAT00233,MED010,DC007,2025-11-19,2027-05-02,255.0,0.0
BAT00234,MED010,DC008,2025-12-10,2027-05-23,442.0,0.0
BAT00235,MED010,DC008,2025-11-30,2027-05-13,673.0,0.0
BAT00236,MED010,DC008,2025-12-06,2027-05-19,606.0,0.0
BAT00237,MED010,DC008,2026-01-10,2027-06-23,569.0,0.0
BAT00238,MED011,DC001,2025-12-09,2026-10-23,495.0,0.0
BAT00239,MED011,DC001,2025-09-26,2026-08-10,261.0,0.0
BAT00240,MED011,DC002,2025-11-11,2026-09-25,692.0,0.0
BAT00241,MED011,DC002,2025-11-01,2026-09-15,508.0,0.0
BAT00242,MED011,DC003,2025-10-12,2026-08-26,963.0,0.0
BAT00243,MED011,DC003,2025-11-18,2026-10-02,917.0,0.0
BAT00244,MED011,DC003,2025-11-02,2026-09-16,927.0,0.0
BAT00245,MED011,DC003,2025-12-04,2026-10-18,721.0,0.0
BAT00246,MED011,DC004,2025-12-26,2026-11-09,581.0,0.0
BAT00247,MED011,DC004,2025-11-18,2026-10-02,966.0,0.0
BAT00248,MED011,DC004,2025-09-21,2026-08-05,283.0,0.0
BAT00249,MED011,DC004,2025-10-15,2026-08-29,870.0,0.0
BAT00250,MED011,DC005,2025-12-23,2026-11-06,604.0,0.0
BAT00251,MED011,DC005,2025-10-16,2026-08-30,231.0,0.0
BAT00252,MED011,DC006,2025-11-08,2026-09-22,993.0,0.0
BAT00253,MED011,DC006,2025-12-25,2026-11-08,618.0,0.0
BAT00254,MED011,DC006,2025-09-19,2026-08-03,491.0,0.0
BAT00255,MED011,DC007,2025-10-07,2026-08-21,510.0,0.0
BAT00256,MED011,DC007,2025-10-30,2026-09-13,471.0,0.0
BAT00257,MED011,DC007,2025-10-26,2026-09-09,242.0,0.0
BAT00258,MED011,DC008,2025-12-03,2026-10-17,468.0,0.0
BAT00259,MED011,DC008,2025-10-20,2026-09-03,276.0,0.0
BAT00260,MED011,DC008,2025-12-13,2026-10-27,509.0,0.0
BAT00261,MED011,DC008,2025-10-22,2026-09-05,779.0,0.0
BAT00262,MED012,DC001,2025-12-03,2026-06-17,899.0,0.0
BAT00263,MED012,DC001,2025-10-22,2026-05-06,265.0,0.0
BAT00264,MED012,DC001,2025-12-01,2026-06-15,313.0,0.0
BAT00265,MED012,DC001,2025-10-23,2026-05-07,448.0,0.0
BAT00266,MED012,DC002,2025-12-29,2026-07-13,730.0,0.0
BAT00267,MED012,DC002,2025-09-16,2026-03-31,676.0,0.0
BAT00268,MED012,DC002,2025-11-04,2026-05-19,268.0,0.0
BAT00269,MED012,DC002,2025-10-05,2026-04-19,501.0,0.0
BAT00270,MED012,DC003,2025-10-21,2026-05-05,851.0,0.0
BAT00271,MED012,DC003,2025-10-12,2026-04-26,762.0,0.0
BAT00272,MED012,DC003,2025-09-20,2026-04-04,998.0,0.0
BAT00273,MED012,DC004,2025-10-21,2026-05-05,275.0,0.0
BAT00274,MED012,DC004,2025-11-29,2026-06-13,539.0,0.0
BAT00275,MED012,DC004,2025-12-06,2026-06-20,215.0,0.0
BAT00276,MED012,DC004,2025-12-18,2026-07-02,344.0,0.0
BAT00277,MED012,DC005,2025-11-13,2026-05-28,958.0,0.0
BAT00278,MED012,DC005,2025-12-28,2026-07-12,354.0,0.0
BAT00279,MED012,DC005,2025-12-08,2026-06-22,324.0,0.0
BAT00280,MED012,DC006,2025-11-06,2026-05-21,606.0,0.0
BAT00281,MED012,DC006,2025-09-23,2026-04-07,868.0,0.0
BAT00282,MED012,DC007,2025-12-02,2026-06-16,230.0,0.0
BAT00283,MED012,DC007,2025-10-27,2026-05-11,901.0,0.0
BAT00284,MED012,DC007,2025-11-27,2026-06-11,305.0,0.0
BAT00285,MED012,DC007,2025-12-22,2026-07-06,323.0,0.0
BAT00286,MED012,DC008,2025-10-03,2026-04-17,817.0,0.0
BAT00287,MED012,DC008,2025-10-14,2026-04-28,922.0,0.0
BAT00288,MED012,DC008,2025-11-23,2026-06-07,550.0,0.0
BAT00289,MED012,DC008,2025-10-14,2026-04-28,491.0,0.0
BAT00290,MED013,DC001,2025-10-28,2026-10-04,976.0,0.0
BAT00291,MED013,DC001,2025-10-11,2026-09-17,428.0,0.0
BAT00292,MED013,DC002,2025-12-15,2026-11-21,387.0,0.0
BAT00293,MED013,DC002,2025-10-03,2026-09-09,448.0,0.0
BAT00294,MED013,DC002,2025-09-21,2026-08-28,827.0,0.0
BAT00295,MED013,DC003,2025-11-02,2026-10-09,494.0,0.0
BAT00296,MED013,DC003,2025-11-16,2026-10-23,988.0,0.0
BAT00297,MED013,DC004,2025-11-11,2026-10-18,822.0,0.0
BAT00298,MED013,DC004,2025-12-25,2026-12-01,622.0,0.0
BAT00299,MED013,DC004,2025-10-04,2026-09-10,854.0,0.0
BAT00300,MED013,DC005,2025-12-13,2026-11-19,311.0,0.0
BAT00301,MED013,DC005,2025-11-14,2026-10-21,242.0,0.0
BAT00302,MED013,DC005,2025-11-05,2026-10-12,899.0,0.0
BAT00303,MED013,DC005,2025-10-15,2026-09-21,947.0,0.0
BAT00304,MED013,DC006,2025-12-09,2026-11-15,881.0,0.0
BAT00305,MED013,DC006,2025-12-25,2026-12-01,267.0,0.0
BAT00306,MED013,DC006,2025-09-21,2026-08-28,418.0,0.0
BAT00307,MED013,DC006,2025-09-30,2026-09-06,611.0,0.0
BAT00308,MED013,DC007,2025-09-20,2026-08-27,273.0,0.0
BAT00309,MED013,DC007,2025-11-18,2026-10-25,378.0,0.0
BAT00310,MED013,DC007,2025-09-17,2026-08-24,908.0,0.0
BAT00311,MED013,DC008,2025-11-25,2026-11-01,532.0,0.0
BAT00312,MED013,DC008,2025-12-15,2026-11-21,602.0,0.0
BAT00313,MED014,DC001,2025-11-28,2026-10-09,996.0,0.0
BAT00314,MED014,DC001,2025-12-05,2026-10-16,380.0,0.0
BAT00315,MED014,DC001,2025-09-29,2026-08-10,945.0,0.0
BAT00316,MED014,DC002,2025-10-05,2026-08-16,720.0,0.0
BAT00317,MED014,DC002,2026-01-10,2026-11-21,317.0,0.0
BAT00318,MED014,DC002,2025-09-30,2026-08-11,430.0,0.0
BAT00319,MED014,DC002,2025-09-30,2026-08-11,578.0,0.0
BAT00320,MED014,DC003,2025-11-15,2026-09-26,807.0,0.0
BAT00321,MED014,DC003,2026-01-14,2026-11-25,559.0,0.0
BAT00322,MED014,DC004,2025-12-18,2026-10-29,215.0,0.0
BAT00323,MED014,DC004,2025-11-05,2026-09-16,868.0,0.0
BAT00324,MED014,DC005,2025-11-21,2026-10-02,687.0,0.0
BAT00325,MED014,DC005,2025-12-09,2026-10-20,289.0,0.0
BAT00326,MED014,DC005,2025-12-30,2026-11-10,390.0,0.0
BAT00327,MED014,DC005,2025-11-22,2026-10-03,238.0,0.0
BAT00328,MED014,DC006,2025-11-17,2026-09-28,835.0,0.0
BAT00329,MED014,DC006,2025-09-29,2026-08-10,250.0,0.0
BAT00330,MED014,DC006,2025-10-30,2026-09-10,924.0,0.0
BAT00331,MED014,DC006,2025-10-26,2026-09-06,629.0,0.0
BAT00332,MED014,DC007,2025-10-15,2026-08-26,660.0,0.0
BAT00333,MED014,DC007,2025-11-21,2026-10-02,315.0,0.0
BAT00334,MED014,DC007,2025-11-30,2026-10-11,201.0,0.0
BAT00335,MED014,DC007,2025-11-22,2026-10-03,392.0,0.0
BAT00336,MED014,DC008,2026-01-04,2026-11-15,731.0,0.0
BAT00337,MED014,DC008,2025-11-29,2026-10-10,619.0,0.0
BAT00338,MED015,DC001,2025-11-06,2026-12-10,963.0,0.0
BAT00339,MED015,DC001,2025-11-11,2026-12-15,606.0,0.0
BAT00340,MED015,DC002,2025-09-25,2026-10-29,216.0,0.0
BAT00341,MED015,DC002,2025-10-25,2026-11-28,576.0,0.0
BAT00342,MED015,DC002,2025-11-28,2027-01-01,510.0,0.0
BAT00343,MED015,DC002,2026-01-12,2027-02-15,403.0,0.0
BAT00344,MED015,DC003,2025-12-01,2027-01-04,831.0,0.0
BAT00345,MED015,DC003,2025-10-22,2026-11-25,393.0,0.0
BAT00346,MED015,DC003,2025-10-08,2026-11-11,703.0,0.0
BAT00347,MED015,DC004,2025-12-03,2027-01-06,788.0,0.0
BAT00348,MED015,DC004,2025-11-30,2027-01-03,307.0,0.0
BAT00349,MED015,DC004,2025-10-02,2026-11-05,637.0,0.0
BAT00350,MED015,DC004,2025-09-30,2026-11-03,714.0,0.0
BAT00351,MED015,DC005,2025-10-17,2026-11-20,572.0,0.0
BAT00352,MED015,DC005,2025-12-22,2027-01-25,583.0,0.0
BAT00353,MED015,DC005,2026-01-06,2027-02-09,849.0,0.0
BAT00354,MED015,DC005,2025-09-16,2026-10-20,773.0,0.0
BAT00355,MED015,DC006,2025-12-20,2027-01-23,230.0,0.0
BAT00356,MED015,DC006,2025-12-20,2027-01-23,235.0,0.0
BAT00357,MED015,DC006,2025-12-05,2027-01-08,909.0,0.0
BAT00358,MED015,DC007,2025-10-02,2026-11-05,612.0,0.0
BAT00359,MED015,DC007,2025-12-13,2027-01-16,634.0,0.0
BAT00360,MED015,DC007,2025-10-24,2026-11-27,229.0,0.0
BAT00361,MED015,DC008,2025-09-26,2026-10-30,429.0,0.0
BAT00362,MED015,DC008,2025-09-26,2026-10-30,825.0,0.0
BAT00363,MED016,DC001,2025-12-30,2026-08-13,466.0,0.0
BAT00364,MED016,DC001,2025-11-20,2026-07-04,839.0,0.0
BAT00365,MED016,DC001,2025-10-11,2026-05-25,912.0,0.0
BAT00366,MED016,DC001,2025-11-26,2026-07-10,552.0,0.0
BAT00367,MED016,DC002,2025-11-12,2026-06-26,979.0,0.0
BAT00368,MED016,DC002,2025-11-28,2026-07-12,754.0,0.0
BAT00369,MED016,DC002,2025-11-09,2026-06-23,939.0,0.0
BAT00370,MED016,DC003,2025-10-13,2026-05-27,841.0,0.0
BAT00371,MED016,DC003,2025-11-20,2026-07-04,540.0,0.0
BAT00372,MED016,DC003,2025-10-01,2026-05-15,682.0,0.0
BAT00373,MED016,DC004,2025-12-04,2026-07-18,636.0,0.0
BAT00374,MED016,DC004,2025-12-04,2026-07-18,282.0,0.0
BAT00375,MED016,DC005,2025-11-18,2026-07-02,437.0,0.0
BAT00376,MED016,DC005,2025-11-21,2026-07-05,682.0,0.0
BAT00377,MED016,DC005,2025-11-19,2026-07-03,333.0,0.0
BAT00378,MED016,DC005,2026-01-09,2026-08-23,481.0,0.0
BAT00379,MED016,DC006,2025-11-30,2026-07-14,896.0,0.0
BAT00380,MED016,DC006,2025-11-20,2026-07-04,692.0,0.0
BAT00381,MED016,DC006,2025-10-05,2026-05-19,420.0,0.0
BAT00382,MED016,DC006,2026-01-05,2026-08-19,958.0,0.0
BAT00383,MED016,DC007,2025-11-29,2026-07-13,710.0,0.0
BAT00384,MED016,DC007,2025-10-11,2026-05-25,610.0,0.0
BAT00385,MED016,DC007,2026-01-11,2026-08-25,744.0,0.0
BAT00386,MED016,DC007,2025-10-29,2026-06-12,314.0,0.0
BAT00387,MED016,DC008,2026-01-10,2026-08-24,825.0,0.0
BAT00388,MED016,DC008,2025-12-15,2026-07-29,301.0,0.0
BAT00389,MED016,DC008,2025-11-29,2026-07-13,823.0,0.0
BAT00390,MED016,DC008,2025-11-03,2026-06-17,490.0,0.0
BAT00391,MED017,DC001,2025-10-20,2027-02-17,684.0,0.0
BAT00392,MED017,DC001,2025-11-28,2027-03-28,560.0,0.0
BAT00393,MED017,DC002,2026-01-05,2027-05-05,555.0,0.0
BAT00394,MED017,DC002,2025-11-08,2027-03-08,659.0,0.0
BAT00395,MED017,DC002,2025-12-05,2027-04-04,494.0,0.0
BAT00396,MED017,DC003,2025-12-31,2027-04-30,423.0,0.0
BAT00397,MED017,DC003,2025-12-22,2027-04-21,221.0,0.0
BAT00398,MED017,DC003,2025-11-26,2027-03-26,599.0,0.0
BAT00399,MED017,DC003,2025-12-30,2027-04-29,931.0,0.0
BAT00400,MED017,DC004,2025-10-16,2027-02-13,820.0,0.0
BAT00401,MED017,DC004,2025-10-28,2027-02-25,557.0,0.0
BAT00402,MED017,DC004,2025-09-19,2027-01-17,428.0,0.0
BAT00403,MED017,DC005,2025-12-28,2027-04-27,360.0,0.0
BAT00404,MED017,DC005,2025-11-18,2027-03-18,882.0,0.0
BAT00405,MED017,DC005,2025-10-15,2027-02-12,338.0,0.0
BAT00406,MED017,DC006,2025-10-03,2027-01-31,998.0,0.0
BAT00407,MED017,DC006,2025-09-28,2027-01-26,746.0,0.0
BAT00408,MED017,DC006,2025-10-21,2027-02-18,989.0,0.0
BAT00409,MED017,DC007,2025-11-05,2027-03-05,768.0,0.0
BAT00410,MED017,DC007,2025-09-22,2027-01-20,634.0,0.0
BAT00411,MED017,DC007,2025-12-25,2027-04-24,440.0,0.0
BAT00412,MED017,DC008,2025-10-17,2027-02-14,768.0,0.0
BAT00413,MED017,DC008,2025-10-05,2027-02-02,710.0,0.0
BAT00414,MED017,DC008,2025-12-17,2027-04-16,489.0,0.0
BAT00415,MED017,DC008,2025-12-20,2027-04-19,297.0,0.0
BAT00416,MED018,DC001,2025-11-12,2027-02-18,389.0,0.0
BAT00417,MED018,DC001,2025-11-05,2027-02-11,221.0,0.0
BAT00418,MED018,DC002,2025-10-04,2027-01-10,495.0,0.0
BAT00419,MED018,DC002,2025-12-29,2027-04-06,986.0,0.0
BAT00420,MED018,DC002,2026-01-03,2027-04-11,690.0,0.0
BAT00421,MED018,DC002,2025-11-25,2027-03-03,253.0,0.0
BAT00422,MED018,DC003,2025-11-08,2027-02-14,775.0,0.0
BAT00423,MED018,DC003,2025-11-23,2027-03-01,529.0,0.0
BAT00424,MED018,DC003,2026-01-05,2027-04-13,859.0,0.0
BAT00425,MED018,DC003,2025-12-05,2027-03-13,300.0,0.0
BAT00426,MED018,DC004,2025-11-16,2027-02-22,259.0,0.0
BAT00427,MED018,DC004,2025-12-01,2027-03-09,744.0,0.0
BAT00428,MED018,DC004,2025-09-30,2027-01-06,303.0,0.0
BAT00429,MED018,DC004,2025-10-25,2027-01-31,824.0,0.0
BAT00430,MED018,DC005,2025-12-29,2027-04-06,346.0,0.0
BAT00431,MED018,DC005,2025-09-20,2026-12-27,546.0,0.0
BAT00432,MED018,DC005,2025-09-30,2027-01-06,895.0,0.0
BAT00433,MED018,DC005,2025-12-26,2027-04-03,299.0,0.0
BAT00434,MED018,DC006,2025-12-04,2027-03-12,332.0,0.0
BAT00435,MED018,DC006,2025-12-17,2027-03-25,948.0,0.0
BAT00436,MED018,DC006,2025-09-16,2026-12-23,477.0,0.0
BAT00437,MED018,DC007,2025-09-28,2027-01-04,916.0,0.0
BAT00438,MED018,DC007,2025-12-20,2027-03-28,263.0,0.0
BAT00439,MED018,DC007,2025-11-05,2027-02-11,708.0,0.0
BAT00440,MED018,DC007,2025-10-26,2027-02-01,420.0,0.0
BAT00441,MED018,DC008,2026-01-03,2027-04-11,692.0,0.0
BAT00442,MED018,DC008,2025-12-24,2027-04-01,602.0,0.0
BAT00443,MED018,DC008,2025-11-01,2027-02-07,673.0,0.0
BAT00444,MED019,DC001,2025-10-27,2027-03-19,337.0,0.0
BAT00445,MED019,DC001,2025-10-29,2027-03-21,777.0,0.0
BAT00446,MED019,DC002,2025-11-03,2027-03-26,874.0,0.0
BAT00447,MED019,DC002,2025-09-26,2027-02-16,233.0,0.0
BAT00448,MED019,DC002,2026-01-09,2027-06-01,223.0,0.0
BAT00449,MED019,DC003,2025-12-12,2027-05-04,817.0,0.0
BAT00450,MED019,DC003,2025-10-08,2027-02-28,721.0,0.0
BAT00451,MED019,DC003,2025-10-27,2027-03-19,658.0,0.0
BAT00452,MED019,DC003,2025-11-12,2027-04-04,711.0,0.0
BAT00453,MED019,DC004,2025-10-24,2027-03-16,636.0,0.0
BAT00454,MED019,DC004,2025-11-14,2027-04-06,965.0,0.0
BAT00455,MED019,DC004,2025-10-03,2027-02-23,396.0,0.0
BAT00456,MED019,DC004,2025-12-07,2027-04-29,748.0,0.0
BAT00457,MED019,DC005,2026-01-07,2027-05-30,258.0,0.0
BAT00458,MED019,DC005,2025-11-22,2027-04-14,326.0,0.0
BAT00459,MED019,DC005,2025-12-19,2027-05-11,587.0,0.0
BAT00460,MED019,DC006,2025-12-05,2027-04-27,685.0,0.0
BAT00461,MED019,DC006,2025-12-05,2027-04-27,889.0,0.0
BAT00462,MED019,DC006,2025-09-26,2027-02-16,787.0,0.0
BAT00463,MED019,DC007,2025-12-29,2027-05-21,980.0,0.0
BAT00464,MED019,DC007,2025-11-10,2027-04-02,809.0,0.0
BAT00465,MED019,DC007,2025-12-05,2027-04-27,649.0,0.0
BAT00466,MED019,DC008,2025-12-11,2027-05-03,573.0,0.0
BAT00467,MED019,DC008,2025-12-27,2027-05-19,560.0,0.0
BAT00468,MED020,DC001,2025-11-26,2026-10-06,240.0,0.0
BAT00469,MED020,DC001,2025-11-22,2026-10-02,891.0,0.0
BAT00470,MED020,DC002,2025-09-21,2026-08-01,970.0,0.0
BAT00471,MED020,DC002,2025-12-04,2026-10-14,328.0,0.0
BAT00472,MED020,DC003,2025-12-21,2026-10-31,777.0,0.0
BAT00473,MED020,DC003,2025-11-12,2026-09-22,810.0,0.0
BAT00474,MED020,DC003,2025-11-16,2026-09-26,997.0,0.0
BAT00475,MED020,DC003,2025-12-06,2026-10-16,599.0,0.0
BAT00476,MED020,DC004,2025-09-16,2026-07-27,219.0,0.0
BAT00477,MED020,DC004,2025-11-17,2026-09-27,515.0,0.0
BAT00478,MED020,DC004,2025-12-18,2026-10-28,973.0,0.0
BAT00479,MED020,DC005,2026-01-08,2026-11-18,482.0,0.0
BAT00480,MED020,DC005,2025-10-30,2026-09-09,425.0,0.0
BAT00481,MED020,DC005,2025-10-23,2026-09-02,906.0,0.0
BAT00482,MED020,DC005,2025-12-09,2026-10-19,738.0,0.0
BAT00483,MED020,DC006,2026-01-01,2026-11-11,207.0,0.0
BAT00484,MED020,DC006,2025-09-24,2026-08-04,545.0,0.0
BAT00485,MED020,DC006,2025-11-29,2026-10-09,412.0,0.0
BAT00486,MED020,DC006,2025-11-29,2026-10-09,811.0,0.0
BAT00487,MED020,DC007,2025-11-03,2026-09-13,520.0,0.0
BAT00488,MED020,DC007,2025-11-29,2026-10-09,649.0,0.0
BAT00489,MED020,DC008,2025-11-26,2026-10-06,431.0,0.0
BAT00490,MED020,DC008,2025-10-09,2026-08-19,603.0,0.0
BAT00491,MED020,DC008,2025-10-01,2026-08-11,640.0,0.0
BAT00492,MED020,DC008,2025-10-19,2026-08-29,991.0,0.0
BAT00493,MED021,DC001,2026-01-02,2027-05-24,295.0,0.0
BAT00494,MED021,DC001,2025-10-05,2027-02-24,515.0,0.0
BAT00495,MED021,DC001,2025-11-04,2027-03-26,989.0,0.0
BAT00496,MED021,DC001,2025-10-10,2027-03-01,951.0,0.0
BAT00497,MED021,DC002,2025-11-10,2027-04-01,359.0,0.0
BAT00498,MED021,DC002,2026-01-09,2027-05-31,521.0,0.0
BAT00499,MED021,DC003,2025-10-15,2027-03-06,231.0,0.0
BAT00500,MED021,DC003,2025-11-15,2027-04-06,466.0,0.0
BAT00501,MED021,DC004,2025-10-29,2027-03-20,566.0,0.0
BAT00502,MED021,DC004,2025-12-28,2027-05-19,915.0,0.0
BAT00503,MED021,DC004,2025-10-28,2027-03-19,462.0,0.0
BAT00504,MED021,DC004,2025-11-25,2027-04-16,455.0,0.0
BAT00505,MED021,DC005,2025-12-07,2027-04-28,791.0,0.0
BAT00506,MED021,DC005,2025-11-11,2027-04-02,675.0,0.0
BAT00507,MED021,DC005,2025-11-07,2027-03-29,863.0,0.0
BAT00508,MED021,DC005,2025-11-03,2027-03-25,592.0,0.0
BAT00509,MED021,DC006,2026-01-12,2027-06-03,580.0,0.0
BAT00510,MED021,DC006,2025-10-20,2027-03-11,495.0,0.0
BAT00511,MED021,DC006,2025-11-22,2027-04-13,288.0,0.0
BAT00512,MED021,DC007,2025-09-21,2027-02-10,446.0,0.0
BAT00513,MED021,DC007,2025-10-18,2027-03-09,780.0,0.0
BAT00514,MED021,DC007,2025-10-30,2027-03-21,703.0,0.0
BAT00515,MED021,DC007,2025-10-23,2027-03-14,580.0,0.0
BAT00516,MED021,DC008,2025-10-14,2027-03-05,662.0,0.0
BAT00517,MED021,DC008,2025-11-14,2027-04-05,241.0,0.0
BAT00518,MED021,DC008,2025-10-26,2027-03-17,336.0,0.0
BAT00519,MED021,DC008,2025-10-07,2027-02-26,777.0,0.0
BAT00520,MED022,DC001,2025-10-19,2027-01-13,318.0,0.0
BAT00521,MED022,DC001,2025-11-02,2027-01-27,394.0,0.0
BAT00522,MED022,DC001,2025-12-31,2027-03-27,959.0,0.0
BAT00523,MED022,DC002,2025-12-05,2027-03-01,215.0,0.0
BAT00524,MED022,DC002,2025-11-23,2027-02-17,535.0,0.0
BAT00525,MED022,DC003,2025-11-11,2027-02-05,363.0,0.0
BAT00526,MED022,DC003,2025-09-19,2026-12-14,820.0,0.0
BAT00527,MED022,DC003,2025-09-28,2026-12-23,577.0,0.0
BAT00528,MED022,DC003,2026-01-07,2027-04-03,789.0,0.0
BAT00529,MED022,DC004,2025-12-19,2027-03-15,310.0,0.0
BAT00530,MED022,DC004,2025-10-22,2027-01-16,649.0,0.0
BAT00531,MED022,DC004,2025-11-27,2027-02-21,583.0,0.0
BAT00532,MED022,DC004,2025-12-23,2027-03-19,451.0,0.0
BAT00533,MED022,DC005,2025-12-02,2027-02-26,930.0,0.0
BAT00534,MED022,DC005,2025-10-20,2027-01-14,637.0,0.0
BAT00535,MED022,DC005,2025-10-14,2027-01-08,818.0,0.0
BAT00536,MED022,DC006,2025-10-18,2027-01-12,715.0,0.0
BAT00537,MED022,DC006,2025-11-14,2027-02-08,411.0,0.0
BAT00538,MED022,DC006,2025-12-14,2027-03-10,354.0,0.0
BAT00539,MED022,DC006,2025-12-07,2027-03-03,423.0,0.0
BAT00540,MED022,DC007,2025-12-07,2027-03-03,953.0,0.0
BAT00541,MED022,DC007,2025-10-16,2027-01-10,817.0,0.0
BAT00542,MED022,DC008,2025-11-13,2027-02-07,752.0,0.0
BAT00543,MED022,DC008,2025-12-01,2027-02-25,454.0,0.0
BAT00544,MED023,DC001,2025-10-05,2026-09-07,947.0,0.0
BAT00545,MED023,DC001,2025-12-09,2026-11-11,777.0,0.0
BAT00546,MED023,DC001,2025-10-20,2026-09-22,297.0,0.0
BAT00547,MED023,DC001,2025-09-22,2026-08-25,635.0,0.0
BAT00548,MED023,DC002,2025-10-08,2026-09-10,855.0,0.0
BAT00549,MED023,DC002,2025-12-08,2026-11-10,844.0,0.0
BAT00550,MED023,DC002,2025-10-15,2026-09-17,234.0,0.0
BAT00551,MED023,DC003,2025-11-19,2026-10-22,477.0,0.0
BAT00552,MED023,DC003,2025-10-11,2026-09-13,725.0,0.0
BAT00553,MED023,DC004,2025-10-01,2026-09-03,371.0,0.0
BAT00554,MED023,DC004,2025-09-17,2026-08-20,631.0,0.0
BAT00555,MED023,DC004,2025-12-11,2026-11-13,650.0,0.0
BAT00556,MED023,DC005,2025-10-12,2026-09-14,287.0,0.0
BAT00557,MED023,DC005,2025-12-14,2026-11-16,669.0,0.0
BAT00558,MED023,DC006,2025-11-08,2026-10-11,736.0,0.0
BAT00559,MED023,DC006,2025-12-16,2026-11-18,381.0,0.0
BAT00560,MED023,DC007,2025-12-03,2026-11-05,280.0,0.0
BAT00561,MED023,DC007,2026-01-02,2026-12-05,774.0,0.0
BAT00562,MED023,DC008,2026-01-14,2026-12-17,817.0,0.0
BAT00563,MED023,DC008,2025-09-18,2026-08-21,972.0,0.0
BAT00564,MED023,DC008,2025-10-23,2026-09-25,326.0,0.0
BAT00565,MED023,DC008,2025-09-24,2026-08-27,948.0,0.0
BAT00566,MED024,DC001,2025-12-20,2027-02-21,582.0,0.0
BAT00567,MED024,DC001,2025-12-09,2027-02-10,805.0,0.0
BAT00568,MED024,DC001,2025-10-24,2026-12-26,457.0,0.0
BAT00569,MED024,DC002,2026-01-03,2027-03-07,926.0,0.0
BAT00570,MED024,DC002,2025-12-16,2027-02-17,722.0,0.0
BAT00571,MED024,DC003,2025-09-28,2026-11-30,791.0,0.0
BAT00572,MED024,DC003,2025-09-20,2026-11-22,949.0,0.0
BAT00573,MED024,DC003,2025-11-22,2027-01-24,937.0,0.0
BAT00574,MED024,DC003,2025-12-23,2027-02-24,906.0,0.0
BAT00575,MED024,DC004,2025-11-25,2027-01-27,998.0,0.0
BAT00576,MED024,DC004,2025-12-22,2027-02-23,830.0,0.0
BAT00577,MED024,DC005,2025-09-18,2026-11-20,970.0,0.0
BAT00578,MED024,DC005,2026-01-10,2027-03-14,432.0,0.0
BAT00579,MED024,DC005,2025-11-03,2027-01-05,207.0,0.0
BAT00580,MED024,DC005,2025-09-18,2026-11-20,682.0,0.0
BAT00581,MED024,DC006,2025-10-24,2026-12-26,428.0,0.0
BAT00582,MED024,DC006,2025-11-12,2027-01-14,635.0,0.0
BAT00583,MED024,DC006,2025-12-28,2027-03-01,911.0,0.0
BAT00584,MED024,DC007,2025-12-21,2027-02-22,574.0,0.0
BAT00585,MED024,DC007,2025-12-03,2027-02-04,847.0,0.0
BAT00586,MED024,DC007,2025-11-17,2027-01-19,330.0,0.0
BAT00587,MED024,DC007,2025-10-15,2026-12-17,719.0,0.0
BAT00588,MED024,DC008,2025-12-02,2027-02-03,211.0,0.0
BAT00589,MED024,DC008,2025-11-03,2027-01-05,833.0,0.0
BAT00590,MED025,DC001,2025-12-23,2027-03-29,806.0,0.0
BAT00591,MED025,DC001,2025-10-25,2027-01-29,689.0,0.0
BAT00592,MED025,DC001,2025-10-01,2027-01-05,918.0,0.0
BAT00593,MED025,DC001,2025-12-04,2027-03-10,542.0,0.0
BAT00594,MED025,DC002,2026-01-02,2027-04-08,521.0,0.0
BAT00595,MED025,DC002,2025-12-28,2027-04-03,348.0,0.0
BAT00596,MED025,DC003,2025-12-14,2027-03-20,459.0,0.0
BAT00597,MED025,DC003,2025-11-26,2027-03-02,205.0,0.0
BAT00598,MED025,DC003,2025-10-10,2027-01-14,388.0,0.0
BAT00599,MED025,DC004,2025-12-07,2027-03-13,963.0,0.0
BAT00600,MED025,DC004,2025-11-02,2027-02-06,666.0,0.0
BAT00601,MED025,DC004,2025-10-23,2027-01-27,209.0,0.0
BAT00602,MED025,DC005,2026-01-07,2027-04-13,754.0,0.0
BAT00603,MED025,DC005,2025-11-16,2027-02-20,734.0,0.0
BAT00604,MED025,DC005,2025-11-24,2027-02-28,445.0,0.0
BAT00605,MED025,DC006,2025-09-22,2026-12-27,602.0,0.0
BAT00606,MED025,DC006,2025-10-08,2027-01-12,910.0,0.0
BAT00607,MED025,DC006,2025-12-30,2027-04-05,449.0,0.0
BAT00608,MED025,DC006,2025-09-16,2026-12-21,711.0,0.0
BAT00609,MED025,DC007,2025-12-17,2027-03-23,494.0,0.0
BAT00610,MED025,DC007,2025-12-28,2027-04-03,375.0,0.0
BAT00611,MED025,DC007,2025-11-17,2027-02-21,583.0,0.0
BAT00612,MED025,DC008,2025-11-28,2027-03-04,991.0,0.0
BAT00613,MED025,DC008,2025-11-05,2027-02-09,533.0,0.0
BAT00614,MED025,DC008,2025-10-10,2027-01-14,930.0,0.0
BAT00615,MED025,DC008,2025-10-21,2027-01-25,630.0,0.0
BAT00616,MED026,DC001,2025-10-19,2027-01-18,809.0,0.0
BAT00617,MED026,DC001,2025-09-25,2026-12-25,804.0,0.0
BAT00618,MED026,DC002,2025-11-08,2027-02-07,620.0,0.0
BAT00619,MED026,DC002,2026-01-05,2027-04-06,763.0,0.0
BAT00620,MED026,DC003,2025-09-30,2026-12-30,290.0,0.0
BAT00621,MED026,DC003,2025-11-11,2027-02-10,638.0,0.0
BAT00622,MED026,DC003,2025-11-07,2027-02-06,362.0,0.0
BAT00623,MED026,DC003,2025-12-04,2027-03-05,320.0,0.0
BAT00624,MED026,DC004,2025-10-19,2027-01-18,553.0,0.0
BAT00625,MED026,DC004,2025-11-01,2027-01-31,364.0,0.0
BAT00626,MED026,DC004,2025-09-21,2026-12-21,591.0,0.0
BAT00627,MED026,DC004,2025-10-03,2027-01-02,608.0,0.0
BAT00628,MED026,DC005,2025-11-10,2027-02-09,563.0,0.0
BAT00629,MED026,DC005,2025-11-03,2027-02-02,532.0,0.0
BAT00630,MED026,DC006,2025-10-20,2027-01-19,647.0,0.0
BAT00631,MED026,DC006,2025-10-14,2027-01-13,846.0,0.0
BAT00632,MED026,DC007,2025-10-02,2027-01-01,517.0,0.0
BAT00633,MED026,DC007,2025-12-18,2027-03-19,202.0,0.0
BAT00634,MED026,DC008,2025-11-21,2027-02-20,258.0,0.0
BAT00635,MED026,DC008,2026-01-06,2027-04-07,476.0,0.0
BAT00636,MED026,DC008,2026-01-07,2027-04-08,633.0,0.0
BAT00637,MED026,DC008,2026-01-06,2027-04-07,948.0,0.0
BAT00638,MED027,DC001,2025-11-23,2027-02-10,225.0,0.0
BAT00639,MED027,DC001,2025-12-28,2027-03-17,344.0,0.0
BAT00640,MED027,DC001,2025-10-13,2026-12-31,813.0,0.0
BAT00641,MED027,DC002,2025-11-28,2027-02-15,971.0,0.0
BAT00642,MED027,DC002,2025-11-27,2027-02-14,994.0,0.0
BAT00643,MED027,DC002,2025-09-19,2026-12-07,559.0,0.0
BAT00644,MED027,DC002,2025-11-27,2027-02-14,925.0,0.0
BAT00645,MED027,DC003,2025-10-22,2027-01-09,746.0,0.0
BAT00646,MED027,DC003,2025-12-28,2027-03-17,900.0,0.0
BAT00647,MED027,DC004,2025-12-30,2027-03-19,888.0,0.0
BAT00648,MED027,DC004,2025-11-07,2027-01-25,343.0,0.0
BAT00649,MED027,DC004,2025-12-29,2027-03-18,514.0,0.0
BAT00650,MED027,DC004,2025-12-17,2027-03-06,782.0,0.0
BAT00651,MED027,DC005,2025-12-07,2027-02-24,805.0,0.0
BAT00652,MED027,DC005,2025-10-14,2027-01-01,570.0,0.0
BAT00653,MED027,DC006,2025-11-27,2027-02-14,539.0,0.0
BAT00654,MED027,DC006,2025-12-14,2027-03-03,859.0,0.0
BAT00655,MED027,DC006,2025-12-26,2027-03-15,569.0,0.0
BAT00656,MED027,DC006,2025-09-17,2026-12-05,421.0,0.0
BAT00657,MED027,DC007,2026-01-10,2027-03-30,812.0,0.0
BAT00658,MED027,DC007,2025-11-22,2027-02-09,848.0,0.0
BAT00659,MED027,DC007,2025-09-17,2026-12-05,692.0,0.0
BAT00660,MED027,DC007,2026-01-12,2027-04-01,907.0,0.0
BAT00661,MED027,DC008,2026-01-02,2027-03-22,365.0,0.0
BAT00662,MED027,DC008,2025-11-18,2027-02-05,675.0,0.0
BAT00663,MED028,DC001,2025-09-25,2027-01-01,738.0,0.0
BAT00664,MED028,DC001,2025-10-12,2027-01-18,239.0,0.0
BAT00665,MED028,DC001,2025-11-19,2027-02-25,235.0,0.0
BAT00666,MED028,DC001,2025-12-18,2027-03-26,387.0,0.0
BAT00667,MED028,DC002,2025-12-08,2027-03-16,312.0,0.0
BAT00668,MED028,DC002,2025-09-19,2026-12-26,387.0,0.0
BAT00669,MED028,DC003,2025-11-02,2027-02-08,661.0,0.0
BAT00670,MED028,DC003,2025-10-20,2027-01-26,678.0,0.0
BAT00671,MED028,DC003,2025-12-15,2027-03-23,855.0,0.0
BAT00672,MED028,DC003,2025-12-27,2027-04-04,441.0,0.0
BAT00673,MED028,DC004,2025-11-23,2027-03-01,617.0,0.0
BAT00674,MED028,DC004,2026-01-07,2027-04-15,440.0,0.0
BAT00675,MED028,DC004,2025-10-31,2027-02-06,645.0,0.0
BAT00676,MED028,DC004,2025-09-20,2026-12-27,904.0,0.0
BAT00677,MED028,DC005,2025-11-21,2027-02-27,701.0,0.0
BAT00678,MED028,DC005,2026-01-08,2027-04-16,645.0,0.0
BAT00679,MED028,DC006,2025-10-21,2027-01-27,953.0,0.0
BAT00680,MED028,DC006,2025-11-08,2027-02-14,505.0,0.0
BAT00681,MED028,DC006,2025-11-22,2027-02-28,455.0,0.0
BAT00682,MED028,DC007,2025-11-27,2027-03-05,319.0,0.0
BAT00683,MED028,DC007,2025-11-07,2027-02-13,347.0,0.0
BAT00684,MED028,DC007,2025-09-28,2027-01-04,579.0,0.0
BAT00685,MED028,DC008,2025-10-16,2027-01-22,441.0,0.0
BAT00686,MED028,DC008,2025-11-16,2027-02-22,315.0,0.0
BAT00687,MED029,DC001,2025-11-22,2026-06-24,650.0,0.0
BAT00688,MED029,DC001,2025-12-28,2026-07-30,646.0,0.0
BAT00689,MED029,DC002,2025-12-19,2026-07-21,394.0,0.0
BAT00690,MED029,DC002,2026-01-04,2026-08-06,464.0,0.0
BAT00691,MED029,DC002,2025-09-28,2026-04-30,938.0,0.0
BAT00692,MED029,DC003,2025-10-14,2026-05-16,274.0,0.0
BAT00693,MED029,DC003,2026-01-08,2026-08-10,864.0,0.0
BAT00694,MED029,DC003,2025-10-20,2026-05-22,415.0,0.0
BAT00695,MED029,DC004,2025-09-25,2026-04-27,682.0,0.0
BAT00696,MED029,DC004,2025-10-04,2026-05-06,258.0,0.0
BAT00697,MED029,DC004,2025-10-14,2026-05-16,809.0,0.0
BAT00698,MED029,DC004,2025-12-18,2026-07-20,737.0,0.0
BAT00699,MED029,DC005,2025-09-20,2026-04-22,367.0,0.0
BAT00700,MED029,DC005,2025-09-20,2026-04-22,466.0,0.0
BAT00701,MED029,DC005,2025-09-17,2026-04-19,212.0,0.0
BAT00702,MED029,DC006,2025-12-30,2026-08-01,970.0,0.0
BAT00703,MED029,DC006,2025-10-10,2026-05-12,798.0,0.0
BAT00704,MED029,DC007,2025-10-17,2026-05-19,932.0,0.0
BAT00705,MED029,DC007,2025-12-19,2026-07-21,684.0,0.0
BAT00706,MED029,DC007,2025-12-15,2026-07-17,517.0,0.0
BAT00707,MED029,DC008,2025-12-09,2026-07-11,457.0,0.0
BAT00708,MED029,DC008,2025-11-07,2026-06-09,505.0,0.0
BAT00709,MED029,DC008,2025-12-06,2026-07-08,719.0,0.0
BAT00710,MED029,DC008,2025-11-10,2026-06-12,409.0,0.0
BAT00711,MED030,DC001,2025-10-04,2026-07-20,573.0,0.0
BAT00712,MED030,DC001,2025-11-15,2026-08-31,985.0,0.0
BAT00713,MED030,DC001,2025-12-05,2026-09-20,809.0,0.0
BAT00714,MED030,DC002,2025-11-23,2026-09-08,497.0,0.0
BAT00715,MED030,DC002,2025-09-26,2026-07-12,237.0,0.0
BAT00716,MED030,DC003,2026-01-12,2026-10-28,793.0,0.0
BAT00717,MED030,DC003,2025-09-17,2026-07-03,409.0,0.0
BAT00718,MED030,DC004,2025-11-22,2026-09-07,663.0,0.0
BAT00719,MED030,DC004,2025-12-20,2026-10-05,436.0,0.0
BAT00720,MED030,DC004,2025-11-27,2026-09-12,464.0,0.0
BAT00721,MED030,DC004,2025-12-14,2026-09-29,656.0,0.0
BAT00722,MED030,DC005,2025-09-16,2026-07-02,641.0,0.0
BAT00723,MED030,DC005,2025-12-13,2026-09-28,748.0,0.0
BAT00724,MED030,DC005,2025-11-13,2026-08-29,811.0,0.0
BAT00725,MED030,DC006,2025-11-13,2026-08-29,713.0,0.0
BAT00726,MED030,DC006,2025-10-13,2026-07-29,569.0,0.0
BAT00727,MED030,DC006,2025-12-24,2026-10-09,836.0,0.0
BAT00728,MED030,DC006,2025-11-06,2026-08-22,312.0,0.0
BAT00729,MED030,DC007,2025-09-23,2026-07-09,347.0,0.0
BAT00730,MED030,DC007,2025-10-24,2026-08-09,634.0,0.0
BAT00731,MED030,DC007,2025-11-08,2026-08-24,966.0,0.0
BAT00732,MED030,DC008,2026-01-05,2026-10-21,871.0,0.0
BAT00733,MED030,DC008,2025-10-21,2026-08-06,956.0,0.0
BAT00734,MED031,DC001,2025-11-23,2026-07-09,811.0,0.0
BAT00735,MED031,DC001,2025-10-26,2026-06-11,310.0,0.0
BAT00736,MED031,DC002,2025-12-26,2026-08-11,254.0,0.0
BAT00737,MED031,DC002,2025-11-11,2026-06-27,207.0,0.0
BAT00738,MED031,DC003,2025-10-27,2026-06-12,499.0,0.0
BAT00739,MED031,DC003,2025-09-17,2026-05-03,710.0,0.0
BAT00740,MED031,DC003,2025-11-14,2026-06-30,693.0,0.0
BAT00741,MED031,DC004,2026-01-14,2026-08-30,590.0,0.0
BAT00742,MED031,DC004,2025-11-23,2026-07-09,626.0,0.0
BAT00743,MED031,DC004,2025-11-08,2026-06-24,209.0,0.0
BAT00744,MED031,DC004,2025-11-07,2026-06-23,778.0,0.0
BAT00745,MED031,DC005,2025-10-02,2026-05-18,214.0,0.0
BAT00746,MED031,DC005,2025-11-20,2026-07-06,758.0,0.0
BAT00747,MED031,DC005,2025-09-20,2026-05-06,845.0,0.0
BAT00748,MED031,DC006,2026-01-02,2026-08-18,286.0,0.0
BAT00749,MED031,DC006,2025-12-15,2026-07-31,620.0,0.0
BAT00750,MED031,DC007,2025-12-13,2026-07-29,696.0,0.0
BAT00751,MED031,DC007,2025-12-11,2026-07-27,852.0,0.0
BAT00752,MED031,DC008,2025-11-24,2026-07-10,263.0,0.0
BAT00753,MED031,DC008,2025-12-14,2026-07-30,567.0,0.0
BAT00754,MED031,DC008,2025-12-17,2026-08-02,992.0,0.0
BAT00755,MED032,DC001,2025-09-28,2026-04-23,747.0,0.0
BAT00756,MED032,DC001,2025-09-27,2026-04-22,264.0,0.0
BAT00757,MED032,DC001,2026-01-10,2026-08-05,720.0,0.0
BAT00758,MED032,DC002,2025-11-27,2026-06-22,524.0,0.0
BAT00759,MED032,DC002,2026-01-07,2026-08-02,642.0,0.0
BAT00760,MED032,DC003,2025-12-24,2026-07-19,208.0,0.0
BAT00761,MED032,DC003,2025-09-28,2026-04-23,266.0,0.0
BAT00762,MED032,DC003,2025-10-06,2026-05-01,547.0,0.0
BAT00763,MED032,DC003,2025-09-27,2026-04-22,465.0,0.0
BAT00764,MED032,DC004,2025-09-19,2026-04-14,916.0,0.0
BAT00765,MED032,DC004,2025-12-18,2026-07-13,234.0,0.0
BAT00766,MED032,DC005,2025-11-15,2026-06-10,910.0,0.0
BAT00767,MED032,DC005,2025-09-18,2026-04-13,417.0,0.0
BAT00768,MED032,DC005,2025-09-18,2026-04-13,259.0,0.0
BAT00769,MED032,DC005,2025-11-06,2026-06-01,424.0,0.0
BAT00770,MED032,DC006,2025-12-23,2026-07-18,726.0,0.0
BAT00771,MED032,DC006,2025-12-05,2026-06-30,943.0,0.0
BAT00772,MED032,DC006,2025-12-19,2026-07-14,213.0,0.0
BAT00773,MED032,DC006,2025-10-10,2026-05-05,670.0,0.0
BAT00774,MED032,DC007,2025-09-18,2026-04-13,857.0,0.0
BAT00775,MED032,DC007,2025-12-25,2026-07-20,262.0,0.0
BAT00776,MED032,DC007,2025-11-03,2026-05-29,651.0,0.0
BAT00777,MED032,DC007,2025-11-26,2026-06-21,868.0,0.0
BAT00778,MED032,DC008,2025-12-03,2026-06-28,917.0,0.0
BAT00779,MED032,DC008,2025-10-12,2026-05-07,507.0,0.0
BAT00780,MED032,DC008,2025-10-18,2026-05-13,312.0,0.0
BAT00781,MED032,DC008,2025-11-11,2026-06-06,779.0,0.0
BAT00782,MED033,DC001,2026-01-08,2026-11-11,979.0,0.0
BAT00783,MED033,DC001,2025-12-16,2026-10-19,278.0,0.0
BAT00784,MED033,DC001,2025-12-02,2026-10-05,871.0,0.0
BAT00785,MED033,DC001,2025-10-28,2026-08-31,684.0,0.0
BAT00786,MED033,DC002,2025-10-07,2026-08-10,517.0,0.0
BAT00787,MED033,DC002,2025-10-25,2026-08-28,461.0,0.0
BAT00788,MED033,DC002,2025-11-18,2026-09-21,419.0,0.0
BAT00789,MED033,DC002,2025-11-30,2026-10-03,592.0,0.0
BAT00790,MED033,DC003,2025-11-20,2026-09-23,953.0,0.0
BAT00791,MED033,DC003,2025-11-01,2026-09-04,349.0,0.0
BAT00792,MED033,DC003,2026-01-04,2026-11-07,729.0,0.0
BAT00793,MED033,DC003,2025-12-08,2026-10-11,818.0,0.0
BAT00794,MED033,DC004,2026-01-04,2026-11-07,770.0,0.0
BAT00795,MED033,DC004,2025-11-27,2026-09-30,414.0,0.0
BAT00796,MED033,DC005,2025-12-26,2026-10-29,827.0,0.0
BAT00797,MED033,DC005,2025-12-05,2026-10-08,792.0,0.0
BAT00798,MED033,DC005,2026-01-03,2026-11-06,489.0,0.0
BAT00799,MED033,DC005,2025-12-06,2026-10-09,204.0,0.0
BAT00800,MED033,DC006,2025-12-11,2026-10-14,488.0,0.0
BAT00801,MED033,DC006,2026-01-03,2026-11-06,282.0,0.0
BAT00802,MED033,DC006,2025-11-18,2026-09-21,350.0,0.0
BAT00803,MED033,DC007,2025-11-23,2026-09-26,644.0,0.0
BAT00804,MED033,DC007,2026-01-03,2026-11-06,283.0,0.0
BAT00805,MED033,DC007,2026-01-03,2026-11-06,483.0,0.0
BAT00806,MED033,DC007,2025-10-06,2026-08-09,678.0,0.0
BAT00807,MED033,DC008,2026-01-13,2026-11-16,891.0,0.0
BAT00808,MED033,DC008,2025-11-26,2026-09-29,433.0,0.0
BAT00809,MED033,DC008,2025-10-14,2026-08-17,823.0,0.0
BAT00810,MED034,DC001,2025-12-14,2027-02-03,924.0,0.0
BAT00811,MED034,DC001,2025-12-24,2027-02-13,658.0,0.0
BAT00812,MED034,DC001,2025-12-24,2027-02-13,748.0,0.0
BAT00813,MED034,DC001,2025-12-07,2027-01-27,311.0,0.0
BAT00814,MED034,DC002,2026-01-06,2027-02-26,594.0,0.0
BAT00815,MED034,DC002,2025-12-10,2027-01-30,334.0,0.0
BAT00816,MED034,DC002,2025-11-14,2027-01-04,537.0,0.0
BAT00817,MED034,DC003,2025-09-16,2026-11-06,489.0,0.0
BAT00818,MED034,DC003,2025-10-26,2026-12-16,397.0,0.0
BAT00819,MED034,DC004,2025-12-20,2027-02-09,675.0,0.0
BAT00820,MED034,DC004,2025-12-28,2027-02-17,566.0,0.0
BAT00821,MED034,DC004,2025-11-25,2027-01-15,444.0,0.0
BAT00822,MED034,DC005,2025-11-27,2027-01-17,873.0,0.0
BAT00823,MED034,DC005,2025-12-03,2027-01-23,843.0,0.0
BAT00824,MED034,DC005,2025-11-20,2027-01-10,552.0,0.0
BAT00825,MED034,DC006,2025-12-28,2027-02-17,979.0,0.0
BAT00826,MED034,DC006,2025-10-29,2026-12-19,440.0,0.0
BAT00827,MED034,DC006,2025-12-20,2027-02-09,958.0,0.0
BAT00828,MED034,DC006,2025-12-23,2027-02-12,583.0,0.0
BAT00829,MED034,DC007,2025-12-08,2027-01-28,975.0,0.0
BAT00830,MED034,DC007,2025-10-25,2026-12-15,788.0,0.0
BAT00831,MED034,DC007,2025-11-02,2026-12-23,593.0,0.0
BAT00832,MED034,DC008,2025-12-10,2027-01-30,461.0,0.0
BAT00833,MED034,DC008,2025-11-25,2027-01-15,853.0,0.0
BAT00834,MED035,DC001,2025-11-03,2026-05-27,291.0,0.0
BAT00835,MED035,DC001,2025-11-06,2026-05-30,360.0,0.0
BAT00836,MED035,DC001,2025-10-08,2026-05-01,344.0,0.0
BAT00837,MED035,DC002,2025-10-13,2026-05-06,222.0,0.0
BAT00838,MED035,DC002,2025-10-16,2026-05-09,569.0,0.0
BAT00839,MED035,DC002,2025-10-04,2026-04-27,368.0,0.0
BAT00840,MED035,DC002,2025-10-18,2026-05-11,433.0,0.0
BAT00841,MED035,DC003,2025-10-05,2026-04-28,855.0,0.0
BAT00842,MED035,DC003,2025-10-20,2026-05-13,836.0,0.0
BAT00843,MED035,DC004,2025-12-07,2026-06-30,311.0,0.0
BAT00844,MED035,DC004,2025-10-22,2026-05-15,394.0,0.0
BAT00845,MED035,DC004,2025-11-21,2026-06-14,323.0,0.0
BAT00846,MED035,DC005,2025-10-30,2026-05-23,259.0,0.0
BAT00847,MED035,DC005,2025-11-24,2026-06-17,583.0,0.0
BAT00848,MED035,DC005,2025-09-18,2026-04-11,627.0,0.0
BAT00849,MED035,DC006,2026-01-10,2026-08-03,535.0,0.0
BAT00850,MED035,DC006,2025-11-29,2026-06-22,833.0,0.0
BAT00851,MED035,DC006,2025-10-03,2026-04-26,761.0,0.0
BAT00852,MED035,DC006,2025-10-25,2026-05-18,630.0,0.0
BAT00853,MED035,DC007,2025-12-14,2026-07-07,287.0,0.0
BAT00854,MED035,DC007,2025-11-30,2026-06-23,726.0,0.0
BAT00855,MED035,DC008,2026-01-09,2026-08-02,718.0,0.0
BAT00856,MED035,DC008,2025-10-24,2026-05-17,651.0,0.0
BAT00857,MED036,DC001,2025-10-10,2026-12-12,717.0,0.0
BAT00858,MED036,DC001,2025-10-05,2026-12-07,465.0,0.0
BAT00859,MED036,DC001,2026-01-13,2027-03-17,544.0,0.0
BAT00860,MED036,DC001,2025-12-17,2027-02-18,279.0,0.0
BAT00861,MED036,DC002,2025-11-04,2027-01-06,797.0,0.0
BAT00862,MED036,DC002,2025-11-02,2027-01-04,664.0,0.0
BAT00863,MED036,DC002,2025-11-28,2027-01-30,377.0,0.0
BAT00864,MED036,DC002,2025-10-08,2026-12-10,513.0,0.0
BAT00865,MED036,DC003,2025-11-11,2027-01-13,671.0,0.0
BAT00866,MED036,DC003,2026-01-11,2027-03-15,321.0,0.0
BAT00867,MED036,DC003,2025-12-08,2027-02-09,586.0,0.0
BAT00868,MED036,DC003,2026-01-04,2027-03-08,533.0,0.0
BAT00869,MED036,DC004,2025-10-13,2026-12-15,865.0,0.0
BAT00870,MED036,DC004,2025-12-06,2027-02-07,313.0,0.0
BAT00871,MED036,DC005,2025-12-19,2027-02-20,564.0,0.0
BAT00872,MED036,DC005,2025-12-01,2027-02-02,617.0,0.0
BAT00873,MED036,DC005,2025-11-19,2027-01-21,581.0,0.0
BAT00874,MED036,DC006,2025-12-05,2027-02-06,757.0,0.0
BAT00875,MED036,DC006,2026-01-09,2027-03-13,254.0,0.0
BAT00876,MED036,DC006,2025-12-31,2027-03-04,848.0,0.0
BAT00877,MED036,DC006,2025-12-02,2027-02-03,218.0,0.0
BAT00878,MED036,DC007,2025-10-04,2026-12-06,287.0,0.0
BAT00879,MED036,DC007,2025-10-12,2026-12-14,331.0,0.0
BAT00880,MED036,DC007,2025-12-23,2027-02-24,395.0,0.0
BAT00881,MED036,DC007,2025-12-03,2027-02-04,642.0,0.0
BAT00882,MED036,DC008,2025-11-16,2027-01-18,541.0,0.0
BAT00883,MED036,DC008,2025-11-24,2027-01-26,385.0,0.0
BAT00884,MED036,DC008,2025-12-22,2027-02-23,704.0,0.0
BAT00885,MED036,DC008,2025-11-20,2027-01-22,712.0,0.0
BAT00886,MED037,DC001,2025-10-28,2026-04-27,223.0,0.0
BAT00887,MED037,DC001,2025-11-18,2026-05-18,906.0,0.0
BAT00888,MED037,DC001,2025-11-26,2026-05-26,674.0,0.0
BAT00889,MED037,DC002,2025-12-19,2026-06-18,764.0,0.0
BAT00890,MED037,DC002,2025-10-16,2026-04-15,423.0,0.0
BAT00891,MED037,DC003,2025-10-04,2026-04-03,662.0,0.0
BAT00892,MED037,DC003,2025-12-22,2026-06-21,898.0,0.0
BAT00893,MED037,DC004,2025-11-17,2026-05-17,461.0,0.0
BAT00894,MED037,DC004,2025-10-21,2026-04-20,291.0,0.0
BAT00895,MED037,DC004,2025-11-08,2026-05-08,890.0,0.0
BAT00896,MED037,DC005,2025-11-26,2026-05-26,451.0,0.0
BAT00897,MED037,DC005,2025-10-31,2026-04-30,689.0,0.0
BAT00898,MED037,DC005,2025-11-30,2026-05-30,291.0,0.0
BAT00899,MED037,DC005,2025-10-27,2026-04-26,876.0,0.0
BAT00900,MED037,DC006,2025-10-16,2026-04-15,851.0,0.0
BAT00901,MED037,DC006,2025-09-19,2026-03-19,840.0,0.0
BAT00902,MED037,DC007,2025-10-20,2026-04-19,672.0,0.0
BAT00903,MED037,DC007,2025-12-30,2026-06-29,307.0,0.0
BAT00904,MED037,DC007,2025-12-31,2026-06-30,391.0,0.0
BAT00905,MED037,DC007,2025-10-18,2026-04-17,346.0,0.0
BAT00906,MED037,DC008,2025-11-22,2026-05-22,609.0,0.0
BAT00907,MED037,DC008,2025-11-02,2026-05-02,677.0,0.0
BAT00908,MED038,DC001,2025-11-13,2027-05-03,538.0,0.0
BAT00909,MED038,DC001,2025-10-18,2027-04-07,708.0,0.0
BAT00910,MED038,DC001,2025-09-17,2027-03-07,935.0,0.0
BAT00911,MED038,DC002,2025-11-13,2027-05-03,644.0,0.0
BAT00912,MED038,DC002,2025-12-22,2027-06-11,431.0,0.0
BAT00913,MED038,DC003,2025-10-27,2027-04-16,874.0,0.0
BAT00914,MED038,DC003,2025-11-30,2027-05-20,243.0,0.0
BAT00915,MED038,DC003,2025-11-13,2027-05-03,961.0,0.0
BAT00916,MED038,DC004,2025-11-26,2027-05-16,356.0,0.0
BAT00917,MED038,DC004,2025-11-11,2027-05-01,971.0,0.0
BAT00918,MED038,DC005,2025-10-19,2027-04-08,596.0,0.0
BAT00919,MED038,DC005,2025-10-16,2027-04-05,593.0,0.0
BAT00920,MED038,DC005,2025-11-13,2027-05-03,872.0,0.0
BAT00921,MED038,DC005,2025-11-03,2027-04-23,334.0,0.0
BAT00922,MED038,DC006,2025-12-17,2027-06-06,837.0,0.0
BAT00923,MED038,DC006,2025-12-10,2027-05-30,434.0,0.0
BAT00924,MED038,DC007,2025-12-24,2027-06-13,630.0,0.0
BAT00925,MED038,DC007,2025-11-03,2027-04-23,825.0,0.0
BAT00926,MED038,DC008,2025-11-12,2027-05-02,818.0,0.0
BAT00927,MED038,DC008,2025-12-31,2027-06-20,640.0,0.0
BAT00928,MED038,DC008,2025-12-11,2027-05-31,658.0,0.0
BAT00929,MED038,DC008,2025-10-01,2027-03-21,820.0,0.0
BAT00930,MED039,DC001,2025-10-10,2027-01-10,634.0,0.0
BAT00931,MED039,DC001,2025-10-14,2027-01-14,233.0,0.0
BAT00932,MED039,DC001,2025-12-18,2027-03-20,553.0,0.0
BAT00933,MED039,DC002,2025-09-30,2026-12-31,282.0,0.0
BAT00934,MED039,DC002,2025-12-14,2027-03-16,723.0,0.0
BAT00935,MED039,DC002,2026-01-10,2027-04-12,438.0,0.0
BAT00936,MED039,DC003,2025-09-26,2026-12-27,410.0,0.0
BAT00937,MED039,DC003,2025-11-19,2027-02-19,853.0,0.0
BAT00938,MED039,DC003,2025-12-30,2027-04-01,892.0,0.0
BAT00939,MED039,DC004,2025-10-12,2027-01-12,368.0,0.0
BAT00940,MED039,DC004,2025-12-01,2027-03-03,670.0,0.0
BAT00941,MED039,DC005,2025-11-21,2027-02-21,688.0,0.0
BAT00942,MED039,DC005,2025-12-28,2027-03-30,333.0,0.0
BAT00943,MED039,DC005,2025-10-02,2027-01-02,828.0,0.0
BAT00944,MED039,DC005,2026-01-07,2027-04-09,366.0,0.0
BAT00945,MED039,DC006,2025-12-10,2027-03-12,481.0,0.0
BAT00946,MED039,DC006,2025-12-24,2027-03-26,677.0,0.0
BAT00947,MED039,DC006,2025-10-16,2027-01-16,459.0,0.0
BAT00948,MED039,DC006,2025-11-02,2027-02-02,434.0,0.0
BAT00949,MED039,DC007,2025-11-10,2027-02-10,962.0,0.0
BAT00950,MED039,DC007,2025-10-20,2027-01-20,988.0,0.0
BAT00951,MED039,DC007,2025-12-28,2027-03-30,852.0,0.0
BAT00952,MED039,DC008,2025-12-10,2027-03-12,935.0,0.0
BAT00953,MED039,DC008,2025-12-29,2027-03-31,894.0,0.0
BAT00954,MED039,DC008,2025-12-29,2027-03-31,761.0,0.0
BAT00955,MED040,DC001,2025-12-04,2027-02-28,317.0,0.0
BAT00956,MED040,DC001,2025-10-09,2027-01-03,863.0,0.0
BAT00957,MED040,DC002,2025-12-27,2027-03-23,514.0,0.0
BAT00958,MED040,DC002,2025-12-11,2027-03-07,662.0,0.0
BAT00959,MED040,DC002,2025-11-27,2027-02-21,702.0,0.0
BAT00960,MED040,DC002,2025-10-25,2027-01-19,562.0,0.0
BAT00961,MED040,DC003,2025-10-11,2027-01-05,522.0,0.0
BAT00962,MED040,DC003,2025-09-17,2026-12-12,423.0,0.0
BAT00963,MED040,DC004,2025-11-13,2027-02-07,564.0,0.0
BAT00964,MED040,DC004,2026-01-14,2027-04-10,462.0,0.0
BAT00965,MED040,DC004,2025-09-28,2026-12-23,895.0,0.0
BAT00966,MED040,DC005,2025-11-17,2027-02-11,275.0,0.0
BAT00967,MED040,DC005,2025-10-17,2027-01-11,708.0,0.0
BAT00968,MED040,DC005,2026-01-06,2027-04-02,487.0,0.0
BAT00969,MED040,DC005,2025-11-25,2027-02-19,837.0,0.0
BAT00970,MED040,DC006,2025-10-01,2026-12-26,975.0,0.0
BAT00971,MED040,DC006,2025-12-11,2027-03-07,369.0,0.0
BAT00972,MED040,DC007,2025-12-02,2027-02-26,863.0,0.0
BAT00973,MED040,DC007,2025-12-29,2027-03-25,638.0,0.0
BAT00974,MED040,DC007,2025-11-13,2027-02-07,653.0,0.0
BAT00975,MED040,DC008,2025-10-09,2027-01-03,915.0,0.0
BAT00976,MED040,DC008,2026-01-02,2027-03-29,239.0,0.0
BAT00977,MED040,DC008,2025-09-29,2026-12-24,701.0,0.0
BAT00978,MED008,DC002,2026-02-17,2027-01-11,1205.0,0.0
BAT00979,MED008,DC006,2026-02-21,2027-01-15,1205.0,0.0
BAT00980,MED008,DC007,2026-02-18,2027-01-12,1205.0,0.0
BAT00981,MED009,DC006,2026-02-21,2027-02-22,1366.0,0.0
BAT00982,MED015,DC006,2026-02-21,2027-03-27,1245.0,0.0
BAT00983,MED015,DC008,2026-02-19,2027-03-25,1245.0,0.0
BAT00984,MED021,DC002,2026-02-17,2027-07-09,1413.0,0.0
BAT00985,MED021,DC003,2026-02-17,2027-07-09,1413.0,0.0
BAT00986,MED021,DC006,2026-02-21,2027-07-13,1413.0,0.0
BAT00987,MED025,DC002,2026-02-17,2027-05-24,1266.0,0.0
BAT00988,MED026,DC005,2026-02-20,2027-05-22,1028.0,0.0
BAT00989,MED026,DC007,2026-02-18,2027-05-20,1028.0,0.0
BAT00990,MED037,DC006,2026-02-21,2026-08-21,1365.0,0.0
BAT00991,MED037,DC008,2026-02-19,2026-08-19,1365.0,0.0
BAT00992,MED038,DC004,2026-02-19,2027-08-09,1426.0,0.0
BAT00993,MED038,DC006,2026-02-21,2027-08-11,1426.0,0.0
BAT00994,MED038,DC002,2026-02-18,2027-08-08,1426.0,0.0
BAT00995,MED004,DC004,2026-02-21,2027-08-12,1309.0,0.0
BAT00996,MED004,DC007,2026-02-20,2027-08-11,1309.0,0.0
BAT00997,MED008,DC003,2026-02-19,2027-01-13,1205.0,0.0
BAT00998,MED023,DC005,2026-02-22,2027-01-25,642.0,0.0
BAT00999,MED025,DC003,2026-02-19,2027-05-26,1266.0,0.0
BAT01000,MED027,DC008,2026-02-21,2027-05-11,899.0,0.0
BAT01001,MED034,DC003,2026-02-19,2027-04-11,1036.0,0.0
BAT01002,MED037,DC002,2026-02-19,2026-08-19,1365.0,0.0
BAT01003,MED037,DC004,2026-02-21,2026-08-21,1365.0,0.0
BAT01004,MED038,DC007,2026-02-20,2027-08-10,1426.0,0.0
BAT01005,MED004,DC001,2026-02-21,2027-08-12,1309.0,0.0
BAT01006,MED009,DC003,2026-02-20,2027-02-21,1366.0,0.0
BAT01007,MED009,DC004,2026-02-22,2027-02-23,1366.0,0.0
BAT01008,MED010,DC002,2026-02-20,2027-08-03,549.0,0.0
BAT01009,MED012,DC006,2026-02-24,2026-09-08,890.0,0.0
BAT01010,MED023,DC006,2026-02-24,2027-01-27,642.0,0.0
BAT01011,MED025,DC007,2026-02-21,2027-05-28,1266.0,0.0
BAT01012,MED026,DC006,2026-02-24,2027-05-26,1028.0,0.0
BAT01013,MED004,DC008,2026-02-23,2027-08-14,1309.0,0.0
BAT01014,MED009,DC001,2026-02-22,2027-02-23,1366.0,0.0
BAT01015,MED012,DC004,2026-02-23,2026-09-07,890.0,0.0
BAT01016,MED015,DC001,2026-02-22,2027-03-28,1245.0,0.0
BAT01017,MED015,DC007,2026-02-22,2027-03-28,1245.0,0.0
BAT01018,MED025,DC004,2026-02-23,2027-05-30,1266.0,0.0
BAT01019,MED025,DC005,2026-02-24,2027-05-31,1266.0,0.0
BAT01020,MED027,DC005,2026-02-24,2027-05-14,899.0,0.0
BAT01021,MED034,DC008,2026-02-23,2027-04-15,1036.0,0.0
BAT01022,MED037,DC003,2026-02-21,2026-08-21,1365.0,0.0
BAT01023,MED037,DC007,2026-02-22,2026-08-22,1365.0,0.0
BAT01024,MED004,DC005,2026-02-25,2027-08-16,1309.0,0.0
BAT01025,MED008,DC005,2026-02-25,2027-01-19,1205.0,0.0
BAT01026,MED008,DC008,2026-02-24,2027-01-18,1205.0,0.0
BAT01027,MED012,DC005,2026-02-25,2026-09-09,890.0,0.0
BAT01028,MED015,DC002,2026-02-22,2027-03-28,1245.0,0.0
BAT01029,MED021,DC008,2026-02-24,2027-07-16,1413.0,0.0
BAT01030,MED037,DC001,2026-02-23,2026-08-23,1365.0,0.0
BAT01031,MED004,DC006,2026-02-27,2027-08-18,1309.0,0.0
BAT01032,MED008,DC004,2026-02-25,2027-01-19,1205.0,0.0
BAT01033,MED009,DC008,2026-02-25,2027-02-26,1366.0,0.0
BAT01034,MED011,DC005,2026-02-26,2027-01-10,520.0,0.0
BAT01035,MED012,DC007,2026-02-24,2026-09-08,890.0,0.0
BAT01036,MED016,DC004,2026-02-25,2026-10-09,454.0,0.0
BAT01037,MED023,DC007,2026-02-24,2027-01-27,642.0,0.0
BAT01038,MED026,DC002,2026-02-23,2027-05-25,1028.0,0.0
BAT01039,MED031,DC002,2026-02-23,2026-10-09,346.0,0.0
BAT01040,MED034,DC002,2026-02-23,2027-04-15,1036.0,0.0
BAT01041,MED034,DC004,2026-02-25,2027-04-17,1036.0,0.0
BAT01042,MED037,DC005,2026-02-26,2026-08-26,1365.0,0.0
BAT01043,MED038,DC005,2026-02-26,2027-08-16,1426.0,0.0
BAT01044,MED005,DC007,2026-02-25,2026-10-15,494.0,0.0
BAT01045,MED005,DC008,2026-02-26,2026-10-16,494.0,0.0
BAT01046,MED009,DC002,2026-02-24,2027-02-25,1366.0,0.0
BAT01047,MED010,DC005,2026-02-27,2027-08-10,549.0,0.0
BAT01048,MED011,DC001,2026-02-25,2027-01-09,520.0,0.0
BAT01049,MED015,DC003,2026-02-24,2027-03-30,1245.0,0.0
BAT01050,MED018,DC001,2026-02-25,2027-06-03,429.0,0.0
BAT01051,MED026,DC001,2026-02-25,2027-05-27,1028.0,0.0
BAT01052,MED027,DC001,2026-02-25,2027-05-15,899.0,0.0
BAT01053,MED038,DC001,2026-02-25,2027-08-15,1426.0,0.0
BAT01054,MED038,DC003,2026-02-24,2027-08-14,1426.0,0.0
BAT01055,MED003,DC007,2026-02-26,2026-12-15,699.0,0.0
BAT01056,MED008,DC002,2026-02-25,2027-01-19,1205.0,0.0
BAT01057,MED008,DC006,2026-03-01,2027-01-23,1205.0,0.0
BAT01058,MED009,DC006,2026-03-01,2027-03-02,1366.0,0.0
BAT01059,MED012,DC001,2026-02-26,2026-09-10,890.0,0.0
BAT01060,MED021,DC002,2026-02-25,2027-07-17,1413.0,0.0
BAT01061,MED021,DC003,2026-02-25,2027-07-17,1413.0,0.0
BAT01062,MED021,DC004,2026-02-27,2027-07-19,1413.0,0.0
BAT01063,MED021,DC005,2026-02-28,2027-07-20,1413.0,0.0
BAT01064,MED021,DC006,2026-03-01,2027-07-21,1413.0,0.0
BAT01065,MED023,DC003,2026-02-25,2027-01-28,642.0,0.0
BAT01066,MED025,DC006,2026-03-01,2027-06-05,1266.0,0.0
BAT01067,MED036,DC004,2026-02-27,2027-05-01,756.0,0.0
BAT01068,MED038,DC006,2026-03-01,2027-08-19,1426.0,0.0
BAT01069,MED003,DC005,2026-03-01,2026-12-18,699.0,0.0
BAT01070,MED009,DC005,2026-03-01,2027-03-02,1366.0,0.0
BAT01071,MED010,DC002,2026-02-26,2027-08-09,549.0,0.0
BAT01072,MED015,DC004,2026-02-28,2027-04-03,1245.0,0.0
BAT01073,MED015,DC006,2026-03-02,2027-04-05,1245.0,0.0
BAT01074,MED019,DC005,2026-03-01,2027-07-22,609.0,0.0
BAT01075,MED021,DC007,2026-02-27,2027-07-19,1413.0,0.0
BAT01076,MED023,DC005,2026-03-01,2027-02-01,642.0,0.0
BAT01077,MED026,DC003,2026-02-26,2027-05-28,1028.0,0.0
BAT01078,MED026,DC007,2026-02-27,2027-05-29,1028.0,0.0
BAT01079,MED029,DC005,2026-03-01,2026-10-01,507.0,0.0
BAT01080,MED038,DC002,2026-02-26,2027-08-16,1426.0,0.0
BAT01081,MED038,DC004,2026-02-28,2027-08-18,1426.0,0.0
BAT01082,MED005,DC005,2026-03-02,2026-10-20,494.0,0.0
BAT01083,MED007,DC001,2026-02-28,2027-01-24,625.0,0.0
BAT01084,MED008,DC003,2026-02-27,2027-01-21,1205.0,0.0
BAT01085,MED008,DC007,2026-02-28,2027-01-22,1205.0,0.0
BAT01086,MED010,DC001,2026-02-28,2027-08-11,549.0,0.0
BAT01087,MED012,DC002,2026-02-27,2026-09-11,890.0,0.0
BAT01088,MED015,DC008,2026-03-01,2027-04-04,1245.0,0.0
BAT01089,MED019,DC008,2026-03-01,2027-07-22,609.0,0.0
BAT01090,MED021,DC001,2026-02-28,2027-07-20,1413.0,0.0
BAT01091,MED023,DC004,2026-03-01,2027-02-01,642.0,0.0
BAT01092,MED025,DC002,2026-02-27,2027-06-03,1266.0,0.0
BAT01093,MED026,DC005,2026-03-02,2027-06-01,1028.0,0.0
BAT01094,MED034,DC003,2026-02-27,2027-04-19,1036.0,0.0
BAT01095,MED034,DC005,2026-03-02,2027-04-22,1036.0,0.0
BAT01096,MED037,DC006,2026-03-03,2026-08-31,1365.0,0.0
BAT01097,MED037,DC008,2026-03-01,2026-08-29,1365.0,0.0
BAT01098,MED038,DC008,2026-03-01,2027-08-19,1426.0,0.0
BAT01099,MED004,DC001,2026-03-01,2027-08-20,1309.0,0.0
BAT01100,MED004,DC002,2026-02-28,2027-08-19,1309.0,0.0
BAT01101,MED004,DC004,2026-03-02,2027-08-21,1309.0,0.0
BAT01102,MED004,DC007,2026-03-01,2027-08-20,1309.0,0.0
BAT01103,MED007,DC006,2026-03-04,2027-01-28,625.0,0.0
BAT01104,MED007,DC007,2026-03-01,2027-01-25,625.0,0.0
BAT01105,MED009,DC001,2026-03-01,2027-03-02,1366.0,0.0
BAT01106,MED009,DC003,2026-02-28,2027-03-01,1366.0,0.0
BAT01107,MED012,DC004,2026-03-02,2026-09-14,890.0,0.0
BAT01108,MED012,DC006,2026-03-04,2026-09-16,890.0,0.0
BAT01109,MED015,DC001,2026-03-01,2027-04-04,1245.0,0.0
BAT01110,MED015,DC005,2026-03-03,2027-04-06,1245.0,0.0
BAT01111,MED023,DC006,2026-03-04,2027-02-04,642.0,0.0
BAT01112,MED025,DC003,2026-02-28,2027-06-04,1266.0,0.0
BAT01113,MED026,DC004,2026-03-02,2027-06-01,1028.0,0.0
BAT01114,MED026,DC006,2026-03-04,2027-06-03,1028.0,0.0
BAT01115,MED026,DC008,2026-03-02,2027-06-01,1028.0,0.0
BAT01116,MED027,DC003,2026-02-28,2027-05-18,899.0,0.0
BAT01117,MED027,DC008,2026-03-02,2027-05-20,899.0,0.0
BAT01118,MED030,DC002,2026-02-28,2026-12-14,350.0,0.0
BAT01119,MED033,DC006,2026-03-04,2027-01-05,442.0,0.0
BAT01120,MED037,DC002,2026-02-28,2026-08-28,1365.0,0.0
BAT01121,MED037,DC004,2026-03-02,2026-08-30,1365.0,0.0
BAT01122,MED038,DC007,2026-03-01,2027-08-19,1426.0,0.0
BAT01123,MED003,DC004,2026-03-03,2026-12-20,699.0,0.0
BAT01124,MED004,DC003,2026-03-01,2027-08-20,1309.0,0.0
BAT01125,MED007,DC003,2026-03-01,2027-01-25,625.0,0.0
BAT01126,MED009,DC007,2026-03-02,2027-03-03,1366.0,0.0
BAT01127,MED012,DC005,2026-03-04,2026-09-16,890.0,0.0
BAT01128,MED012,DC007,2026-03-02,2026-09-14,890.0,0.0
BAT01129,MED014,DC004,2026-03-03,2027-01-12,437.0,0.0
BAT01130,MED015,DC007,2026-03-02,2027-04-05,1245.0,0.0
BAT01131,MED016,DC004,2026-03-03,2026-10-15,454.0,0.0
BAT01132,MED019,DC001,2026-03-02,2027-07-23,609.0,0.0
BAT01133,MED022,DC002,2026-03-01,2027-05-26,424.0,0.0
BAT01134,MED025,DC007,2026-03-02,2027-06-06,1266.0,0.0
BAT01135,MED035,DC001,2026-03-02,2026-09-23,466.0,0.0
BAT01136,MED037,DC001,2026-03-02,2026-08-30,1365.0,0.0
BAT01137,MED037,DC003,2026-03-01,2026-08-29,1365.0,0.0
BAT01138,MED004,DC008,2026-03-04,2027-08-23,1309.0,0.0
BAT01139,MED008,DC001,2026-03-03,2027-01-25,1205.0,0.0
BAT01140,MED009,DC004,2026-03-04,2027-03-05,1366.0,0.0
BAT01141,MED010,DC004,2026-03-04,2027-08-15,549.0,0.0
BAT01142,MED012,DC008,2026-03-04,2026-09-16,890.0,0.0
BAT01143,MED015,DC002,2026-03-02,2027-04-05,1245.0,0.0
BAT01144,MED021,DC008,2026-03-04,2027-07-24,1413.0,0.0
BAT01145,MED023,DC007,2026-03-03,2027-02-03,642.0,0.0
BAT01146,MED025,DC004,2026-03-04,2027-06-08,1266.0,0.0
BAT01147,MED025,DC005,2026-03-05,2027-06-09,1266.0,0.0
BAT01148,MED027,DC005,2026-03-05,2027-05-23,899.0,0.0
BAT01149,MED027,DC006,2026-03-06,2027-05-24,899.0,0.0
BAT01150,MED028,DC002,2026-03-02,2027-06-08,349.0,0.0
BAT01151,MED028,DC008,2026-03-04,2027-06-10,349.0,0.0
BAT01152,MED031,DC006,2026-03-06,2026-10-20,346.0,0.0
BAT01153,MED034,DC008,2026-03-04,2027-04-24,1036.0,0.0
BAT01154,MED035,DC004,2026-03-04,2026-09-25,466.0,0.0
BAT01155,MED036,DC005,2026-03-05,2027-05-07,756.0,0.0
BAT01156,MED037,DC007,2026-03-03,2026-08-31,1365.0,0.0
BAT01157,MED004,DC005,2026-03-06,2027-08-25,1309.0,0.0
BAT01158,MED005,DC001,2026-03-04,2026-10-22,494.0,0.0
BAT01159,MED005,DC007,2026-03-04,2026-10-22,494.0,0.0
BAT01160,MED005,DC008,2026-03-05,2026-10-23,494.0,0.0
BAT01161,MED007,DC004,2026-03-05,2027-01-29,625.0,0.0
BAT01162,MED008,DC005,2026-03-06,2027-01-28,1205.0,0.0
BAT01163,MED008,DC008,2026-03-05,2027-01-27,1205.0,0.0
BAT01164,MED009,DC002,2026-03-03,2027-03-04,1366.0,0.0
BAT01165,MED010,DC003,2026-03-03,2027-08-14,549.0,0.0
BAT01166,MED010,DC005,2026-03-06,2027-08-17,549.0,0.0
BAT01167,MED023,DC002,2026-03-03,2027-02-03,642.0,0.0
BAT01168,MED023,DC003,2026-03-03,2027-02-03,642.0,0.0
BAT01169,MED025,DC001,2026-03-04,2027-06-08,1266.0,0.0
BAT01170,MED025,DC008,2026-03-05,2027-06-09,1266.0,0.0
BAT01171,MED026,DC002,2026-03-03,2027-06-02,1028.0,0.0
BAT01172,MED031,DC002,2026-03-03,2026-10-17,346.0,0.0
BAT01173,MED034,DC001,2026-03-04,2027-04-24,1036.0,0.0
BAT01174,MED034,DC002,2026-03-03,2027-04-23,1036.0,0.0
BAT01175,MED034,DC006,2026-03-07,2027-04-27,1036.0,0.0
BAT01176,MED034,DC007,2026-03-04,2027-04-24,1036.0,0.0
BAT01177,MED035,DC007,2026-03-04,2026-09-25,466.0,0.0
BAT01178,MED038,DC005,2026-03-06,2027-08-24,1426.0,0.0
BAT01179,MED006,DC005,2026-03-07,2026-09-25,258.0,0.0
BAT01180,MED008,DC004,2026-03-06,2027-01-28,1205.0,0.0
BAT01181,MED009,DC008,2026-03-06,2027-03-07,1366.0,0.0
BAT01182,MED010,DC002,2026-03-04,2027-08-15,549.0,0.0
BAT01183,MED012,DC001,2026-03-05,2026-09-17,890.0,0.0
BAT01184,MED012,DC003,2026-03-04,2026-09-16,890.0,0.0
BAT01185,MED015,DC003,2026-03-04,2027-04-07,1245.0,0.0
BAT01186,MED026,DC001,2026-03-05,2027-06-04,1028.0,0.0
BAT01187,MED029,DC001,2026-03-05,2026-10-05,507.0,0.0
BAT01188,MED034,DC004,2026-03-06,2027-04-26,1036.0,0.0
BAT01189,MED037,DC005,2026-03-07,2026-09-04,1365.0,0.0
BAT01190,MED040,DC003,2026-03-04,2027-05-29,340.0,0.0
BAT01191,MED004,DC006,2026-03-09,2027-08-28,1309.0,0.0
BAT01192,MED005,DC006,2026-03-09,2026-10-27,494.0,0.0
BAT01193,MED008,DC006,2026-03-09,2027-01-31,1205.0,0.0
BAT01194,MED021,DC006,2026-03-09,2027-07-29,1413.0,0.0
BAT01195,MED023,DC005,2026-03-08,2027-02-08,642.0,0.0
BAT01196,MED038,DC006,2026-03-09,2027-08-27,1426.0,0.0
BAT01197,MED040,DC001,2026-03-06,2027-05-31,340.0,0.0
BAT01198,MED003,DC007,2026-03-07,2026-12-24,699.0,0.0
BAT01199,MED005,DC005,2026-03-09,2026-10-27,494.0,0.0
BAT01200,MED008,DC002,2026-03-06,2027-01-28,1205.0,0.0
BAT01201,MED009,DC006,2026-03-10,2027-03-11,1366.0,0.0
BAT01202,MED010,DC001,2026-03-07,2027-08-18,549.0,0.0
BAT01203,MED011,DC005,2026-03-09,2027-01-21,520.0,0.0
BAT01204,MED011,DC007,2026-03-07,2027-01-19,520.0,0.0
BAT01205,MED012,DC002,2026-03-06,2026-09-18,890.0,0.0
BAT01206,MED016,DC005,2026-03-09,2026-10-21,454.0,0.0
BAT01207,MED018,DC001,2026-03-07,2027-06-13,429.0,0.0
BAT01208,MED021,DC004,2026-03-08,2027-07-28,1413.0,0.0
BAT01209,MED021,DC005,2026-03-09,2027-07-29,1413.0,0.0
BAT01210,MED025,DC006,2026-03-10,2027-06-14,1266.0,0.0
BAT01211,MED027,DC001,2026-03-07,2027-05-25,899.0,0.0
BAT01212,MED027,DC004,2026-03-08,2027-05-26,899.0,0.0
BAT01213,MED030,DC002,2026-03-06,2026-12-20,350.0,0.0
BAT01214,MED032,DC004,2026-03-08,2026-10-01,413.0,0.0
BAT01215,MED033,DC004,2026-03-08,2027-01-09,442.0,0.0
BAT01216,MED034,DC003,2026-03-06,2027-04-26,1036.0,0.0
BAT01217,MED038,DC001,2026-03-07,2027-08-25,1426.0,0.0
BAT01218,MED038,DC003,2026-03-06,2027-08-24,1426.0,0.0
BAT01219,MED003,DC001,2026-03-08,2026-12-25,699.0,0.0
BAT01220,MED003,DC005,2026-03-10,2026-12-27,699.0,0.0
BAT01221,MED008,DC003,2026-03-07,2027-01-29,1205.0,0.0
BAT01222,MED009,DC003,2026-03-07,2027-03-08,1366.0,0.0
BAT01223,MED009,DC005,2026-03-10,2027-03-11,1366.0,0.0
BAT01224,MED011,DC001,2026-03-08,2027-01-20,520.0,0.0
BAT01225,MED011,DC002,2026-03-07,2027-01-19,520.0,0.0
BAT01226,MED015,DC004,2026-03-09,2027-04-12,1245.0,0.0
BAT01227,MED015,DC006,2026-03-11,2027-04-14,1245.0,0.0
BAT01228,MED015,DC008,2026-03-09,2027-04-12,1245.0,0.0
BAT01229,MED019,DC002,2026-03-07,2027-07-28,609.0,0.0
BAT01230,MED019,DC005,2026-03-10,2027-07-31,609.0,0.0
BAT01231,MED021,DC002,2026-03-07,2027-07-27,1413.0,0.0
BAT01232,MED021,DC003,2026-03-07,2027-07-27,1413.0,0.0
BAT01233,MED023,DC004,2026-03-09,2027-02-09,642.0,0.0
BAT01234,MED026,DC005,2026-03-10,2027-06-09,1028.0,0.0
BAT01235,MED026,DC007,2026-03-08,2027-06-07,1028.0,0.0
BAT01236,MED029,DC005,2026-03-10,2026-10-10,507.0,0.0
BAT01237,MED030,DC003,2026-03-07,2026-12-21,350.0,0.0
BAT01238,MED036,DC006,2026-03-11,2027-05-13,756.0,0.0
BAT01239,MED036,DC007,2026-03-08,2027-05-10,756.0,0.0
BAT01240,MED037,DC002,2026-03-07,2026-09-04,1365.0,0.0
BAT01241,MED037,DC006,2026-03-11,2026-09-08,1365.0,0.0
BAT01242,MED038,DC002,2026-03-07,2027-08-25,1426.0,0.0
BAT01243,MED004,DC004,2026-03-10,2027-08-29,1309.0,0.0
BAT01244,MED007,DC001,2026-03-09,2027-02-02,625.0,0.0
BAT01245,MED008,DC007,2026-03-09,2027-01-31,1205.0,0.0
BAT01246,MED009,DC001,2026-03-09,2027-03-10,1366.0,0.0
BAT01247,MED012,DC004,2026-03-10,2026-09-22,890.0,0.0
BAT01248,MED012,DC005,2026-03-11,2026-09-23,890.0,0.0
BAT01249,MED012,DC006,2026-03-12,2026-09-24,890.0,0.0
BAT01250,MED015,DC001,2026-03-09,2027-04-12,1245.0,0.0
BAT01251,MED016,DC004,2026-03-10,2026-10-22,454.0,0.0
BAT01252,MED021,DC001,2026-03-09,2027-07-29,1413.0,0.0
BAT01253,MED021,DC007,2026-03-09,2027-07-29,1413.0,0.0
BAT01254,MED023,DC006,2026-03-12,2027-02-12,642.0,0.0
BAT01255,MED024,DC008,2026-03-10,2027-05-12,344.0,0.0
BAT01256,MED026,DC003,2026-03-08,2027-06-07,1028.0,0.0
BAT01257,MED026,DC008,2026-03-10,2027-06-09,1028.0,0.0
BAT01258,MED035,DC005,2026-03-11,2026-10-02,466.0,0.0
BAT01259,MED036,DC004,2026-03-10,2027-05-12,756.0,0.0
BAT01260,MED037,DC008,2026-03-10,2026-09-07,1365.0,0.0
BAT01261,MED038,DC004,2026-03-10,2027-08-28,1426.0,0.0
BAT01262,MED038,DC008,2026-03-10,2027-08-28,1426.0,0.0
BAT01263,MED004,DC001,2026-03-10,2027-08-29,1309.0,0.0
BAT01264,MED004,DC002,2026-03-09,2027-08-28,1309.0,0.0
BAT01265,MED004,DC003,2026-03-09,2027-08-28,1309.0,0.0
BAT01266,MED004,DC007,2026-03-10,2027-08-29,1309.0,0.0
BAT01267,MED005,DC003,2026-03-09,2026-10-27,494.0,0.0
BAT01268,MED009,DC007,2026-03-10,2027-03-11,1366.0,0.0
BAT01269,MED014,DC003,2026-03-09,2027-01-18,437.0,0.0
BAT01270,MED014,DC008,2026-03-11,2027-01-20,437.0,0.0
BAT01271,MED015,DC005,2026-03-12,2027-04-15,1245.0,0.0
BAT01272,MED019,DC008,2026-03-11,2027-08-01,609.0,0.0
BAT01273,MED025,DC002,2026-03-09,2027-06-13,1266.0,0.0
BAT01274,MED025,DC003,2026-03-09,2027-06-13,1266.0,0.0
BAT01275,MED026,DC004,2026-03-11,2027-06-10,1028.0,0.0
BAT01276,MED026,DC006,2026-03-13,2027-06-12,1028.0,0.0
BAT01277,MED027,DC003,2026-03-09,2027-05-27,899.0,0.0
BAT01278,MED027,DC008,2026-03-11,2027-05-29,899.0,0.0
BAT01279,MED029,DC003,2026-03-09,2026-10-09,507.0,0.0
BAT01280,MED029,DC006,2026-03-13,2026-10-13,507.0,0.0
BAT01281,MED032,DC002,2026-03-09,2026-10-02,413.0,0.0
BAT01282,MED033,DC006,2026-03-13,2027-01-14,442.0,0.0
BAT01283,MED034,DC005,2026-03-12,2027-05-02,1036.0,0.0
BAT01284,MED036,DC001,2026-03-10,2027-05-12,756.0,0.0
BAT01285,MED037,DC003,2026-03-09,2026-09-06,1365.0,0.0
BAT01286,MED037,DC004,2026-03-11,2026-09-08,1365.0,0.0
BAT01287,MED038,DC007,2026-03-10,2027-08-28,1426.0,0.0
BAT01288,MED040,DC006,2026-03-13,2027-06-07,340.0,0.0
BAT01289,MED005,DC007,2026-03-11,2026-10-29,494.0,0.0
BAT01290,MED007,DC003,2026-03-10,2027-02-03,625.0,0.0
BAT01291,MED007,DC005,2026-03-13,2027-02-06,625.0,0.0
BAT01292,MED007,DC006,2026-03-14,2027-02-07,625.0,0.0
BAT01293,MED007,DC007,2026-03-11,2027-02-04,625.0,0.0
BAT01294,MED008,DC001,2026-03-11,2027-02-02,1205.0,0.0
BAT01295,MED010,DC005,2026-03-13,2027-08-24,549.0,0.0
BAT01296,MED012,DC008,2026-03-12,2026-09-24,890.0,0.0
BAT01297,MED013,DC008,2026-03-12,2027-02-16,361.0,0.0
BAT01298,MED014,DC004,2026-03-12,2027-01-21,437.0,0.0
BAT01299,MED015,DC002,2026-03-10,2027-04-13,1245.0,0.0
BAT01300,MED015,DC007,2026-03-11,2027-04-14,1245.0,0.0
BAT01301,MED019,DC001,2026-03-11,2027-08-01,609.0,0.0
BAT01302,MED021,DC008,2026-03-12,2027-08-01,1413.0,0.0
BAT01303,MED022,DC002,2026-03-10,2027-06-04,424.0,0.0
BAT01304,MED023,DC007,2026-03-11,2027-02-11,642.0,0.0
BAT01305,MED025,DC005,2026-03-13,2027-06-17,1266.0,0.0
BAT01306,MED025,DC007,2026-03-11,2027-06-15,1266.0,0.0
BAT01307,MED027,DC005,2026-03-13,2027-05-31,899.0,0.0
BAT01308,MED027,DC006,2026-03-14,2027-06-01,899.0,0.0
BAT01309,MED031,DC001,2026-03-11,2026-10-25,346.0,0.0
BAT01310,MED035,DC008,2026-03-12,2026-10-03,466.0,0.0
BAT01311,MED036,DC003,2026-03-10,2027-05-12,756.0,0.0
BAT01312,MED037,DC001,2026-03-11,2026-09-08,1365.0,0.0
BAT01313,MED002,DC004,2026-03-13,2027-07-14,219.0,0.0
BAT01314,MED003,DC004,2026-03-13,2026-12-30,699.0,0.0
BAT01315,MED003,DC008,2026-03-13,2026-12-30,699.0,0.0
BAT01316,MED007,DC004,2026-03-13,2027-02-06,625.0,0.0
BAT01317,MED007,DC008,2026-03-13,2027-02-06,625.0,0.0
BAT01318,MED009,DC004,2026-03-13,2027-03-14,1366.0,0.0
BAT01319,MED022,DC008,2026-03-13,2027-06-07,424.0,0.0
BAT01320,MED025,DC004,2026-03-13,2027-06-17,1266.0,0.0
BAT01321,MED034,DC001,2026-03-12,2027-05-02,1036.0,0.0
BAT01322,MED034,DC008,2026-03-13,2027-05-03,1036.0,0.0
BAT01323,MED035,DC001,2026-03-12,2026-10-03,466.0,0.0
BAT01324,MED036,DC008,2026-03-13,2027-05-15,756.0,0.0
BAT01325,MED037,DC007,2026-03-12,2026-09-09,1365.0,0.0
BAT01326,MED038,DC005,2026-03-14,2027-09-01,1426.0,0.0
BAT01327,MED003,DC006,2026-03-16,2027-01-02,699.0,0.0
BAT01328,MED004,DC005,2026-03-15,2027-09-03,1309.0,0.0
BAT01329,MED004,DC008,2026-03-14,2027-09-02,1309.0,0.0
BAT01330,MED005,DC008,2026-03-14,2026-11-01,494.0,0.0
BAT01331,MED008,DC005,2026-03-15,2027-02-06,1205.0,0.0
BAT01332,MED008,DC008,2026-03-14,2027-02-05,1205.0,0.0
BAT01333,MED009,DC002,2026-03-12,2027-03-13,1366.0,0.0
BAT01334,MED010,DC008,2026-03-14,2027-08-25,549.0,0.0
BAT01335,MED023,DC005,2026-03-15,2027-02-15,642.0,0.0
BAT01336,MED025,DC008,2026-03-14,2027-06-18,1266.0,0.0
BAT01337,MED028,DC002,2026-03-12,2027-06-18,349.0,0.0
BAT01338,MED029,DC002,2026-03-12,2026-10-12,507.0,0.0
BAT01339,MED031,DC002,2026-03-12,2026-10-26,346.0,0.0
BAT01340,MED031,DC006,2026-03-16,2026-10-30,346.0,0.0
BAT01341,MED034,DC002,2026-03-12,2027-05-02,1036.0,0.0
BAT01342,MED034,DC007,2026-03-13,2027-05-03,1036.0,0.0
BAT01343,MED005,DC005,2026-03-16,2026-11-03,494.0,0.0
BAT01344,MED005,DC006,2026-03-17,2026-11-04,494.0,0.0
BAT01345,MED006,DC005,2026-03-16,2026-10-04,258.0,0.0
BAT01346,MED008,DC002,2026-03-13,2027-02-04,1205.0,0.0
BAT01347,MED008,DC004,2026-03-15,2027-02-06,1205.0,0.0
BAT01348,MED008,DC006,2026-03-17,2027-02-08,1205.0,0.0
BAT01349,MED009,DC008,2026-03-15,2027-03-16,1366.0,0.0
BAT01350,MED010,DC004,2026-03-15,2027-08-26,549.0,0.0
BAT01351,MED010,DC006,2026-03-17,2027-08-28,549.0,0.0
BAT01352,MED012,DC003,2026-03-13,2026-09-25,890.0,0.0
BAT01353,MED012,DC007,2026-03-14,2026-09-26,890.0,0.0
BAT01354,MED014,DC005,2026-03-16,2027-01-25,437.0,0.0
BAT01355,MED014,DC007,2026-03-14,2027-01-23,437.0,0.0
BAT01356,MED015,DC003,2026-03-13,2027-04-16,1245.0,0.0
BAT01357,MED020,DC007,2026-03-14,2027-01-22,376.0,0.0
BAT01358,MED025,DC001,2026-03-14,2027-06-18,1266.0,0.0
BAT01359,MED026,DC002,2026-03-13,2027-06-12,1028.0,0.0
BAT01360,MED028,DC008,2026-03-15,2027-06-21,349.0,0.0
BAT01361,MED029,DC001,2026-03-14,2026-10-14,507.0,0.0
BAT01362,MED034,DC004,2026-03-15,2027-05-05,1036.0,0.0
BAT01363,MED034,DC006,2026-03-17,2027-05-07,1036.0,0.0
BAT01364,MED035,DC004,2026-03-15,2026-10-06,466.0,0.0
BAT01365,MED036,DC005,2026-03-16,2027-05-18,756.0,0.0
BAT01366,MED037,DC005,2026-03-16,2026-09-13,1365.0,0.0
BAT01367,MED038,DC006,2026-03-17,2027-09-04,1426.0,0.0
BAT01368,MED040,DC001,2026-03-14,2027-06-08,340.0,0.0
BAT01369,MED002,DC001,2026-03-15,2027-07-16,219.0,0.0
BAT01370,MED004,DC006,2026-03-18,2027-09-06,1309.0,0.0
BAT01371,MED005,DC001,2026-03-15,2026-11-02,494.0,0.0
BAT01372,MED005,DC002,2026-03-14,2026-11-01,494.0,0.0
BAT01373,MED006,DC008,2026-03-16,2026-10-04,258.0,0.0
BAT01374,MED007,DC002,2026-03-14,2027-02-07,625.0,0.0
BAT01375,MED009,DC006,2026-03-18,2027-03-19,1366.0,0.0
BAT01376,MED012,DC001,2026-03-15,2026-09-27,890.0,0.0
BAT01377,MED016,DC005,2026-03-17,2026-10-29,454.0,0.0
BAT01378,MED020,DC001,2026-03-15,2027-01-23,376.0,0.0
BAT01379,MED021,DC004,2026-03-16,2027-08-05,1413.0,0.0
BAT01380,MED021,DC006,2026-03-18,2027-08-07,1413.0,0.0
BAT01381,MED023,DC001,2026-03-15,2027-02-15,642.0,0.0
BAT01382,MED023,DC003,2026-03-14,2027-02-14,642.0,0.0
BAT01383,MED025,DC006,2026-03-18,2027-06-22,1266.0,0.0
BAT01384,MED026,DC001,2026-03-15,2027-06-14,1028.0,0.0
BAT01385,MED027,DC004,2026-03-16,2027-06-03,899.0,0.0
BAT01386,MED034,DC003,2026-03-14,2027-05-04,1036.0,0.0
BAT01387,MED036,DC002,2026-03-14,2027-05-16,756.0,0.0
BAT01388,MED038,DC001,2026-03-15,2027-09-02,1426.0,0.0
BAT01389,MED038,DC003,2026-03-14,2027-09-01,1426.0,0.0
BAT01390,MED040,DC003,2026-03-14,2027-06-08,340.0,0.0
BAT01391,MED003,DC003,2026-03-15,2027-01-01,699.0,0.0
BAT01392,MED003,DC007,2026-03-16,2027-01-02,699.0,0.0
BAT01393,MED008,DC003,2026-03-15,2027-02-06,1205.0,0.0
BAT01394,MED009,DC003,2026-03-15,2027-03-16,1366.0,0.0
BAT01395,MED010,DC001,2026-03-16,2027-08-27,549.0,0.0
BAT01396,MED010,DC003,2026-03-15,2027-08-26,549.0,0.0
BAT01397,MED011,DC005,2026-03-18,2027-01-30,520.0,0.0
BAT01398,MED011,DC007,2026-03-16,2027-01-28,520.0,0.0
BAT01399,MED012,DC002,2026-03-15,2026-09-27,890.0,0.0
BAT01400,MED016,DC003,2026-03-15,2026-10-27,454.0,0.0
BAT01401,MED018,DC001,2026-03-16,2027-06-22,429.0,0.0
BAT01402,MED021,DC003,2026-03-15,2027-08-04,1413.0,0.0
BAT01403,MED021,DC005,2026-03-18,2027-08-07,1413.0,0.0
BAT01404,MED023,DC002,2026-03-15,2027-02-15,642.0,0.0
BAT01405,MED026,DC007,2026-03-16,2027-06-15,1028.0,0.0
BAT01406,MED027,DC001,2026-03-16,2027-06-03,899.0,0.0
BAT01407,MED027,DC007,2026-03-16,2027-06-03,899.0,0.0
BAT01408,MED029,DC005,2026-03-18,2026-10-18,507.0,0.0
BAT01409,MED030,DC003,2026-03-15,2026-12-29,350.0,0.0
BAT01410,MED033,DC004,2026-03-17,2027-01-18,442.0,0.0
BAT01411,MED035,DC007,2026-03-16,2026-10-07,466.0,0.0
BAT01412,MED037,DC002,2026-03-15,2026-09-12,1365.0,0.0
BAT01413,MED037,DC006,2026-03-19,2026-09-16,1365.0,0.0
BAT01414,MED039,DC004,2026-03-17,2027-06-17,314.0,0.0
BAT01415,MED003,DC001,2026-03-17,2027-01-03,699.0,0.0
BAT01416,MED003,DC005,2026-03-19,2027-01-05,699.0,0.0
BAT01417,MED009,DC001,2026-03-17,2027-03-18,1366.0,0.0
BAT01418,MED009,DC005,2026-03-19,2027-03-20,1366.0,0.0
BAT01419,MED012,DC005,2026-03-19,2026-10-01,890.0,0.0
BAT01420,MED015,DC004,2026-03-18,2027-04-21,1245.0,0.0
BAT01421,MED015,DC006,2026-03-20,2027-04-23,1245.0,0.0
BAT01422,MED015,DC008,2026-03-18,2027-04-21,1245.0,0.0
BAT01423,MED021,DC002,2026-03-16,2027-08-05,1413.0,0.0
BAT01424,MED021,DC007,2026-03-17,2027-08-06,1413.0,0.0
BAT01425,MED023,DC006,2026-03-20,2027-02-20,642.0,0.0
BAT01426,MED023,DC008,2026-03-18,2027-02-18,642.0,0.0
BAT01427,MED024,DC008,2026-03-18,2027-05-20,344.0,0.0
BAT01428,MED026,DC003,2026-03-16,2027-06-15,1028.0,0.0
BAT01429,MED026,DC005,2026-03-19,2027-06-18,1028.0,0.0
BAT01430,MED029,DC008,2026-03-18,2026-10-18,507.0,0.0
BAT01431,MED030,DC002,2026-03-16,2026-12-30,350.0,0.0
BAT01432,MED032,DC004,2026-03-18,2026-10-11,413.0,0.0
BAT01433,MED036,DC006,2026-03-20,2027-05-22,756.0,0.0
BAT01434,MED037,DC003,2026-03-16,2026-09-13,1365.0,0.0
BAT01435,MED037,DC008,2026-03-18,2026-09-15,1365.0,0.0
BAT01436,MED038,DC002,2026-03-16,2027-09-03,1426.0,0.0
BAT01437,MED038,DC008,2026-03-18,2027-09-05,1426.0,0.0
BAT01438,MED003,DC002,2026-03-17,2027-01-03,699.0,0.0
BAT01439,MED004,DC002,2026-03-17,2027-09-05,1309.0,0.0
BAT01440,MED004,DC004,2026-03-19,2027-09-07,1309.0,0.0
BAT01441,MED004,DC007,2026-03-18,2027-09-06,1309.0,0.0
BAT01442,MED007,DC001,2026-03-18,2027-02-11,625.0,0.0
BAT01443,MED008,DC001,2026-03-18,2027-02-09,1205.0,0.0
BAT01444,MED008,DC007,2026-03-18,2027-02-09,1205.0,0.0
BAT01445,MED010,DC005,2026-03-20,2027-08-31,549.0,0.0
BAT01446,MED011,DC001,2026-03-18,2027-01-30,520.0,0.0
BAT01447,MED011,DC002,2026-03-17,2027-01-29,520.0,0.0
BAT01448,MED012,DC006,2026-03-21,2026-10-03,890.0,0.0
BAT01449,MED013,DC001,2026-03-18,2027-02-22,361.0,0.0
BAT01450,MED015,DC001,2026-03-18,2027-04-21,1245.0,0.0
BAT01451,MED018,DC006,2026-03-21,2027-06-27,429.0,0.0
BAT01452,MED019,DC005,2026-03-20,2027-08-10,609.0,0.0
BAT01453,MED019,DC006,2026-03-21,2027-08-11,609.0,0.0
BAT01454,MED019,DC008,2026-03-19,2027-08-09,609.0,0.0
BAT01455,MED021,DC001,2026-03-18,2027-08-07,1413.0,0.0
BAT01456,MED023,DC004,2026-03-19,2027-02-19,642.0,0.0
BAT01457,MED025,DC002,2026-03-17,2027-06-21,1266.0,0.0
BAT01458,MED025,DC003,2026-03-17,2027-06-21,1266.0,0.0
BAT01459,MED026,DC008,2026-03-19,2027-06-18,1028.0,0.0
BAT01460,MED027,DC002,2026-03-17,2027-06-04,899.0,0.0
BAT01461,MED027,DC008,2026-03-19,2027-06-06,899.0,0.0
BAT01462,MED028,DC007,2026-03-18,2027-06-24,349.0,0.0
BAT01463,MED029,DC003,2026-03-17,2026-10-17,507.0,0.0
BAT01464,MED029,DC006,2026-03-21,2026-10-21,507.0,0.0
BAT01465,MED032,DC001,2026-03-18,2026-10-11,413.0,0.0
BAT01466,MED032,DC003,2026-03-17,2026-10-10,413.0,0.0
BAT01467,MED035,DC005,2026-03-20,2026-10-11,466.0,0.0
BAT01468,MED036,DC007,2026-03-18,2027-05-20,756.0,0.0
BAT01469,MED037,DC004,2026-03-19,2026-09-16,1365.0,0.0
BAT01470,MED038,DC004,2026-03-19,2027-09-06,1426.0,0.0
BAT01471,MED004,DC003,2026-03-18,2027-09-06,1309.0,0.0
BAT01472,MED005,DC003,2026-03-18,2026-11-05,494.0,0.0
BAT01473,MED007,DC003,2026-03-18,2027-02-11,625.0,0.0
BAT01474,MED007,DC007,2026-03-19,2027-02-12,625.0,0.0
BAT01475,MED009,DC007,2026-03-19,2027-03-20,1366.0,0.0
BAT01476,MED014,DC003,2026-03-18,2027-01-27,437.0,0.0
BAT01477,MED014,DC008,2026-03-20,2027-01-29,437.0,0.0
BAT01478,MED015,DC002,2026-03-18,2027-04-21,1245.0,0.0
BAT01479,MED015,DC005,2026-03-21,2027-04-24,1245.0,0.0
BAT01480,MED016,DC004,2026-03-20,2026-11-01,454.0,0.0
BAT01481,MED019,DC002,2026-03-18,2027-08-08,609.0,0.0
BAT01482,MED026,DC004,2026-03-20,2027-06-19,1028.0,0.0
BAT01483,MED027,DC003,2026-03-18,2027-06-05,899.0,0.0
BAT01484,MED032,DC002,2026-03-18,2026-10-11,413.0,0.0
BAT01485,MED033,DC006,2026-03-22,2027-01-23,442.0,0.0
BAT01486,MED034,DC005,2026-03-21,2027-05-11,1036.0,0.0
BAT01487,MED037,DC001,2026-03-19,2026-09-16,1365.0,0.0
BAT01488,MED004,DC001,2026-03-20,2027-09-08,1309.0,0.0
BAT01489,MED006,DC004,2026-03-21,2026-10-09,258.0,0.0
BAT01490,MED007,DC006,2026-03-23,2027-02-16,625.0,0.0
BAT01491,MED014,DC004,2026-03-21,2027-01-30,437.0,0.0
BAT01492,MED018,DC005,2026-03-22,2027-06-28,429.0,0.0
BAT01493,MED021,DC008,2026-03-21,2027-08-10,1413.0,0.0
BAT01494,MED023,DC005,2026-03-22,2027-02-22,642.0,0.0
BAT01495,MED025,DC007,2026-03-20,2027-06-24,1266.0,0.0
BAT01496,MED027,DC006,2026-03-23,2027-06-10,899.0,0.0
BAT01497,MED028,DC005,2026-03-22,2027-06-28,349.0,0.0
BAT01498,MED029,DC002,2026-03-19,2026-10-19,507.0,0.0
BAT01499,MED031,DC001,2026-03-20,2026-11-03,346.0,0.0
BAT01500,MED034,DC001,2026-03-20,2027-05-10,1036.0,0.0
BAT01501,MED038,DC007,2026-03-20,2027-09-07,1426.0,0.0
BAT01502,MED002,DC004,2026-03-22,2027-07-23,219.0,0.0
BAT01503,MED003,DC004,2026-03-22,2027-01-08,699.0,0.0
BAT01504,MED003,DC008,2026-03-22,2027-01-08,699.0,0.0
BAT01505,MED005,DC005,2026-03-23,2026-11-10,494.0,0.0
BAT01506,MED007,DC004,2026-03-22,2027-02-15,625.0,0.0
BAT01507,MED007,DC005,2026-03-23,2027-02-16,625.0,0.0
BAT01508,MED009,DC002,2026-03-20,2027-03-21,1366.0,0.0
BAT01509,MED009,DC004,2026-03-22,2027-03-23,1366.0,0.0
BAT01510,MED010,DC004,2026-03-22,2027-09-02,549.0,0.0
BAT01511,MED010,DC008,2026-03-22,2027-09-02,549.0,0.0
BAT01512,MED011,DC006,2026-03-24,2027-02-05,520.0,0.0
BAT01513,MED012,DC004,2026-03-22,2026-10-04,890.0,0.0
BAT01514,MED012,DC008,2026-03-22,2026-10-04,890.0,0.0
BAT01515,MED013,DC003,2026-03-20,2027-02-24,361.0,0.0
BAT01516,MED015,DC003,2026-03-20,2027-04-23,1245.0,0.0
BAT01517,MED015,DC007,2026-03-21,2027-04-24,1245.0,0.0
BAT01518,MED018,DC008,2026-03-22,2027-06-28,429.0,0.0
BAT01519,MED020,DC002,2026-03-20,2027-01-28,376.0,0.0
BAT01520,MED025,DC004,2026-03-22,2027-06-26,1266.0,0.0
BAT01521,MED025,DC005,2026-03-23,2027-06-27,1266.0,0.0
BAT01522,MED025,DC008,2026-03-22,2027-06-26,1266.0,0.0
BAT01523,MED026,DC006,2026-03-24,2027-06-23,1028.0,0.0
BAT01524,MED027,DC005,2026-03-23,2027-06-10,899.0,0.0
BAT01525,MED029,DC001,2026-03-21,2026-10-21,507.0,0.0
BAT01526,MED030,DC005,2026-03-23,2027-01-06,350.0,0.0
BAT01527,MED030,DC008,2026-03-22,2027-01-05,350.0,0.0
BAT01528,MED031,DC002,2026-03-20,2026-11-03,346.0,0.0
BAT01529,MED034,DC002,2026-03-20,2027-05-10,1036.0,0.0
BAT01530,MED034,DC008,2026-03-22,2027-05-12,1036.0,0.0
BAT01531,MED035,DC002,2026-03-20,2026-10-11,466.0,0.0
BAT01532,MED036,DC001,2026-03-21,2027-05-23,756.0,0.0
BAT01533,MED036,DC004,2026-03-22,2027-05-24,756.0,0.0
BAT01534,MED037,DC007,2026-03-21,2026-09-18,1365.0,0.0
BAT01535,MED038,DC005,2026-03-23,2027-09-10,1426.0,0.0
BAT01536,MED002,DC002,2026-03-21,2027-07-22,219.0,0.0
BAT01537,MED003,DC006,2026-03-25,2027-01-11,699.0,0.0
BAT01538,MED004,DC005,2026-03-24,2027-09-12,1309.0,0.0
BAT01539,MED004,DC008,2026-03-23,2027-09-11,1309.0,0.0
BAT01540,MED005,DC007,2026-03-22,2026-11-09,494.0,0.0
BAT01541,MED006,DC005,2026-03-24,2026-10-12,258.0,0.0
BAT01542,MED007,DC008,2026-03-23,2027-02-16,625.0,0.0
BAT01543,MED008,DC002,2026-03-21,2027-02-12,1205.0,0.0
BAT01544,MED008,DC005,2026-03-24,2027-02-15,1205.0,0.0
BAT01545,MED008,DC008,2026-03-23,2027-02-14,1205.0,0.0
BAT01546,MED010,DC002,2026-03-21,2027-09-01,549.0,0.0
BAT01547,MED010,DC007,2026-03-22,2027-09-02,549.0,0.0
BAT01548,MED013,DC007,2026-03-22,2027-02-26,361.0,0.0
BAT01549,MED013,DC008,2026-03-23,2027-02-27,361.0,0.0
BAT01550,MED019,DC001,2026-03-22,2027-08-12,609.0,0.0
BAT01551,MED022,DC002,2026-03-21,2027-06-15,424.0,0.0
BAT01552,MED023,DC007,2026-03-22,2027-02-22,642.0,0.0
BAT01553,MED025,DC001,2026-03-22,2027-06-26,1266.0,0.0
BAT01554,MED026,DC002,2026-03-21,2027-06-20,1028.0,0.0
BAT01555,MED029,DC007,2026-03-22,2026-10-22,507.0,0.0
BAT01556,MED031,DC006,2026-03-25,2026-11-08,346.0,0.0
BAT01557,MED034,DC003,2026-03-21,2027-05-11,1036.0,0.0
BAT01558,MED034,DC006,2026-03-25,2027-05-15,1036.0,0.0
BAT01559,MED034,DC007,2026-03-22,2027-05-12,1036.0,0.0
BAT01560,MED035,DC001,2026-03-22,2026-10-13,466.0,0.0
BAT01561,MED035,DC004,2026-03-23,2026-10-14,466.0,0.0
BAT01562,MED035,DC008,2026-03-23,2026-10-14,466.0,0.0
BAT01563,MED038,DC006,2026-03-25,2027-09-12,1426.0,0.0
BAT01564,MED002,DC001,2026-03-23,2027-07-24,219.0,0.0
BAT01565,MED004,DC006,2026-03-26,2027-09-14,1309.0,0.0
BAT01566,MED005,DC008,2026-03-24,2026-11-11,494.0,0.0
BAT01567,MED006,DC008,2026-03-24,2026-10-12,258.0,0.0
BAT01568,MED008,DC003,2026-03-22,2027-02-13,1205.0,0.0
BAT01569,MED008,DC004,2026-03-24,2027-02-15,1205.0,0.0
BAT01570,MED008,DC006,2026-03-26,2027-02-17,1205.0,0.0
BAT01571,MED009,DC003,2026-03-22,2027-03-23,1366.0,0.0
BAT01572,MED009,DC008,2026-03-24,2027-03-25,1366.0,0.0
BAT01573,MED010,DC006,2026-03-26,2027-09-06,549.0,0.0
BAT01574,MED011,DC008,2026-03-24,2027-02-05,520.0,0.0
BAT01575,MED014,DC005,2026-03-25,2027-02-03,437.0,0.0
BAT01576,MED014,DC007,2026-03-23,2027-02-01,437.0,0.0
BAT01577,MED020,DC007,2026-03-23,2027-01-31,376.0,0.0
BAT01578,MED022,DC001,2026-03-23,2027-06-17,424.0,0.0
BAT01579,MED022,DC008,2026-03-24,2027-06-18,424.0,0.0
BAT01580,MED023,DC001,2026-03-23,2027-02-23,642.0,0.0
BAT01581,MED025,DC006,2026-03-26,2027-06-30,1266.0,0.0
BAT01582,MED026,DC001,2026-03-23,2027-06-22,1028.0,0.0
BAT01583,MED028,DC002,2026-03-22,2027-06-28,349.0,0.0
BAT01584,MED031,DC007,2026-03-23,2026-11-06,346.0,0.0
BAT01585,MED033,DC004,2026-03-24,2027-01-25,442.0,0.0
BAT01586,MED034,DC004,2026-03-24,2027-05-14,1036.0,0.0
BAT01587,MED035,DC003,2026-03-22,2026-10-13,466.0,0.0
BAT01588,MED036,DC003,2026-03-22,2027-05-24,756.0,0.0
BAT01589,MED036,DC008,2026-03-24,2027-05-26,756.0,0.0
BAT01590,MED037,DC005,2026-03-25,2026-09-22,1365.0,0.0
BAT01591,MED038,DC003,2026-03-22,2027-09-09,1426.0,0.0
BAT01592,MED040,DC006,2026-03-26,2027-06-20,340.0,0.0
BAT01593,MED005,DC002,2026-03-23,2026-11-10,494.0,0.0
BAT01594,MED005,DC004,2026-03-25,2026-11-12,494.0,0.0
BAT01595,MED005,DC006,2026-03-27,2026-11-14,494.0,0.0
BAT01596,MED007,DC002,2026-03-23,2027-02-16,625.0,0.0
BAT01597,MED009,DC001,2026-03-24,2027-03-25,1366.0,0.0
BAT01598,MED009,DC006,2026-03-27,2027-03-28,1366.0,0.0
BAT01599,MED011,DC007,2026-03-24,2027-02-05,520.0,0.0
BAT01600,MED012,DC002,2026-03-23,2026-10-05,890.0,0.0
BAT01601,MED012,DC005,2026-03-26,2026-10-08,890.0,0.0
BAT01602,MED016,DC005,2026-03-26,2026-11-07,454.0,0.0
BAT01603,MED016,DC007,2026-03-24,2026-11-05,454.0,0.0
BAT01604,MED018,DC001,2026-03-24,2027-06-30,429.0,0.0
BAT01605,MED018,DC004,2026-03-25,2027-07-01,429.0,0.0
BAT01606,MED021,DC003,2026-03-23,2027-08-12,1413.0,0.0
BAT01607,MED021,DC004,2026-03-25,2027-08-14,1413.0,0.0
BAT01608,MED021,DC005,2026-03-26,2027-08-15,1413.0,0.0
BAT01609,MED021,DC006,2026-03-27,2027-08-16,1413.0,0.0
BAT01610,MED024,DC008,2026-03-25,2027-05-27,344.0,0.0
BAT01611,MED027,DC004,2026-03-25,2027-06-12,899.0,0.0
BAT01612,MED029,DC004,2026-03-25,2026-10-25,507.0,0.0
BAT01613,MED036,DC005,2026-03-26,2027-05-28,756.0,0.0
BAT01614,MED037,DC003,2026-03-23,2026-09-20,1365.0,0.0
BAT01615,MED038,DC001,2026-03-24,2027-09-11,1426.0,0.0
BAT01616,MED040,DC001,2026-03-24,2027-06-18,340.0,0.0
BAT01617,MED040,DC008,2026-03-25,2027-06-19,340.0,0.0
BAT01618,MED003,DC001,2026-03-25,2027-01-11,699.0,0.0
BAT01619,MED003,DC003,2026-03-24,2027-01-10,699.0,0.0
BAT01620,MED003,DC007,2026-03-25,2027-01-11,699.0,0.0
BAT01621,MED005,DC001,2026-03-25,2026-11-12,494.0,0.0
BAT01622,MED009,DC005,2026-03-27,2027-03-28,1366.0,0.0
BAT01623,MED010,DC003,2026-03-24,2027-09-04,549.0,0.0
BAT01624,MED012,DC001,2026-03-25,2026-10-07,890.0,0.0
BAT01625,MED012,DC003,2026-03-24,2026-10-06,890.0,0.0
BAT01626,MED013,DC002,2026-03-24,2027-02-28,361.0,0.0
BAT01627,MED015,DC004,2026-03-26,2027-04-29,1245.0,0.0
BAT01628,MED015,DC008,2026-03-26,2027-04-29,1245.0,0.0
BAT01629,MED016,DC008,2026-03-26,2026-11-07,454.0,0.0
BAT01630,MED020,DC001,2026-03-25,2027-02-02,376.0,0.0
BAT01631,MED022,DC006,2026-03-28,2027-06-22,424.0,0.0
BAT01632,MED022,DC007,2026-03-25,2027-06-19,424.0,0.0
BAT01633,MED023,DC002,2026-03-24,2027-02-24,642.0,0.0
BAT01634,MED023,DC003,2026-03-24,2027-02-24,642.0,0.0
BAT01635,MED026,DC005,2026-03-27,2027-06-26,1028.0,0.0
BAT01636,MED027,DC001,2026-03-25,2027-06-12,899.0,0.0
BAT01637,MED027,DC007,2026-03-25,2027-06-12,899.0,0.0
BAT01638,MED028,DC008,2026-03-26,2027-07-02,349.0,0.0
BAT01639,MED029,DC005,2026-03-27,2026-10-27,507.0,0.0
BAT01640,MED030,DC007,2026-03-25,2027-01-08,350.0,0.0
BAT01641,MED032,DC004,2026-03-26,2026-10-19,413.0,0.0
BAT01642,MED032,DC005,2026-03-27,2026-10-20,413.0,0.0
BAT01643,MED033,DC002,2026-03-24,2027-01-25,442.0,0.0
BAT01644,MED033,DC007,2026-03-25,2027-01-26,442.0,0.0
BAT01645,MED037,DC002,2026-03-24,2026-09-21,1365.0,0.0
BAT01646,MED037,DC006,2026-03-28,2026-09-25,1365.0,0.0
BAT01647,MED040,DC003,2026-03-24,2027-06-18,340.0,0.0
BAT01648,MED040,DC005,2026-03-27,2027-06-21,340.0,0.0
BAT01649,MED007,DC001,2026-03-26,2027-02-19,625.0,0.0
BAT01650,MED008,DC001,2026-03-26,2027-02-17,1205.0,0.0
BAT01651,MED010,DC001,2026-03-26,2027-09-06,549.0,0.0
BAT01652,MED015,DC001,2026-03-26,2027-04-29,1245.0,0.0
BAT01653,MED015,DC006,2026-03-29,2027-05-02,1245.0,0.0
BAT01654,MED016,DC003,2026-03-25,2026-11-06,454.0,0.0
BAT01655,MED017,DC001,2026-03-26,2027-07-24,292.0,0.0
BAT01656,MED021,DC007,2026-03-26,2027-08-15,1413.0,0.0
BAT01657,MED023,DC006,2026-03-29,2027-03-01,642.0,0.0
BAT01658,MED026,DC003,2026-03-25,2027-06-24,1028.0,0.0
BAT01659,MED026,DC007,2026-03-26,2027-06-25,1028.0,0.0
BAT01660,MED029,DC008,2026-03-27,2026-10-27,507.0,0.0
BAT01661,MED030,DC003,2026-03-25,2027-01-08,350.0,0.0
BAT01662,MED033,DC008,2026-03-27,2027-01-28,442.0,0.0
BAT01663,MED037,DC001,2026-03-26,2026-09-23,1365.0,0.0
BAT01664,MED038,DC004,2026-03-27,2027-09-14,1426.0,0.0
BAT01665,MED038,DC008,2026-03-27,2027-09-14,1426.0,0.0
BAT01666,MED003,DC002,2026-03-26,2027-01-12,699.0,0.0
BAT01667,MED003,DC005,2026-03-29,2027-01-15,699.0,0.0
BAT01668,MED004,DC004,2026-03-28,2027-09-16,1309.0,0.0
BAT01669,MED004,DC007,2026-03-27,2027-09-15,1309.0,0.0
BAT01670,MED008,DC007,2026-03-27,2027-02-18,1205.0,0.0
BAT01671,MED009,DC007,2026-03-27,2027-03-28,1366.0,0.0
BAT01672,MED010,DC005,2026-03-29,2027-09-09,549.0,0.0
BAT01673,MED011,DC005,2026-03-29,2027-02-10,520.0,0.0
BAT01674,MED012,DC004,2026-03-28,2026-10-10,890.0,0.0
BAT01675,MED014,DC001,2026-03-27,2027-02-05,437.0,0.0
BAT01676,MED014,DC003,2026-03-26,2027-02-04,437.0,0.0
BAT01677,MED018,DC006,2026-03-30,2027-07-06,429.0,0.0
BAT01678,MED023,DC005,2026-03-29,2027-03-01,642.0,0.0
BAT01679,MED023,DC008,2026-03-28,2027-02-28,642.0,0.0
BAT01680,MED024,DC002,2026-03-26,2027-05-28,344.0,0.0
BAT01681,MED026,DC008,2026-03-28,2027-06-27,1028.0,0.0
BAT01682,MED027,DC002,2026-03-26,2027-06-13,899.0,0.0
BAT01683,MED029,DC003,2026-03-26,2026-10-26,507.0,0.0
BAT01684,MED032,DC001,2026-03-27,2026-10-20,413.0,0.0
BAT01685,MED033,DC006,2026-03-30,2027-01-31,442.0,0.0
BAT01686,MED034,DC001,2026-03-27,2027-05-17,1036.0,0.0
BAT01687,MED036,DC002,2026-03-26,2027-05-28,756.0,0.0
BAT01688,MED037,DC004,2026-03-28,2026-09-25,1365.0,0.0
BAT01689,MED037,DC008,2026-03-28,2026-09-25,1365.0,0.0
BAT01690,MED038,DC002,2026-03-26,2027-09-13,1426.0,0.0
BAT01691,MED039,DC004,2026-03-28,2027-06-28,314.0,0.0
BAT01692,MED001,DC006,2026-03-31,2026-11-18,215.0,0.0
BAT01693,MED003,DC008,2026-03-29,2027-01-15,699.0,0.0
BAT01694,MED004,DC002,2026-03-27,2027-09-15,1309.0,0.0
BAT01695,MED004,DC003,2026-03-27,2027-09-15,1309.0,0.0
BAT01696,MED007,DC006,2026-03-31,2027-02-24,625.0,0.0
BAT01697,MED007,DC007,2026-03-28,2027-02-21,625.0,0.0
BAT01698,MED009,DC002,2026-03-27,2027-03-28,1366.0,0.0
BAT01699,MED012,DC006,2026-03-31,2026-10-13,890.0,0.0
BAT01700,MED013,DC001,2026-03-28,2027-03-04,361.0,0.0
BAT01701,MED015,DC002,2026-03-27,2027-04-30,1245.0,0.0
BAT01702,MED015,DC005,2026-03-30,2027-05-03,1245.0,0.0
BAT01703,MED016,DC006,2026-03-31,2026-11-12,454.0,0.0
BAT01704,MED018,DC008,2026-03-29,2027-07-05,429.0,0.0
BAT01705,MED019,DC005,2026-03-30,2027-08-20,609.0,0.0
BAT01706,MED019,DC006,2026-03-31,2027-08-21,609.0,0.0
BAT01707,MED019,DC007,2026-03-28,2027-08-18,609.0,0.0
BAT01708,MED021,DC001,2026-03-28,2027-08-17,1413.0,0.0
BAT01709,MED021,DC002,2026-03-27,2027-08-16,1413.0,0.0
BAT01710,MED022,DC004,2026-03-29,2027-06-23,424.0,0.0
BAT01711,MED025,DC002,2026-03-27,2027-07-01,1266.0,0.0
BAT01712,MED025,DC003,2026-03-27,2027-07-01,1266.0,0.0
BAT01713,MED026,DC004,2026-03-29,2027-06-28,1028.0,0.0
BAT01714,MED027,DC003,2026-03-27,2027-06-14,899.0,0.0
BAT01715,MED027,DC008,2026-03-29,2027-06-16,899.0,0.0
BAT01716,MED029,DC001,2026-03-28,2026-10-28,507.0,0.0
BAT01717,MED029,DC002,2026-03-27,2026-10-27,507.0,0.0
BAT01718,MED029,DC006,2026-03-31,2026-10-31,507.0,0.0
BAT01719,MED032,DC003,2026-03-27,2026-10-20,413.0,0.0
BAT01720,MED034,DC002,2026-03-27,2027-05-17,1036.0,0.0
BAT01721,MED034,DC005,2026-03-30,2027-05-20,1036.0,0.0
BAT01722,MED036,DC006,2026-03-31,2027-06-02,756.0,0.0
BAT01723,MED039,DC001,2026-03-28,2027-06-28,314.0,0.0
BAT01724,MED001,DC007,2026-03-29,2026-11-16,215.0,0.0
BAT01725,MED002,DC004,2026-03-30,2027-07-31,219.0,0.0
BAT01726,MED004,DC001,2026-03-29,2027-09-17,1309.0,0.0
BAT01727,MED005,DC005,2026-03-31,2026-11-18,494.0,0.0
BAT01728,MED006,DC004,2026-03-30,2026-10-18,258.0,0.0
BAT01729,MED006,DC005,2026-03-31,2026-10-19,258.0,0.0
BAT01730,MED007,DC003,2026-03-28,2027-02-21,625.0,0.0
BAT01731,MED011,DC001,2026-03-29,2027-02-10,520.0,0.0
BAT01732,MED011,DC002,2026-03-28,2027-02-09,520.0,0.0
BAT01733,MED014,DC002,2026-03-28,2027-02-06,437.0,0.0
BAT01734,MED014,DC004,2026-03-30,2027-02-08,437.0,0.0
BAT01735,MED014,DC008,2026-03-30,2027-02-08,437.0,0.0
BAT01736,MED015,DC003,2026-03-28,2027-05-01,1245.0,0.0
BAT01737,MED015,DC007,2026-03-29,2027-05-02,1245.0,0.0
BAT01738,MED016,DC004,2026-03-30,2026-11-11,454.0,0.0
BAT01739,MED018,DC005,2026-03-31,2027-07-07,429.0,0.0
BAT01740,MED018,DC007,2026-03-29,2027-07-05,429.0,0.0
BAT01741,MED019,DC002,2026-03-28,2027-08-18,609.0,0.0
BAT01742,MED019,DC008,2026-03-30,2027-08-20,609.0,0.0
BAT01743,MED023,DC004,2026-03-30,2027-03-02,642.0,0.0
BAT01744,MED024,DC004,2026-03-30,2027-06-01,344.0,0.0
BAT01745,MED025,DC005,2026-03-31,2027-07-05,1266.0,0.0
BAT01746,MED025,DC007,2026-03-29,2027-07-03,1266.0,0.0
BAT01747,MED026,DC006,2026-04-01,2027-07-01,1028.0,0.0
BAT01748,MED027,DC005,2026-03-31,2027-06-18,899.0,0.0
BAT01749,MED027,DC006,2026-04-01,2027-06-19,899.0,0.0
BAT01750,MED030,DC002,2026-03-28,2027-01-11,350.0,0.0
BAT01751,MED030,DC005,2026-03-31,2027-01-14,350.0,0.0
BAT01752,MED030,DC008,2026-03-30,2027-01-13,350.0,0.0
BAT01753,MED031,DC001,2026-03-29,2026-11-12,346.0,0.0
BAT01754,MED031,DC002,2026-03-28,2026-11-11,346.0,0.0
BAT01755,MED031,DC005,2026-03-31,2026-11-14,346.0,0.0
BAT01756,MED032,DC002,2026-03-28,2026-10-21,413.0,0.0
BAT01757,MED033,DC005,2026-03-31,2027-02-01,442.0,0.0
BAT01758,MED035,DC005,2026-03-31,2026-10-22,466.0,0.0
BAT01759,MED035,DC007,2026-03-29,2026-10-20,466.0,0.0
BAT01760,MED038,DC007,2026-03-29,2027-09-16,1426.0,0.0
BAT01761,MED002,DC002,2026-03-29,2027-07-30,219.0,0.0
BAT01762,MED003,DC004,2026-03-31,2027-01-17,699.0,0.0
BAT01763,MED003,DC006,2026-04-02,2027-01-19,699.0,0.0
BAT01764,MED004,DC008,2026-03-31,2027-09-19,1309.0,0.0
BAT01765,MED005,DC003,2026-03-29,2026-11-16,494.0,0.0
BAT01766,MED007,DC004,2026-03-31,2027-02-24,625.0,0.0
BAT01767,MED008,DC002,2026-03-29,2027-02-20,1205.0,0.0
BAT01768,MED008,DC005,2026-04-01,2027-02-23,1205.0,0.0
BAT01769,MED008,DC008,2026-03-31,2027-02-22,1205.0,0.0
BAT01770,MED009,DC004,2026-03-31,2027-04-01,1366.0,0.0
BAT01771,MED012,DC007,2026-03-30,2026-10-12,890.0,0.0
BAT01772,MED013,DC003,2026-03-29,2027-03-05,361.0,0.0
BAT01773,MED013,DC007,2026-03-30,2027-03-06,361.0,0.0
BAT01774,MED019,DC004,2026-03-31,2027-08-21,609.0,0.0
BAT01775,MED024,DC006,2026-04-02,2027-06-04,344.0,0.0
BAT01776,MED025,DC004,2026-03-31,2027-07-05,1266.0,0.0
BAT01777,MED025,DC008,2026-03-31,2027-07-05,1266.0,0.0
BAT01778,MED028,DC007,2026-03-30,2027-07-06,349.0,0.0
BAT01779,MED029,DC007,2026-03-30,2026-10-30,507.0,0.0
BAT01780,MED031,DC006,2026-04-02,2026-11-16,346.0,0.0
BAT01781,MED031,DC008,2026-03-31,2026-11-14,346.0,0.0
BAT01782,MED034,DC003,2026-03-29,2027-05-19,1036.0,0.0
BAT01783,MED034,DC007,2026-03-30,2027-05-20,1036.0,0.0
BAT01784,MED034,DC008,2026-03-31,2027-05-21,1036.0,0.0
BAT01785,MED036,DC001,2026-03-30,2027-06-01,756.0,0.0
BAT01786,MED037,DC007,2026-03-30,2026-09-27,1365.0,0.0
BAT01787,MED038,DC005,2026-04-01,2027-09-19,1426.0,0.0
BAT01788,MED040,DC004,2026-03-31,2027-06-25,340.0,0.0
BAT01789,MED004,DC005,2026-04-02,2027-09-21,1309.0,0.0
BAT01790,MED007,DC005,2026-04-02,2027-02-26,625.0,0.0
BAT01791,MED007,DC008,2026-04-01,2027-02-25,625.0,0.0
BAT01792,MED008,DC003,2026-03-30,2027-02-21,1205.0,0.0
BAT01793,MED009,DC003,2026-03-30,2027-03-31,1366.0,0.0
BAT01794,MED010,DC006,2026-04-03,2027-09-14,549.0,0.0
BAT01795,MED010,DC007,2026-03-31,2027-09-11,549.0,0.0
BAT01796,MED010,DC008,2026-04-01,2027-09-12,549.0,0.0
BAT01797,MED012,DC005,2026-04-02,2026-10-15,890.0,0.0
BAT01798,MED012,DC008,2026-04-01,2026-10-14,890.0,0.0
BAT01799,MED013,DC006,2026-04-03,2027-03-10,361.0,0.0
BAT01800,MED013,DC008,2026-04-01,2027-03-08,361.0,0.0
BAT01801,MED016,DC005,2026-04-02,2026-11-14,454.0,0.0
BAT01802,MED016,DC007,2026-03-31,2026-11-12,454.0,0.0
BAT01803,MED018,DC001,2026-03-31,2027-07-07,429.0,0.0
BAT01804,MED018,DC004,2026-04-01,2027-07-08,429.0,0.0
BAT01805,MED020,DC004,2026-04-01,2027-02-09,376.0,0.0
BAT01806,MED021,DC008,2026-04-01,2027-08-21,1413.0,0.0
BAT01807,MED022,DC002,2026-03-30,2027-06-24,424.0,0.0
BAT01808,MED025,DC001,2026-03-31,2027-07-05,1266.0,0.0
BAT01809,MED026,DC002,2026-03-30,2027-06-29,1028.0,0.0
BAT01810,MED028,DC001,2026-03-31,2027-07-07,349.0,0.0
BAT01811,MED028,DC005,2026-04-02,2027-07-09,349.0,0.0
BAT01812,MED031,DC007,2026-03-31,2026-11-14,346.0,0.0
BAT01813,MED033,DC004,2026-04-01,2027-02-02,442.0,0.0
BAT01814,MED034,DC006,2026-04-03,2027-05-24,1036.0,0.0
BAT01815,MED036,DC004,2026-04-01,2027-06-03,756.0,0.0
BAT01816,MED036,DC007,2026-03-31,2027-06-02,756.0,0.0
BAT01817,MED037,DC005,2026-04-02,2026-09-30,1365.0,0.0
BAT01818,MED040,DC006,2026-04-03,2027-06-28,340.0,0.0
BAT01819,MED002,DC001,2026-04-01,2027-08-02,219.0,0.0
BAT01820,MED004,DC006,2026-04-04,2027-09-23,1309.0,0.0
BAT01821,MED005,DC002,2026-03-31,2026-11-18,494.0,0.0
BAT01822,MED005,DC007,2026-04-01,2026-11-19,494.0,0.0
BAT01823,MED006,DC008,2026-04-02,2026-10-21,258.0,0.0
BAT01824,MED008,DC004,2026-04-02,2027-02-24,1205.0,0.0
BAT01825,MED008,DC006,2026-04-04,2027-02-26,1205.0,0.0
BAT01826,MED009,DC001,2026-04-01,2027-04-02,1366.0,0.0
BAT01827,MED009,DC006,2026-04-04,2027-04-05,1366.0,0.0
BAT01828,MED009,DC008,2026-04-02,2027-04-03,1366.0,0.0
BAT01829,MED010,DC002,2026-03-31,2027-09-11,549.0,0.0
BAT01830,MED011,DC006,2026-04-04,2027-02-16,520.0,0.0
BAT01831,MED014,DC005,2026-04-03,2027-02-12,437.0,0.0
BAT01832,MED014,DC006,2026-04-04,2027-02-13,437.0,0.0
BAT01833,MED014,DC007,2026-04-01,2027-02-10,437.0,0.0
BAT01834,MED019,DC001,2026-04-01,2027-08-22,609.0,0.0
BAT01835,MED020,DC002,2026-03-31,2027-02-08,376.0,0.0
BAT01836,MED020,DC006,2026-04-04,2027-02-12,376.0,0.0
BAT01837,MED021,DC003,2026-03-31,2027-08-20,1413.0,0.0
BAT01838,MED021,DC004,2026-04-02,2027-08-22,1413.0,0.0
BAT01839,MED021,DC006,2026-04-04,2027-08-24,1413.0,0.0
BAT01840,MED023,DC001,2026-04-01,2027-03-04,642.0,0.0
BAT01841,MED024,DC001,2026-04-01,2027-06-03,344.0,0.0
BAT01842,MED025,DC006,2026-04-04,2027-07-09,1266.0,0.0
BAT01843,MED026,DC001,2026-04-01,2027-07-01,1028.0,0.0
BAT01844,MED032,DC006,2026-04-04,2026-10-28,413.0,0.0
BAT01845,MED034,DC004,2026-04-02,2027-05-23,1036.0,0.0
BAT01846,MED035,DC008,2026-04-02,2026-10-24,466.0,0.0
BAT01847,MED037,DC002,2026-03-31,2026-09-28,1365.0,0.0
BAT01848,MED037,DC003,2026-03-31,2026-09-28,1365.0,0.0
BAT01849,MED038,DC001,2026-04-01,2027-09-19,1426.0,0.0
BAT01850,MED038,DC003,2026-03-31,2027-09-18,1426.0,0.0
BAT01851,MED038,DC006,2026-04-04,2027-09-22,1426.0,0.0
BAT01852,MED039,DC002,2026-03-31,2027-07-01,314.0,0.0
BAT01853,MED040,DC001,2026-04-01,2027-06-26,340.0,0.0
BAT01854,MED040,DC003,2026-03-31,2027-06-25,340.0,0.0
BAT01855,MED003,DC007,2026-04-02,2027-01-19,699.0,0.0
BAT01856,MED005,DC006,2026-04-05,2026-11-23,494.0,0.0
BAT01857,MED007,DC002,2026-04-01,2027-02-25,625.0,0.0
BAT01858,MED010,DC004,2026-04-03,2027-09-14,549.0,0.0
BAT01859,MED012,DC002,2026-04-01,2026-10-14,890.0,0.0
BAT01860,MED015,DC001,2026-04-02,2027-05-06,1245.0,0.0
BAT01861,MED020,DC007,2026-04-02,2027-02-10,376.0,0.0
BAT01862,MED021,DC005,2026-04-04,2027-08-24,1413.0,0.0
BAT01863,MED027,DC004,2026-04-03,2027-06-21,899.0,0.0
BAT01864,MED028,DC002,2026-04-01,2027-07-08,349.0,0.0
BAT01865,MED031,DC003,2026-04-01,2026-11-15,346.0,0.0
BAT01866,MED035,DC001,2026-04-02,2026-10-24,466.0,0.0
BAT01867,MED035,DC004,2026-04-03,2026-10-25,466.0,0.0
BAT01868,MED037,DC001,2026-04-02,2026-09-30,1365.0,0.0
BAT01869,MED040,DC005,2026-04-04,2027-06-29,340.0,0.0
BAT01870,MED003,DC003,2026-04-02,2027-01-19,699.0,0.0
BAT01871,MED005,DC004,2026-04-04,2026-11-22,494.0,0.0
BAT01872,MED005,DC008,2026-04-04,2026-11-22,494.0,0.0
BAT01873,MED008,DC001,2026-04-03,2027-02-25,1205.0,0.0
BAT01874,MED010,DC005,2026-04-05,2027-09-16,549.0,0.0
BAT01875,MED011,DC007,2026-04-03,2027-02-15,520.0,0.0
BAT01876,MED011,DC008,2026-04-04,2027-02-16,520.0,0.0
BAT01877,MED013,DC002,2026-04-02,2027-03-09,361.0,0.0
BAT01878,MED015,DC004,2026-04-04,2027-05-08,1245.0,0.0
BAT01879,MED019,DC003,2026-04-02,2027-08-23,609.0,0.0
BAT01880,MED021,DC007,2026-04-03,2027-08-23,1413.0,0.0
BAT01881,MED023,DC003,2026-04-02,2027-03-05,642.0,0.0
BAT01882,MED024,DC008,2026-04-04,2027-06-06,344.0,0.0
BAT01883,MED026,DC005,2026-04-05,2027-07-05,1028.0,0.0
BAT01884,MED027,DC007,2026-04-03,2027-06-21,899.0,0.0
BAT01885,MED029,DC004,2026-04-04,2026-11-04,507.0,0.0
BAT01886,MED029,DC008,2026-04-04,2026-11-04,507.0,0.0
BAT01887,MED030,DC004,2026-04-04,2027-01-18,350.0,0.0
BAT01888,MED030,DC007,2026-04-03,2027-01-17,350.0,0.0
BAT01889,MED032,DC004,2026-04-04,2026-10-28,413.0,0.0
BAT01890,MED032,DC008,2026-04-04,2026-10-28,413.0,0.0
BAT01891,MED033,DC002,2026-04-02,2027-02-03,442.0,0.0
BAT01892,MED033,DC008,2026-04-04,2027-02-05,442.0,0.0
BAT01893,MED035,DC002,2026-04-02,2026-10-24,466.0,0.0
BAT01894,MED036,DC008,2026-04-04,2027-06-06,756.0,0.0
BAT01895,MED037,DC006,2026-04-06,2026-10-04,1365.0,0.0
BAT01896,MED040,DC008,2026-04-04,2027-06-29,340.0,0.0
BAT01897,MED003,DC001,2026-04-04,2027-01-21,699.0,0.0
BAT01898,MED003,DC005,2026-04-06,2027-01-23,699.0,0.0
BAT01899,MED005,DC001,2026-04-04,2026-11-22,494.0,0.0
BAT01900,MED007,DC001,2026-04-04,2027-02-28,625.0,0.0
BAT01901,MED009,DC002,2026-04-03,2027-04-04,1366.0,0.0
BAT01902,MED009,DC005,2026-04-06,2027-04-07,1366.0,0.0
BAT01903,MED011,DC004,2026-04-05,2027-02-17,520.0,0.0
BAT01904,MED012,DC003,2026-04-03,2026-10-16,890.0,0.0
BAT01905,MED014,DC001,2026-04-04,2027-02-13,437.0,0.0
BAT01906,MED014,DC003,2026-04-03,2027-02-12,437.0,0.0
BAT01907,MED015,DC002,2026-04-03,2027-05-07,1245.0,0.0
BAT01908,MED015,DC006,2026-04-07,2027-05-11,1245.0,0.0
BAT01909,MED015,DC008,2026-04-05,2027-05-09,1245.0,0.0
BAT01910,MED016,DC008,2026-04-05,2026-11-17,454.0,0.0
BAT01911,MED017,DC005,2026-04-06,2027-08-04,292.0,0.0
BAT01912,MED018,DC006,2026-04-07,2027-07-14,429.0,0.0
BAT01913,MED020,DC001,2026-04-04,2027-02-12,376.0,0.0
BAT01914,MED022,DC001,2026-04-04,2027-06-29,424.0,0.0
BAT01915,MED022,DC007,2026-04-04,2027-06-29,424.0,0.0
BAT01916,MED022,DC008,2026-04-05,2027-06-30,424.0,0.0
BAT01917,MED026,DC003,2026-04-03,2027-07-03,1028.0,0.0
BAT01918,MED026,DC007,2026-04-04,2027-07-04,1028.0,0.0
BAT01919,MED027,DC001,2026-04-04,2027-06-22,899.0,0.0
BAT01920,MED027,DC002,2026-04-03,2027-06-21,899.0,0.0
BAT01921,MED028,DC006,2026-04-07,2027-07-14,349.0,0.0
BAT01922,MED029,DC002,2026-04-03,2026-11-03,507.0,0.0
BAT01923,MED029,DC003,2026-04-03,2026-11-03,507.0,0.0
BAT01924,MED029,DC005,2026-04-06,2026-11-06,507.0,0.0
BAT01925,MED030,DC003,2026-04-03,2027-01-17,350.0,0.0
BAT01926,MED032,DC001,2026-04-04,2026-10-28,413.0,0.0
BAT01927,MED032,DC005,2026-04-06,2026-10-30,413.0,0.0
BAT01928,MED033,DC006,2026-04-07,2027-02-08,442.0,0.0
BAT01929,MED033,DC007,2026-04-04,2027-02-05,442.0,0.0
BAT01930,MED034,DC001,2026-04-04,2027-05-25,1036.0,0.0
BAT01931,MED034,DC002,2026-04-03,2027-05-24,1036.0,0.0
BAT01932,MED035,DC003,2026-04-03,2026-10-25,466.0,0.0
BAT01933,MED036,DC003,2026-04-03,2027-06-05,756.0,0.0
BAT01934,MED037,DC008,2026-04-05,2026-10-03,1365.0,0.0
BAT01935,MED003,DC002,2026-04-04,2027-01-21,699.0,0.0
BAT01936,MED003,DC008,2026-04-06,2027-01-23,699.0,0.0
BAT01937,MED004,DC002,2026-04-04,2027-09-23,1309.0,0.0
BAT01938,MED004,DC004,2026-04-06,2027-09-25,1309.0,0.0
BAT01939,MED004,DC007,2026-04-05,2027-09-24,1309.0,0.0
BAT01940,MED006,DC005,2026-04-07,2026-10-26,258.0,0.0
BAT01941,MED007,DC007,2026-04-05,2027-03-01,625.0,0.0
BAT01942,MED008,DC007,2026-04-05,2027-02-27,1205.0,0.0
BAT01943,MED009,DC007,2026-04-05,2027-04-06,1366.0,0.0
BAT01944,MED012,DC004,2026-04-06,2026-10-19,890.0,0.0
BAT01945,MED014,DC002,2026-04-04,2027-02-13,437.0,0.0
BAT01946,MED018,DC008,2026-04-06,2027-07-13,429.0,0.0
BAT01947,MED021,DC001,2026-04-05,2027-08-25,1413.0,0.0
BAT01948,MED022,DC006,2026-04-08,2027-07-03,424.0,0.0
BAT01949,MED023,DC002,2026-04-04,2027-03-07,642.0,0.0
BAT01950,MED023,DC005,2026-04-07,2027-03-10,642.0,0.0
BAT01951,MED023,DC007,2026-04-05,2027-03-08,642.0,0.0
BAT01952,MED023,DC008,2026-04-06,2027-03-09,642.0,0.0
BAT01953,MED024,DC002,2026-04-04,2027-06-06,344.0,0.0
BAT01954,MED025,DC003,2026-04-04,2027-07-09,1266.0,0.0
BAT01955,MED026,DC008,2026-04-06,2027-07-06,1028.0,0.0
BAT01956,MED027,DC003,2026-04-04,2027-06-22,899.0,0.0
BAT01957,MED027,DC008,2026-04-06,2027-06-24,899.0,0.0
BAT01958,MED028,DC008,2026-04-06,2027-07-13,349.0,0.0
BAT01959,MED029,DC001,2026-04-05,2026-11-05,507.0,0.0
BAT01960,MED029,DC006,2026-04-08,2026-11-08,507.0,0.0
BAT01961,MED030,DC005,2026-04-07,2027-01-21,350.0,0.0
BAT01962,MED032,DC003,2026-04-04,2026-10-28,413.0,0.0
BAT01963,MED034,DC005,2026-04-07,2027-05-28,1036.0,0.0
BAT01964,MED036,DC005,2026-04-07,2027-06-09,756.0,0.0
BAT01965,MED037,DC004,2026-04-06,2026-10-04,1365.0,0.0
BAT01966,MED038,DC002,2026-04-04,2027-09-22,1426.0,0.0
BAT01967,MED038,DC004,2026-04-06,2027-09-24,1426.0,0.0
BAT01968,MED038,DC008,2026-04-06,2027-09-24,1426.0,0.0
BAT01969,MED002,DC004,2026-04-07,2027-08-08,219.0,0.0
BAT01970,MED004,DC003,2026-04-05,2027-09-24,1309.0,0.0
BAT01971,MED006,DC004,2026-04-07,2026-10-26,258.0,0.0
BAT01972,MED007,DC003,2026-04-05,2027-03-01,625.0,0.0
BAT01973,MED007,DC004,2026-04-07,2027-03-03,625.0,0.0
BAT01974,MED007,DC006,2026-04-09,2027-03-05,625.0,0.0
BAT01975,MED008,DC002,2026-04-05,2027-02-27,1205.0,0.0
BAT01976,MED010,DC001,2026-04-06,2027-09-17,549.0,0.0
BAT01977,MED011,DC005,2026-04-08,2027-02-20,520.0,0.0
BAT01978,MED012,DC001,2026-04-06,2026-10-19,890.0,0.0
BAT01979,MED013,DC001,2026-04-06,2027-03-13,361.0,0.0
BAT01980,MED015,DC003,2026-04-05,2027-05-09,1245.0,0.0
BAT01981,MED015,DC005,2026-04-08,2027-05-12,1245.0,0.0
BAT01982,MED016,DC004,2026-04-07,2026-11-19,454.0,0.0
BAT01983,MED017,DC001,2026-04-06,2027-08-04,292.0,0.0
BAT01984,MED018,DC003,2026-04-05,2027-07-12,429.0,0.0
BAT01985,MED018,DC005,2026-04-08,2027-07-15,429.0,0.0
BAT01986,MED019,DC005,2026-04-08,2027-08-29,609.0,0.0
BAT01987,MED019,DC006,2026-04-09,2027-08-30,609.0,0.0
BAT01988,MED021,DC002,2026-04-05,2027-08-25,1413.0,0.0
BAT01989,MED022,DC005,2026-04-08,2027-07-03,424.0,0.0
BAT01990,MED023,DC006,2026-04-09,2027-03-12,642.0,0.0
BAT01991,MED024,DC004,2026-04-07,2027-06-09,344.0,0.0
BAT01992,MED025,DC002,2026-04-05,2027-07-10,1266.0,0.0
BAT01993,MED025,DC005,2026-04-08,2027-07-13,1266.0,0.0
BAT01994,MED025,DC007,2026-04-06,2027-07-11,1266.0,0.0
BAT01995,MED026,DC004,2026-04-07,2027-07-07,1028.0,0.0
BAT01996,MED027,DC006,2026-04-09,2027-06-27,899.0,0.0
BAT01997,MED030,DC008,2026-04-07,2027-01-21,350.0,0.0
BAT01998,MED031,DC004,2026-04-07,2026-11-21,346.0,0.0
BAT01999,MED031,DC005,2026-04-08,2026-11-22,346.0,0.0
BAT02000,MED032,DC002,2026-04-05,2026-10-29,413.0,0.0
BAT02001,MED034,DC003,2026-04-05,2027-05-26,1036.0,0.0
BAT02002,MED038,DC007,2026-04-06,2027-09-24,1426.0,0.0
BAT02003,MED039,DC001,2026-04-06,2027-07-07,314.0,0.0
BAT02004,MED039,DC004,2026-04-07,2027-07-08,314.0,0.0
BAT02005,MED001,DC001,2026-04-07,2026-11-25,215.0,0.0
BAT02006,MED001,DC007,2026-04-07,2026-11-25,215.0,0.0
BAT02007,MED002,DC002,2026-04-06,2027-08-07,219.0,0.0
BAT02008,MED003,DC006,2026-04-10,2027-01-27,699.0,0.0
BAT02009,MED004,DC001,2026-04-07,2027-09-26,1309.0,0.0
BAT02010,MED005,DC005,2026-04-09,2026-11-27,494.0,0.0
BAT02011,MED009,DC003,2026-04-06,2027-04-07,1366.0,0.0
BAT02012,MED009,DC004,2026-04-08,2027-04-09,1366.0,0.0
BAT02013,MED012,DC005,2026-04-09,2026-10-22,890.0,0.0
BAT02014,MED013,DC004,2026-04-08,2027-03-15,361.0,0.0
BAT02015,MED013,DC007,2026-04-07,2027-03-14,361.0,0.0
BAT02016,MED014,DC004,2026-04-08,2027-02-17,437.0,0.0
BAT02017,MED014,DC008,2026-04-08,2027-02-17,437.0,0.0
BAT02018,MED015,DC007,2026-04-07,2027-05-11,1245.0,0.0
BAT02019,MED016,DC002,2026-04-06,2026-11-18,454.0,0.0
BAT02020,MED016,DC005,2026-04-09,2026-11-21,454.0,0.0
BAT02021,MED018,DC001,2026-04-07,2027-07-14,429.0,0.0
BAT02022,MED018,DC002,2026-04-06,2027-07-13,429.0,0.0
BAT02023,MED018,DC007,2026-04-07,2027-07-14,429.0,0.0
BAT02024,MED019,DC007,2026-04-07,2027-08-28,609.0,0.0
BAT02025,MED019,DC008,2026-04-08,2027-08-29,609.0,0.0
BAT02026,MED026,DC006,2026-04-10,2027-07-10,1028.0,0.0
BAT02027,MED027,DC005,2026-04-09,2027-06-27,899.0,0.0
BAT02028,MED030,DC002,2026-04-06,2027-01-20,350.0,0.0
BAT02029,MED031,DC001,2026-04-07,2026-11-21,346.0,0.0
BAT02030,MED031,DC006,2026-04-10,2026-11-24,346.0,0.0
BAT02031,MED033,DC005,2026-04-09,2027-02-10,442.0,0.0
BAT02032,MED034,DC007,2026-04-07,2027-05-28,1036.0,0.0
BAT02033,MED034,DC008,2026-04-08,2027-05-29,1036.0,0.0
BAT02034,MED035,DC005,2026-04-09,2026-10-31,466.0,0.0
BAT02035,MED036,DC002,2026-04-06,2027-06-08,756.0,0.0
BAT02036,MED036,DC006,2026-04-10,2027-06-12,756.0,0.0
BAT02037,MED037,DC007,2026-04-07,2026-10-05,1365.0,0.0
BAT02038,MED038,DC005,2026-04-09,2027-09-27,1426.0,0.0
BAT02039,MED001,DC006,2026-04-11,2026-11-29,215.0,0.0
BAT02040,MED003,DC004,2026-04-09,2027-01-26,699.0,0.0
BAT02041,MED004,DC005,2026-04-10,2027-09-29,1309.0,0.0
BAT02042,MED004,DC008,2026-04-09,2027-09-28,1309.0,0.0
BAT02043,MED007,DC005,2026-04-10,2027-03-06,625.0,0.0
BAT02044,MED007,DC008,2026-04-09,2027-03-05,625.0,0.0
BAT02045,MED008,DC003,2026-04-07,2027-03-01,1205.0,0.0
BAT02046,MED008,DC005,2026-04-10,2027-03-04,1205.0,0.0
BAT02047,MED008,DC008,2026-04-09,2027-03-03,1205.0,0.0
BAT02048,MED009,DC001,2026-04-08,2027-04-09,1366.0,0.0
BAT02049,MED010,DC003,2026-04-07,2027-09-18,549.0,0.0
BAT02050,MED010,DC008,2026-04-09,2027-09-20,549.0,0.0
BAT02051,MED011,DC001,2026-04-08,2027-02-20,520.0,0.0
BAT02052,MED011,DC002,2026-04-07,2027-02-19,520.0,0.0
BAT02053,MED012,DC006,2026-04-11,2026-10-24,890.0,0.0
BAT02054,MED012,DC007,2026-04-08,2026-10-21,890.0,0.0
BAT02055,MED013,DC003,2026-04-07,2027-03-14,361.0,0.0
BAT02056,MED013,DC005,2026-04-10,2027-03-17,361.0,0.0
BAT02057,MED013,DC006,2026-04-11,2027-03-18,361.0,0.0
BAT02058,MED013,DC008,2026-04-09,2027-03-16,361.0,0.0
BAT02059,MED014,DC007,2026-04-08,2027-02-17,437.0,0.0
BAT02060,MED016,DC003,2026-04-07,2026-11-19,454.0,0.0
BAT02061,MED016,DC006,2026-04-11,2026-11-23,454.0,0.0
BAT02062,MED018,DC004,2026-04-09,2027-07-16,429.0,0.0
BAT02063,MED021,DC004,2026-04-09,2027-08-29,1413.0,0.0
BAT02064,MED021,DC008,2026-04-09,2027-08-29,1413.0,0.0
BAT02065,MED022,DC004,2026-04-09,2027-07-04,424.0,0.0
BAT02066,MED024,DC005,2026-04-10,2027-06-12,344.0,0.0
BAT02067,MED024,DC006,2026-04-11,2027-06-13,344.0,0.0
BAT02068,MED025,DC004,2026-04-09,2027-07-14,1266.0,0.0
BAT02069,MED025,DC008,2026-04-09,2027-07-14,1266.0,0.0
BAT02070,MED026,DC002,2026-04-07,2027-07-07,1028.0,0.0
BAT02071,MED028,DC007,2026-04-08,2027-07-15,349.0,0.0
BAT02072,MED029,DC007,2026-04-08,2026-11-08,507.0,0.0
BAT02073,MED031,DC002,2026-04-07,2026-11-21,346.0,0.0
BAT02074,MED031,DC008,2026-04-09,2026-11-23,346.0,0.0
BAT02075,MED033,DC001,2026-04-08,2027-02-09,442.0,0.0
BAT02076,MED034,DC006,2026-04-11,2027-06-01,1036.0,0.0
BAT02077,MED035,DC007,2026-04-08,2026-10-30,466.0,0.0
BAT02078,MED037,DC002,2026-04-07,2026-10-05,1365.0,0.0
BAT02079,MED037,DC003,2026-04-07,2026-10-05,1365.0,0.0
BAT02080,MED037,DC005,2026-04-10,2026-10-08,1365.0,0.0
BAT02081,MED006,DC003,2026-04-08,2026-10-27,258.0,0.0
BAT02082,MED008,DC006,2026-04-12,2027-03-06,1205.0,0.0
BAT02083,MED010,DC006,2026-04-12,2027-09-23,549.0,0.0
BAT02084,MED012,DC008,2026-04-10,2026-10-23,890.0,0.0
BAT02085,MED016,DC001,2026-04-09,2026-11-21,454.0,0.0
BAT02086,MED019,DC002,2026-04-08,2027-08-29,609.0,0.0
BAT02087,MED019,DC004,2026-04-10,2027-08-31,609.0,0.0
BAT02088,MED021,DC006,2026-04-12,2027-09-01,1413.0,0.0
BAT02089,MED023,DC004,2026-04-10,2027-03-13,642.0,0.0
BAT02090,MED025,DC001,2026-04-09,2027-07-14,1266.0,0.0
BAT02091,MED030,DC006,2026-04-12,2027-01-26,350.0,0.0
BAT02092,MED031,DC003,2026-04-08,2026-11-22,346.0,0.0
BAT02093,MED031,DC007,2026-04-09,2026-11-23,346.0,0.0
BAT02094,MED033,DC004,2026-04-10,2027-02-11,442.0,0.0
BAT02095,MED034,DC004,2026-04-10,2027-05-31,1036.0,0.0
BAT02096,MED036,DC004,2026-04-10,2027-06-12,756.0,0.0
BAT02097,MED040,DC004,2026-04-10,2027-07-05,340.0,0.0
BAT02098,MED040,DC005,2026-04-11,2027-07-06,340.0,0.0
BAT02099,MED002,DC001,2026-04-10,2027-08-11,219.0,0.0
BAT02100,MED004,DC006,2026-04-13,2027-10-02,1309.0,0.0
BAT02101,MED005,DC003,2026-04-09,2026-11-27,494.0,0.0
BAT02102,MED009,DC008,2026-04-11,2027-04-12,1366.0,0.0
BAT02103,MED010,DC005,2026-04-12,2027-09-23,549.0,0.0
BAT02104,MED010,DC007,2026-04-10,2027-09-21,549.0,0.0
BAT02105,MED014,DC005,2026-04-12,2027-02-21,437.0,0.0
BAT02106,MED015,DC001,2026-04-10,2027-05-14,1245.0,0.0
BAT02107,MED016,DC007,2026-04-10,2026-11-22,454.0,0.0
BAT02108,MED020,DC006,2026-04-13,2027-02-21,376.0,0.0
BAT02109,MED022,DC002,2026-04-09,2027-07-04,424.0,0.0
BAT02110,MED025,DC006,2026-04-13,2027-07-18,1266.0,0.0
BAT02111,MED026,DC001,2026-04-10,2027-07-10,1028.0,0.0
BAT02112,MED028,DC001,2026-04-10,2027-07-17,349.0,0.0
BAT02113,MED028,DC005,2026-04-12,2027-07-19,349.0,0.0
BAT02114,MED032,DC007,2026-04-10,2026-11-03,413.0,0.0
BAT02115,MED003,DC007,2026-04-11,2027-01-28,699.0,0.0
BAT02116,MED006,DC001,2026-04-11,2026-10-30,258.0,0.0
BAT02117,MED006,DC008,2026-04-12,2026-10-31,258.0,0.0
BAT02118,MED007,DC002,2026-04-10,2027-03-06,625.0,0.0
BAT02119,MED008,DC001,2026-04-11,2027-03-05,1205.0,0.0
BAT02120,MED008,DC004,2026-04-12,2027-03-06,1205.0,0.0
BAT02121,MED009,DC006,2026-04-14,2027-04-15,1366.0,0.0
BAT02122,MED011,DC006,2026-04-14,2027-02-26,520.0,0.0
BAT02123,MED013,DC002,2026-04-10,2027-03-17,361.0,0.0
BAT02124,MED015,DC002,2026-04-10,2027-05-14,1245.0,0.0
BAT02125,MED020,DC002,2026-04-10,2027-02-18,376.0,0.0
BAT02126,MED020,DC004,2026-04-12,2027-02-20,376.0,0.0
BAT02127,MED020,DC007,2026-04-11,2027-02-19,376.0,0.0
BAT02128,MED021,DC005,2026-04-13,2027-09-02,1413.0,0.0
BAT02129,MED024,DC001,2026-04-11,2027-06-13,344.0,0.0
BAT02130,MED027,DC004,2026-04-12,2027-06-30,899.0,0.0
BAT02131,MED029,DC002,2026-04-10,2026-11-10,507.0,0.0
BAT02132,MED029,DC003,2026-04-10,2026-11-10,507.0,0.0
BAT02133,MED030,DC007,2026-04-11,2027-01-25,350.0,0.0
BAT02134,MED032,DC006,2026-04-14,2026-11-07,413.0,0.0
BAT02135,MED032,DC008,2026-04-12,2026-11-05,413.0,0.0
BAT02136,MED033,DC003,2026-04-10,2027-02-11,442.0,0.0
BAT02137,MED033,DC008,2026-04-12,2027-02-13,442.0,0.0
BAT02138,MED035,DC006,2026-04-14,2026-11-05,466.0,0.0
BAT02139,MED036,DC001,2026-04-11,2027-06-13,756.0,0.0
BAT02140,MED037,DC001,2026-04-11,2026-10-09,1365.0,0.0
BAT02141,MED037,DC006,2026-04-14,2026-10-12,1365.0,0.0
BAT02142,MED038,DC001,2026-04-11,2027-09-29,1426.0,0.0
BAT02143,MED038,DC003,2026-04-10,2027-09-28,1426.0,0.0
BAT02144,MED038,DC006,2026-04-14,2027-10-02,1426.0,0.0
BAT02145,MED039,DC002,2026-04-10,2027-07-11,314.0,0.0
BAT02146,MED040,DC001,2026-04-11,2027-07-06,340.0,0.0
BAT02147,MED040,DC003,2026-04-10,2027-07-05,340.0,0.0
BAT02148,MED040,DC008,2026-04-12,2027-07-07,340.0,0.0
BAT02149,MED002,DC008,2026-04-13,2027-08-14,219.0,0.0
BAT02150,MED003,DC001,2026-04-12,2027-01-29,699.0,0.0
BAT02151,MED003,DC003,2026-04-11,2027-01-28,699.0,0.0
BAT02152,MED005,DC002,2026-04-11,2026-11-29,494.0,0.0
BAT02153,MED005,DC004,2026-04-13,2026-12-01,494.0,0.0
BAT02154,MED005,DC006,2026-04-15,2026-12-03,494.0,0.0
BAT02155,MED009,DC002,2026-04-11,2027-04-12,1366.0,0.0
BAT02156,MED009,DC005,2026-04-14,2027-04-15,1366.0,0.0
BAT02157,MED010,DC002,2026-04-11,2027-09-22,549.0,0.0
BAT02158,MED010,DC004,2026-04-13,2027-09-24,549.0,0.0
BAT02159,MED014,DC002,2026-04-11,2027-02-20,437.0,0.0
BAT02160,MED015,DC004,2026-04-13,2027-05-17,1245.0,0.0
BAT02161,MED015,DC008,2026-04-13,2027-05-17,1245.0,0.0
BAT02162,MED018,DC008,2026-04-13,2027-07-20,429.0,0.0
BAT02163,MED019,DC001,2026-04-12,2027-09-02,609.0,0.0
BAT02164,MED021,DC003,2026-04-11,2027-08-31,1413.0,0.0
BAT02165,MED021,DC007,2026-04-12,2027-09-01,1413.0,0.0
BAT02166,MED022,DC001,2026-04-12,2027-07-07,424.0,0.0
BAT02167,MED022,DC003,2026-04-11,2027-07-06,424.0,0.0
BAT02168,MED023,DC001,2026-04-12,2027-03-15,642.0,0.0
BAT02169,MED023,DC003,2026-04-11,2027-03-14,642.0,0.0
BAT02170,MED024,DC008,2026-04-13,2027-06-15,344.0,0.0
BAT02171,MED026,DC005,2026-04-14,2027-07-14,1028.0,0.0
BAT02172,MED027,DC001,2026-04-12,2027-06-30,899.0,0.0
BAT02173,MED027,DC007,2026-04-12,2027-06-30,899.0,0.0
BAT02174,MED029,DC001,2026-04-12,2026-11-12,507.0,0.0
BAT02175,MED029,DC004,2026-04-13,2026-11-13,507.0,0.0
BAT02176,MED029,DC005,2026-04-14,2026-11-14,507.0,0.0
BAT02177,MED029,DC008,2026-04-13,2026-11-13,507.0,0.0
BAT02178,MED032,DC004,2026-04-13,2026-11-06,413.0,0.0
BAT02179,MED032,DC005,2026-04-14,2026-11-07,413.0,0.0
BAT02180,MED033,DC002,2026-04-11,2027-02-12,442.0,0.0
BAT02181,MED033,DC006,2026-04-15,2027-02-16,442.0,0.0
BAT02182,MED034,DC001,2026-04-12,2027-06-02,1036.0,0.0
BAT02183,MED034,DC002,2026-04-11,2027-06-01,1036.0,0.0
BAT02184,MED035,DC008,2026-04-13,2026-11-04,466.0,0.0
BAT02185,MED003,DC005,2026-04-15,2027-02-01,699.0,0.0
BAT02186,MED004,DC002,2026-04-12,2027-10-01,1309.0,0.0
BAT02187,MED004,DC007,2026-04-13,2027-10-02,1309.0,0.0
BAT02188,MED005,DC001,2026-04-13,2026-12-01,494.0,0.0
BAT02189,MED005,DC007,2026-04-13,2026-12-01,494.0,0.0
BAT02190,MED006,DC005,2026-04-15,2026-11-03,258.0,0.0
BAT02191,MED007,DC001,2026-04-13,2027-03-09,625.0,0.0
BAT02192,MED008,DC007,2026-04-13,2027-03-07,1205.0,0.0
BAT02193,MED011,DC004,2026-04-14,2027-02-26,520.0,0.0
BAT02194,MED011,DC007,2026-04-13,2027-02-25,520.0,0.0
BAT02195,MED012,DC003,2026-04-12,2026-10-25,890.0,0.0
BAT02196,MED014,DC001,2026-04-13,2027-02-22,437.0,0.0
BAT02197,MED014,DC003,2026-04-12,2027-02-21,437.0,0.0
BAT02198,MED014,DC006,2026-04-16,2027-02-25,437.0,0.0
BAT02199,MED015,DC006,2026-04-16,2027-05-20,1245.0,0.0
BAT02200,MED016,DC008,2026-04-14,2026-11-26,454.0,0.0
BAT02201,MED018,DC006,2026-04-16,2027-07-23,429.0,0.0
BAT02202,MED019,DC003,2026-04-12,2027-09-02,609.0,0.0
BAT02203,MED021,DC001,2026-04-13,2027-09-02,1413.0,0.0
BAT02204,MED022,DC008,2026-04-14,2027-07-09,424.0,0.0
BAT02205,MED023,DC005,2026-04-15,2027-03-18,642.0,0.0
BAT02206,MED024,DC002,2026-04-12,2027-06-14,344.0,0.0
BAT02207,MED025,DC003,2026-04-12,2027-07-17,1266.0,0.0
BAT02208,MED026,DC003,2026-04-12,2027-07-12,1028.0,0.0
BAT02209,MED026,DC007,2026-04-13,2027-07-13,1028.0,0.0
BAT02210,MED027,DC002,2026-04-12,2027-06-30,899.0,0.0
BAT02211,MED027,DC008,2026-04-14,2027-07-02,899.0,0.0
BAT02212,MED028,DC002,2026-04-12,2027-07-19,349.0,0.0
BAT02213,MED029,DC006,2026-04-16,2026-11-16,507.0,0.0
BAT02214,MED030,DC001,2026-04-13,2027-01-27,350.0,0.0
BAT02215,MED030,DC004,2026-04-14,2027-01-28,350.0,0.0
BAT02216,MED030,DC005,2026-04-15,2027-01-29,350.0,0.0
BAT02217,MED032,DC001,2026-04-13,2026-11-06,413.0,0.0
BAT02218,MED033,DC007,2026-04-13,2027-02-14,442.0,0.0
BAT02219,MED035,DC004,2026-04-14,2026-11-05,466.0,0.0
BAT02220,MED036,DC007,2026-04-13,2027-06-15,756.0,0.0
BAT02221,MED037,DC008,2026-04-14,2026-10-12,1365.0,0.0
BAT02222,MED038,DC002,2026-04-12,2027-09-30,1426.0,0.0
BAT02223,MED038,DC004,2026-04-14,2027-10-02,1426.0,0.0
BAT02224,MED038,DC008,2026-04-14,2027-10-02,1426.0,0.0
BAT02225,MED039,DC006,2026-04-16,2027-07-17,314.0,0.0
BAT02226,MED040,DC007,2026-04-13,2027-07-08,340.0,0.0
BAT02227,MED002,DC004,2026-04-15,2027-08-16,219.0,0.0
BAT02228,MED003,DC002,2026-04-13,2027-01-30,699.0,0.0
BAT02229,MED003,DC008,2026-04-15,2027-02-01,699.0,0.0
BAT02230,MED004,DC004,2026-04-15,2027-10-04,1309.0,0.0
BAT02231,MED006,DC004,2026-04-15,2026-11-03,258.0,0.0
BAT02232,MED007,DC007,2026-04-14,2027-03-10,625.0,0.0
BAT02233,MED008,DC002,2026-04-13,2027-03-07,1205.0,0.0
BAT02234,MED009,DC003,2026-04-13,2027-04-14,1366.0,0.0
BAT02235,MED009,DC007,2026-04-14,2027-04-15,1366.0,0.0
BAT02236,MED011,DC008,2026-04-15,2027-02-27,520.0,0.0
BAT02237,MED012,DC005,2026-04-16,2026-10-29,890.0,0.0
BAT02238,MED013,DC001,2026-04-14,2027-03-21,361.0,0.0
BAT02239,MED014,DC008,2026-04-15,2027-02-24,437.0,0.0
BAT02240,MED015,DC003,2026-04-13,2027-05-17,1245.0,0.0
BAT02241,MED015,DC005,2026-04-16,2027-05-20,1245.0,0.0
BAT02242,MED016,DC002,2026-04-13,2026-11-25,454.0,0.0
BAT02243,MED018,DC001,2026-04-14,2027-07-21,429.0,0.0
BAT02244,MED018,DC003,2026-04-13,2027-07-20,429.0,0.0
BAT02245,MED018,DC005,2026-04-16,2027-07-23,429.0,0.0
BAT02246,MED020,DC001,2026-04-14,2027-02-22,376.0,0.0
BAT02247,MED023,DC002,2026-04-13,2027-03-16,642.0,0.0
BAT02248,MED026,DC008,2026-04-15,2027-07-15,1028.0,0.0
BAT02249,MED027,DC003,2026-04-13,2027-07-01,899.0,0.0
BAT02250,MED027,DC006,2026-04-17,2027-07-05,899.0,0.0
BAT02251,MED028,DC006,2026-04-17,2027-07-24,349.0,0.0
BAT02252,MED031,DC001,2026-04-14,2026-11-28,346.0,0.0
BAT02253,MED031,DC004,2026-04-15,2026-11-29,346.0,0.0
BAT02254,MED032,DC002,2026-04-13,2026-11-06,413.0,0.0
BAT02255,MED032,DC003,2026-04-13,2026-11-06,413.0,0.0
BAT02256,MED034,DC003,2026-04-13,2027-06-03,1036.0,0.0
BAT02257,MED034,DC005,2026-04-16,2027-06-06,1036.0,0.0
BAT02258,MED035,DC001,2026-04-14,2026-11-05,466.0,0.0
BAT02259,MED035,DC002,2026-04-13,2026-11-04,466.0,0.0
BAT02260,MED036,DC003,2026-04-13,2027-06-15,756.0,0.0
BAT02261,MED036,DC008,2026-04-15,2027-06-17,756.0,0.0
BAT02262,MED037,DC004,2026-04-15,2026-10-13,1365.0,0.0
BAT02263,MED040,DC006,2026-04-17,2027-07-12,340.0,0.0
BAT02264,MED002,DC002,2026-04-14,2027-08-15,219.0,0.0
BAT02265,MED003,DC004,2026-04-16,2027-02-02,699.0,0.0
BAT02266,MED003,DC006,2026-04-18,2027-02-04,699.0,0.0
BAT02267,MED004,DC001,2026-04-15,2027-10-04,1309.0,0.0
BAT02268,MED004,DC003,2026-04-14,2027-10-03,1309.0,0.0
BAT02269,MED005,DC005,2026-04-17,2026-12-05,494.0,0.0
BAT02270,MED005,DC008,2026-04-16,2026-12-04,494.0,0.0
BAT02271,MED007,DC003,2026-04-14,2027-03-10,625.0,0.0
BAT02272,MED007,DC004,2026-04-16,2027-03-12,625.0,0.0
BAT02273,MED007,DC006,2026-04-18,2027-03-14,625.0,0.0
BAT02274,MED008,DC003,2026-04-14,2027-03-08,1205.0,0.0
BAT02275,MED011,DC005,2026-04-17,2027-03-01,520.0,0.0
BAT02276,MED012,DC002,2026-04-14,2026-10-27,890.0,0.0
BAT02277,MED012,DC004,2026-04-16,2026-10-29,890.0,0.0
BAT02278,MED013,DC007,2026-04-15,2027-03-22,361.0,0.0
BAT02279,MED014,DC004,2026-04-16,2027-02-25,437.0,0.0
BAT02280,MED014,DC007,2026-04-15,2027-02-24,437.0,0.0
BAT02281,MED015,DC007,2026-04-15,2027-05-19,1245.0,0.0
BAT02282,MED016,DC005,2026-04-17,2026-11-29,454.0,0.0
BAT02283,MED017,DC001,2026-04-15,2027-08-13,292.0,0.0
BAT02284,MED017,DC002,2026-04-14,2027-08-12,292.0,0.0
BAT02285,MED017,DC004,2026-04-16,2027-08-14,292.0,0.0
BAT02286,MED017,DC005,2026-04-17,2027-08-15,292.0,0.0
BAT02287,MED019,DC005,2026-04-17,2027-09-07,609.0,0.0
BAT02288,MED021,DC002,2026-04-14,2027-09-03,1413.0,0.0
BAT02289,MED022,DC007,2026-04-15,2027-07-10,424.0,0.0
BAT02290,MED023,DC006,2026-04-18,2027-03-21,642.0,0.0
BAT02291,MED024,DC004,2026-04-16,2027-06-18,344.0,0.0
BAT02292,MED025,DC002,2026-04-14,2027-07-19,1266.0,0.0
BAT02293,MED025,DC005,2026-04-17,2027-07-22,1266.0,0.0
BAT02294,MED025,DC007,2026-04-15,2027-07-20,1266.0,0.0
BAT02295,MED026,DC004,2026-04-16,2027-07-16,1028.0,0.0
BAT02296,MED027,DC005,2026-04-17,2027-07-05,899.0,0.0
BAT02297,MED031,DC006,2026-04-18,2026-12-02,346.0,0.0
BAT02298,MED033,DC005,2026-04-17,2027-02-18,442.0,0.0
BAT02299,MED035,DC003,2026-04-14,2026-11-05,466.0,0.0
BAT02300,MED036,DC005,2026-04-17,2027-06-19,756.0,0.0
BAT02301,MED037,DC002,2026-04-14,2026-10-12,1365.0,0.0
BAT02302,MED038,DC007,2026-04-15,2027-10-03,1426.0,0.0
BAT02303,MED007,DC005,2026-04-18,2027-03-14,625.0,0.0
BAT02304,MED008,DC005,2026-04-18,2027-03-12,1205.0,0.0
BAT02305,MED009,DC001,2026-04-16,2027-04-17,1366.0,0.0
BAT02306,MED009,DC004,2026-04-17,2027-04-18,1366.0,0.0
BAT02307,MED010,DC001,2026-04-16,2027-09-27,549.0,0.0
BAT02308,MED012,DC007,2026-04-16,2026-10-29,890.0,0.0
BAT02309,MED013,DC004,2026-04-17,2027-03-24,361.0,0.0
BAT02310,MED013,DC005,2026-04-18,2027-03-25,361.0,0.0
BAT02311,MED013,DC008,2026-04-17,2027-03-24,361.0,0.0
BAT02312,MED016,DC004,2026-04-17,2026-11-29,454.0,0.0
BAT02313,MED017,DC007,2026-04-16,2027-08-14,292.0,0.0
BAT02314,MED018,DC004,2026-04-17,2027-07-24,429.0,0.0
BAT02315,MED018,DC007,2026-04-16,2027-07-23,429.0,0.0
BAT02316,MED019,DC007,2026-04-16,2027-09-06,609.0,0.0
BAT02317,MED023,DC007,2026-04-16,2027-03-19,642.0,0.0
BAT02318,MED026,DC002,2026-04-15,2027-07-15,1028.0,0.0
BAT02319,MED026,DC006,2026-04-19,2027-07-19,1028.0,0.0
BAT02320,MED028,DC008,2026-04-17,2027-07-24,349.0,0.0
BAT02321,MED030,DC003,2026-04-15,2027-01-29,350.0,0.0
BAT02322,MED031,DC002,2026-04-15,2026-11-29,346.0,0.0
BAT02323,MED031,DC008,2026-04-17,2026-12-01,346.0,0.0
BAT02324,MED034,DC008,2026-04-17,2027-06-07,1036.0,0.0
BAT02325,MED036,DC002,2026-04-15,2027-06-17,756.0,0.0
BAT02326,MED039,DC001,2026-04-16,2027-07-17,314.0,0.0
BAT02327,MED040,DC002,2026-04-15,2027-07-10,340.0,0.0
BAT02328,MED040,DC005,2026-04-18,2027-07-13,340.0,0.0
BAT02329,MED001,DC006,2026-04-20,2026-12-08,215.0,0.0
BAT02330,MED004,DC005,2026-04-19,2027-10-08,1309.0,0.0
BAT02331,MED004,DC008,2026-04-18,2027-10-07,1309.0,0.0
BAT02332,MED007,DC008,2026-04-18,2027-03-14,625.0,0.0
BAT02333,MED008,DC008,2026-04-18,2027-03-12,1205.0,0.0
BAT02334,MED010,DC006,2026-04-20,2027-10-01,549.0,0.0
BAT02335,MED010,DC008,2026-04-18,2027-09-29,549.0,0.0
BAT02336,MED013,DC003,2026-04-16,2027-03-23,361.0,0.0
BAT02337,MED013,DC006,2026-04-20,2027-03-27,361.0,0.0
BAT02338,MED015,DC001,2026-04-17,2027-05-21,1245.0,0.0
BAT02339,MED016,DC006,2026-04-20,2026-12-02,454.0,0.0
BAT02340,MED018,DC002,2026-04-16,2027-07-23,429.0,0.0
BAT02341,MED019,DC008,2026-04-18,2027-09-08,609.0,0.0
BAT02342,MED022,DC005,2026-04-19,2027-07-14,424.0,0.0
BAT02343,MED022,DC006,2026-04-20,2027-07-15,424.0,0.0
BAT02344,MED023,DC008,2026-04-18,2027-03-21,642.0,0.0
BAT02345,MED024,DC005,2026-04-19,2027-06-21,344.0,0.0
BAT02346,MED024,DC006,2026-04-20,2027-06-22,344.0,0.0
BAT02347,MED025,DC004,2026-04-18,2027-07-23,1266.0,0.0
BAT02348,MED025,DC008,2026-04-18,2027-07-23,1266.0,0.0
BAT02349,MED030,DC002,2026-04-16,2027-01-30,350.0,0.0
BAT02350,MED030,DC008,2026-04-18,2027-02-01,350.0,0.0
BAT02351,MED031,DC005,2026-04-19,2026-12-03,346.0,0.0
BAT02352,MED033,DC001,2026-04-17,2027-02-18,442.0,0.0
BAT02353,MED033,DC004,2026-04-18,2027-02-19,442.0,0.0
BAT02354,MED034,DC006,2026-04-20,2027-06-10,1036.0,0.0
BAT02355,MED034,DC007,2026-04-17,2027-06-07,1036.0,0.0
BAT02356,MED037,DC003,2026-04-16,2026-10-14,1365.0,0.0
BAT02357,MED037,DC005,2026-04-19,2026-10-17,1365.0,0.0
BAT02358,MED037,DC007,2026-04-17,2026-10-15,1365.0,0.0
BAT02359,MED038,DC005,2026-04-19,2027-10-07,1426.0,0.0
BAT02360,MED039,DC004,2026-04-18,2027-07-19,314.0,0.0
BAT02361,MED001,DC007,2026-04-18,2026-12-06,215.0,0.0
BAT02362,MED008,DC001,2026-04-18,2027-03-12,1205.0,0.0
BAT02363,MED008,DC006,2026-04-21,2027-03-15,1205.0,0.0
BAT02364,MED010,DC003,2026-04-17,2027-09-28,549.0,0.0
BAT02365,MED010,DC005,2026-04-20,2027-10-01,549.0,0.0
BAT02366,MED014,DC005,2026-04-20,2027-03-01,437.0,0.0
BAT02367,MED016,DC001,2026-04-18,2026-11-30,454.0,0.0
BAT02368,MED016,DC003,2026-04-17,2026-11-29,454.0,0.0
BAT02369,MED019,DC006,2026-04-21,2027-09-11,609.0,0.0
BAT02370,MED020,DC005,2026-04-20,2027-02-28,376.0,0.0
BAT02371,MED021,DC004,2026-04-19,2027-09-08,1413.0,0.0
BAT02372,MED021,DC008,2026-04-19,2027-09-08,1413.0,0.0
BAT02373,MED022,DC004,2026-04-19,2027-07-14,424.0,0.0
BAT02374,MED023,DC004,2026-04-19,2027-03-22,642.0,0.0
BAT02375,MED024,DC001,2026-04-18,2027-06-20,344.0,0.0
BAT02376,MED025,DC001,2026-04-18,2027-07-23,1266.0,0.0
BAT02377,MED028,DC007,2026-04-18,2027-07-25,349.0,0.0
BAT02378,MED029,DC002,2026-04-17,2026-11-17,507.0,0.0
BAT02379,MED029,DC003,2026-04-17,2026-11-17,507.0,0.0
BAT02380,MED029,DC007,2026-04-18,2026-11-18,507.0,0.0
BAT02381,MED030,DC006,2026-04-21,2027-02-04,350.0,0.0
BAT02382,MED031,DC007,2026-04-18,2026-12-02,346.0,0.0
BAT02383,MED032,DC007,2026-04-18,2026-11-11,413.0,0.0
BAT02384,MED032,DC008,2026-04-19,2026-11-12,413.0,0.0
BAT02385,MED033,DC003,2026-04-17,2027-02-18,442.0,0.0
BAT02386,MED033,DC008,2026-04-19,2027-02-20,442.0,0.0
BAT02387,MED034,DC004,2026-04-19,2027-06-09,1036.0,0.0
BAT02388,MED035,DC005,2026-04-20,2026-11-11,466.0,0.0
BAT02389,MED036,DC004,2026-04-19,2027-06-21,756.0,0.0
BAT02390,MED036,DC006,2026-04-21,2027-06-23,756.0,0.0
BAT02391,MED040,DC004,2026-04-19,2027-07-14,340.0,0.0
BAT02392,MED001,DC001,2026-04-19,2026-12-07,215.0,0.0
BAT02393,MED002,DC001,2026-04-19,2027-08-20,219.0,0.0
BAT02394,MED004,DC006,2026-04-22,2027-10-11,1309.0,0.0
BAT02395,MED007,DC002,2026-04-18,2027-03-14,625.0,0.0
BAT02396,MED008,DC004,2026-04-20,2027-03-14,1205.0,0.0
BAT02397,MED009,DC002,2026-04-18,2027-04-19,1366.0,0.0
BAT02398,MED009,DC006,2026-04-22,2027-04-23,1366.0,0.0
BAT02399,MED009,DC008,2026-04-20,2027-04-21,1366.0,0.0
BAT02400,MED011,DC001,2026-04-19,2027-03-03,520.0,0.0
BAT02401,MED011,DC002,2026-04-18,2027-03-02,520.0,0.0
BAT02402,MED012,DC001,2026-04-19,2026-11-01,890.0,0.0
BAT02403,MED012,DC006,2026-04-22,2026-11-04,890.0,0.0
BAT02404,MED015,DC002,2026-04-18,2027-05-22,1245.0,0.0
BAT02405,MED021,DC005,2026-04-21,2027-09-10,1413.0,0.0
BAT02406,MED021,DC006,2026-04-22,2027-09-11,1413.0,0.0
BAT02407,MED025,DC006,2026-04-22,2027-07-27,1266.0,0.0
BAT02408,MED026,DC001,2026-04-19,2027-07-19,1028.0,0.0
BAT02409,MED027,DC004,2026-04-20,2027-07-08,899.0,0.0
BAT02410,MED029,DC001,2026-04-19,2026-11-19,507.0,0.0
BAT02411,MED033,DC002,2026-04-18,2027-02-19,442.0,0.0
BAT02412,MED034,DC001,2026-04-19,2027-06-09,1036.0,0.0
BAT02413,MED034,DC002,2026-04-18,2027-06-08,1036.0,0.0
BAT02414,MED037,DC006,2026-04-22,2026-10-20,1365.0,0.0
BAT02415,MED038,DC003,2026-04-18,2027-10-06,1426.0,0.0
BAT02416,MED038,DC006,2026-04-22,2027-10-10,1426.0,0.0
BAT02417,MED002,DC006,2026-04-23,2027-08-24,219.0,0.0
BAT02418,MED002,DC008,2026-04-21,2027-08-22,219.0,0.0
BAT02419,MED003,DC001,2026-04-20,2027-02-06,699.0,0.0
BAT02420,MED003,DC003,2026-04-19,2027-02-05,699.0,0.0
BAT02421,MED003,DC007,2026-04-20,2027-02-06,699.0,0.0
BAT02422,MED005,DC003,2026-04-19,2026-12-07,494.0,0.0
BAT02423,MED006,DC001,2026-04-20,2026-11-08,258.0,0.0
BAT02424,MED006,DC003,2026-04-19,2026-11-07,258.0,0.0
BAT02425,MED006,DC008,2026-04-21,2026-11-09,258.0,0.0
BAT02426,MED010,DC002,2026-04-19,2027-09-30,549.0,0.0
BAT02427,MED012,DC008,2026-04-21,2026-11-03,890.0,0.0
BAT02428,MED013,DC002,2026-04-19,2027-03-26,361.0,0.0
BAT02429,MED015,DC004,2026-04-21,2027-05-25,1245.0,0.0
BAT02430,MED015,DC008,2026-04-21,2027-05-25,1245.0,0.0
BAT02431,MED016,DC007,2026-04-20,2026-12-02,454.0,0.0
BAT02432,MED021,DC007,2026-04-20,2027-09-09,1413.0,0.0
BAT02433,MED023,DC003,2026-04-19,2027-03-22,642.0,0.0
BAT02434,MED024,DC007,2026-04-20,2027-06-22,344.0,0.0
BAT02435,MED024,DC008,2026-04-21,2027-06-23,344.0,0.0
BAT02436,MED026,DC005,2026-04-22,2027-07-22,1028.0,0.0
BAT02437,MED028,DC001,2026-04-20,2027-07-27,349.0,0.0
BAT02438,MED028,DC005,2026-04-22,2027-07-29,349.0,0.0
BAT02439,MED029,DC004,2026-04-21,2026-11-21,507.0,0.0
BAT02440,MED029,DC005,2026-04-22,2026-11-22,507.0,0.0
BAT02441,MED029,DC008,2026-04-21,2026-11-21,507.0,0.0
BAT02442,MED030,DC005,2026-04-22,2027-02-05,350.0,0.0
BAT02443,MED030,DC007,2026-04-20,2027-02-03,350.0,0.0
BAT02444,MED031,DC003,2026-04-19,2026-12-03,346.0,0.0
BAT02445,MED032,DC001,2026-04-20,2026-11-13,413.0,0.0
BAT02446,MED032,DC006,2026-04-23,2026-11-16,413.0,0.0
BAT02447,MED035,DC007,2026-04-20,2026-11-11,466.0,0.0
BAT02448,MED036,DC001,2026-04-20,2027-06-22,756.0,0.0
BAT02449,MED037,DC001,2026-04-20,2026-10-18,1365.0,0.0
BAT02450,MED038,DC001,2026-04-20,2027-10-08,1426.0,0.0
BAT02451,MED039,DC002,2026-04-19,2027-07-20,314.0,0.0
BAT02452,MED039,DC005,2026-04-22,2027-07-23,314.0,0.0
BAT02453,MED040,DC003,2026-04-19,2027-07-14,340.0,0.0
BAT02454,MED003,DC005,2026-04-23,2027-02-09,699.0,0.0
BAT02455,MED005,DC004,2026-04-22,2026-12-10,494.0,0.0
BAT02456,MED008,DC002,2026-04-20,2027-03-14,1205.0,0.0
BAT02457,MED009,DC005,2026-04-23,2027-04-24,1366.0,0.0
BAT02458,MED010,DC007,2026-04-21,2027-10-02,549.0,0.0
BAT02459,MED011,DC006,2026-04-24,2027-03-08,520.0,0.0
BAT02460,MED012,DC003,2026-04-20,2026-11-02,890.0,0.0
BAT02461,MED012,DC005,2026-04-23,2026-11-05,890.0,0.0
BAT02462,MED014,DC001,2026-04-21,2027-03-02,437.0,0.0
BAT02463,MED014,DC002,2026-04-20,2027-03-01,437.0,0.0
BAT02464,MED018,DC001,2026-04-21,2027-07-28,429.0,0.0
BAT02465,MED018,DC006,2026-04-24,2027-07-31,429.0,0.0
BAT02466,MED018,DC008,2026-04-22,2027-07-29,429.0,0.0
BAT02467,MED019,DC001,2026-04-21,2027-09-11,609.0,0.0
BAT02468,MED019,DC002,2026-04-20,2027-09-10,609.0,0.0
BAT02469,MED019,DC003,2026-04-20,2027-09-10,609.0,0.0
BAT02470,MED019,DC004,2026-04-22,2027-09-12,609.0,0.0
BAT02471,MED020,DC002,2026-04-20,2027-02-28,376.0,0.0
BAT02472,MED020,DC006,2026-04-24,2027-03-04,376.0,0.0
BAT02473,MED020,DC007,2026-04-21,2027-03-01,376.0,0.0
BAT02474,MED021,DC003,2026-04-20,2027-09-09,1413.0,0.0
BAT02475,MED022,DC002,2026-04-20,2027-07-15,424.0,0.0
BAT02476,MED022,DC003,2026-04-20,2027-07-15,424.0,0.0
BAT02477,MED023,DC005,2026-04-23,2027-03-26,642.0,0.0
BAT02478,MED026,DC007,2026-04-21,2027-07-21,1028.0,0.0
BAT02479,MED027,DC001,2026-04-21,2027-07-09,899.0,0.0
BAT02480,MED027,DC007,2026-04-21,2027-07-09,899.0,0.0
BAT02481,MED031,DC001,2026-04-21,2026-12-05,346.0,0.0
BAT02482,MED032,DC004,2026-04-22,2026-11-15,413.0,0.0
BAT02483,MED032,DC005,2026-04-23,2026-11-16,413.0,0.0
BAT02484,MED033,DC006,2026-04-24,2027-02-25,442.0,0.0
BAT02485,MED033,DC007,2026-04-21,2027-02-22,442.0,0.0
BAT02486,MED034,DC003,2026-04-20,2027-06-10,1036.0,0.0
BAT02487,MED035,DC006,2026-04-24,2026-11-15,466.0,0.0
BAT02488,MED037,DC004,2026-04-22,2026-10-20,1365.0,0.0
BAT02489,MED037,DC008,2026-04-22,2026-10-20,1365.0,0.0
BAT02490,MED038,DC002,2026-04-20,2027-10-08,1426.0,0.0
BAT02491,MED038,DC008,2026-04-22,2027-10-10,1426.0,0.0
BAT02492,MED040,DC001,2026-04-21,2027-07-16,340.0,0.0
BAT02493,MED040,DC008,2026-04-22,2027-07-17,340.0,0.0
BAT02494,MED002,DC004,2026-04-23,2027-08-24,219.0,0.0
BAT02495,MED003,DC008,2026-04-23,2027-02-09,699.0,0.0
BAT02496,MED004,DC002,2026-04-21,2027-10-10,1309.0,0.0
BAT02497,MED004,DC004,2026-04-23,2027-10-12,1309.0,0.0
BAT02498,MED004,DC007,2026-04-22,2027-10-11,1309.0,0.0
BAT02499,MED005,DC002,2026-04-21,2026-12-09,494.0,0.0
BAT02500,MED005,DC006,2026-04-25,2026-12-13,494.0,0.0
BAT02501,MED006,DC004,2026-04-23,2026-11-11,258.0,0.0
BAT02502,MED006,DC005,2026-04-24,2026-11-12,258.0,0.0
BAT02503,MED007,DC001,2026-04-22,2027-03-18,625.0,0.0
BAT02504,MED007,DC007,2026-04-22,2027-03-18,625.0,0.0
BAT02505,MED008,DC003,2026-04-21,2027-03-15,1205.0,0.0
BAT02506,MED008,DC007,2026-04-22,2027-03-16,1205.0,0.0
BAT02507,MED014,DC003,2026-04-21,2027-03-02,437.0,0.0
BAT02508,MED014,DC004,2026-04-23,2027-03-04,437.0,0.0
BAT02509,MED014,DC006,2026-04-25,2027-03-06,437.0,0.0
BAT02510,MED014,DC008,2026-04-23,2027-03-04,437.0,0.0
BAT02511,MED015,DC003,2026-04-21,2027-05-25,1245.0,0.0
BAT02512,MED015,DC006,2026-04-25,2027-05-29,1245.0,0.0
BAT02513,MED016,DC005,2026-04-24,2026-12-06,454.0,0.0
BAT02514,MED018,DC005,2026-04-24,2027-07-31,429.0,0.0
BAT02515,MED020,DC004,2026-04-23,2027-03-03,376.0,0.0
BAT02516,MED021,DC001,2026-04-22,2027-09-11,1413.0,0.0
BAT02517,MED022,DC001,2026-04-22,2027-07-17,424.0,0.0
BAT02518,MED022,DC008,2026-04-23,2027-07-18,424.0,0.0
BAT02519,MED023,DC001,2026-04-22,2027-03-25,642.0,0.0
BAT02520,MED024,DC002,2026-04-21,2027-06-23,344.0,0.0
BAT02521,MED025,DC003,2026-04-21,2027-07-26,1266.0,0.0
BAT02522,MED026,DC003,2026-04-21,2027-07-21,1028.0,0.0
BAT02523,MED026,DC008,2026-04-23,2027-07-23,1028.0,0.0
BAT02524,MED027,DC002,2026-04-21,2027-07-09,899.0,0.0
BAT02525,MED027,DC008,2026-04-23,2027-07-11,899.0,0.0
BAT02526,MED029,DC006,2026-04-25,2026-11-25,507.0,0.0
BAT02527,MED031,DC004,2026-04-23,2026-12-07,346.0,0.0
BAT02528,MED035,DC004,2026-04-23,2026-11-14,466.0,0.0
BAT02529,MED036,DC007,2026-04-22,2027-06-24,756.0,0.0
BAT02530,MED038,DC004,2026-04-23,2027-10-11,1426.0,0.0
BAT02531,MED039,DC006,2026-04-25,2027-07-26,314.0,0.0
BAT02532,MED040,DC006,2026-04-25,2027-07-20,340.0,0.0
BAT02533,MED002,DC002,2026-04-22,2027-08-23,219.0,0.0
BAT02534,MED003,DC002,2026-04-22,2027-02-08,699.0,0.0
BAT02535,MED004,DC003,2026-04-22,2027-10-11,1309.0,0.0
BAT02536,MED005,DC001,2026-04-23,2026-12-11,494.0,0.0
BAT02537,MED005,DC005,2026-04-25,2026-12-13,494.0,0.0
BAT02538,MED007,DC006,2026-04-26,2027-03-22,625.0,0.0
BAT02539,MED009,DC001,2026-04-23,2027-04-24,1366.0,0.0
BAT02540,MED009,DC003,2026-04-22,2027-04-23,1366.0,0.0
BAT02541,MED009,DC007,2026-04-23,2027-04-24,1366.0,0.0
BAT02542,MED010,DC001,2026-04-23,2027-10-04,549.0,0.0
BAT02543,MED012,DC004,2026-04-24,2026-11-06,890.0,0.0
BAT02544,MED013,DC001,2026-04-23,2027-03-30,361.0,0.0
BAT02545,MED015,DC005,2026-04-25,2027-05-29,1245.0,0.0
BAT02546,MED024,DC004,2026-04-24,2027-06-26,344.0,0.0
BAT02547,MED025,DC002,2026-04-22,2027-07-27,1266.0,0.0
BAT02548,MED027,DC003,2026-04-22,2027-07-10,899.0,0.0
BAT02549,MED027,DC006,2026-04-26,2027-07-14,899.0,0.0
BAT02550,MED028,DC002,2026-04-22,2027-07-29,349.0,0.0
BAT02551,MED030,DC004,2026-04-24,2027-02-07,350.0,0.0
BAT02552,MED031,DC006,2026-04-26,2026-12-10,346.0,0.0
BAT02553,MED032,DC002,2026-04-22,2026-11-15,413.0,0.0
BAT02554,MED036,DC003,2026-04-22,2027-06-24,756.0,0.0
BAT02555,MED037,DC002,2026-04-22,2026-10-20,1365.0,0.0
BAT02556,MED037,DC003,2026-04-22,2026-10-20,1365.0,0.0
BAT02557,MED040,DC007,2026-04-23,2027-07-18,340.0,0.0
BAT02558,MED003,DC004,2026-04-25,2027-02-11,699.0,0.0
BAT02559,MED003,DC006,2026-04-27,2027-02-13,699.0,0.0
BAT02560,MED007,DC003,2026-04-23,2027-03-19,625.0,0.0
BAT02561,MED012,DC002,2026-04-23,2026-11-05,890.0,0.0
BAT02562,MED013,DC005,2026-04-26,2027-04-02,361.0,0.0
BAT02563,MED013,DC007,2026-04-24,2027-03-31,361.0,0.0
BAT02564,MED015,DC007,2026-04-24,2027-05-28,1245.0,0.0
BAT02565,MED018,DC004,2026-04-25,2027-08-01,429.0,0.0
BAT02566,MED020,DC008,2026-04-25,2027-03-05,376.0,0.0
BAT02567,MED025,DC005,2026-04-26,2027-07-31,1266.0,0.0
BAT02568,MED025,DC007,2026-04-24,2027-07-29,1266.0,0.0
BAT02569,MED026,DC004,2026-04-25,2027-07-25,1028.0,0.0
BAT02570,MED027,DC005,2026-04-26,2027-07-14,899.0,0.0
BAT02571,MED030,DC001,2026-04-24,2027-02-07,350.0,0.0
BAT02572,MED032,DC003,2026-04-23,2026-11-16,413.0,0.0
BAT02573,MED033,DC005,2026-04-26,2027-02-27,442.0,0.0
BAT02574,MED034,DC005,2026-04-26,2027-06-16,1036.0,0.0
BAT02575,MED038,DC007,2026-04-24,2027-10-12,1426.0,0.0
BAT02576,MED040,DC005,2026-04-26,2027-07-21,340.0,0.0
BAT02577,MED004,DC001,2026-04-25,2027-10-14,1309.0,0.0
BAT02578,MED007,DC004,2026-04-26,2027-03-22,625.0,0.0
BAT02579,MED008,DC001,2026-04-25,2027-03-19,1205.0,0.0
BAT02580,MED008,DC005,2026-04-27,2027-03-21,1205.0,0.0
BAT02581,MED009,DC004,2026-04-26,2027-04-27,1366.0,0.0
BAT02582,MED011,DC007,2026-04-25,2027-03-09,520.0,0.0
BAT02583,MED011,DC008,2026-04-26,2027-03-10,520.0,0.0
BAT02584,MED012,DC007,2026-04-25,2026-11-07,890.0,0.0
BAT02585,MED013,DC003,2026-04-24,2027-03-31,361.0,0.0
BAT02586,MED013,DC004,2026-04-26,2027-04-02,361.0,0.0
BAT02587,MED013,DC006,2026-04-28,2027-04-04,361.0,0.0
BAT02588,MED014,DC007,2026-04-25,2027-03-06,437.0,0.0
BAT02589,MED015,DC001,2026-04-25,2027-05-29,1245.0,0.0
BAT02590,MED016,DC008,2026-04-26,2026-12-08,454.0,0.0
BAT02591,MED017,DC001,2026-04-25,2027-08-23,292.0,0.0
BAT02592,MED017,DC005,2026-04-27,2027-08-25,292.0,0.0
BAT02593,MED018,DC002,2026-04-24,2027-07-31,429.0,0.0
BAT02594,MED018,DC003,2026-04-24,2027-07-31,429.0,0.0
BAT02595,MED019,DC007,2026-04-25,2027-09-15,609.0,0.0
BAT02596,MED020,DC001,2026-04-25,2027-03-05,376.0,0.0
BAT02597,MED021,DC002,2026-04-24,2027-09-13,1413.0,0.0
BAT02598,MED022,DC007,2026-04-25,2027-07-20,424.0,0.0
BAT02599,MED023,DC002,2026-04-24,2027-03-27,642.0,0.0
BAT02600,MED023,DC006,2026-04-28,2027-03-31,642.0,0.0
BAT02601,MED023,DC007,2026-04-25,2027-03-28,642.0,0.0
BAT02602,MED024,DC006,2026-04-28,2027-06-30,344.0,0.0
BAT02603,MED026,DC002,2026-04-24,2027-07-24,1028.0,0.0
BAT02604,MED026,DC006,2026-04-28,2027-07-28,1028.0,0.0
BAT02605,MED030,DC003,2026-04-24,2027-02-07,350.0,0.0
BAT02606,MED031,DC008,2026-04-26,2026-12-10,346.0,0.0
BAT02607,MED033,DC001,2026-04-25,2027-02-26,442.0,0.0
BAT02608,MED033,DC004,2026-04-26,2027-02-27,442.0,0.0
BAT02609,MED034,DC008,2026-04-26,2027-06-16,1036.0,0.0
BAT02610,MED035,DC001,2026-04-25,2026-11-16,466.0,0.0
BAT02611,MED035,DC002,2026-04-24,2026-11-15,466.0,0.0
BAT02612,MED036,DC002,2026-04-24,2027-06-26,756.0,0.0
BAT02613,MED036,DC005,2026-04-27,2027-06-29,756.0,0.0
BAT02614,MED004,DC005,2026-04-28,2027-10-17,1309.0,0.0
BAT02615,MED004,DC008,2026-04-27,2027-10-16,1309.0,0.0
BAT02616,MED005,DC007,2026-04-26,2026-12-14,494.0,0.0
BAT02617,MED007,DC005,2026-04-28,2027-03-24,625.0,0.0
BAT02618,MED008,DC008,2026-04-27,2027-03-21,1205.0,0.0
BAT02619,MED009,DC002,2026-04-25,2027-04-26,1366.0,0.0
BAT02620,MED010,DC004,2026-04-27,2027-10-08,549.0,0.0
BAT02621,MED010,DC005,2026-04-28,2027-10-09,549.0,0.0
BAT02622,MED011,DC003,2026-04-25,2027-03-09,520.0,0.0
BAT02623,MED011,DC004,2026-04-27,2027-03-11,520.0,0.0
BAT02624,MED011,DC005,2026-04-28,2027-03-12,520.0,0.0
BAT02625,MED013,DC008,2026-04-27,2027-04-03,361.0,0.0
BAT02626,MED014,DC005,2026-04-28,2027-03-09,437.0,0.0
BAT02627,MED016,DC004,2026-04-27,2026-12-09,454.0,0.0
BAT02628,MED016,DC006,2026-04-29,2026-12-11,454.0,0.0
BAT02629,MED017,DC002,2026-04-25,2027-08-23,292.0,0.0
BAT02630,MED017,DC004,2026-04-27,2027-08-25,292.0,0.0
BAT02631,MED019,DC005,2026-04-28,2027-09-18,609.0,0.0
BAT02632,MED021,DC004,2026-04-27,2027-09-16,1413.0,0.0
BAT02633,MED021,DC008,2026-04-27,2027-09-16,1413.0,0.0
BAT02634,MED023,DC004,2026-04-27,2027-03-30,642.0,0.0
BAT02635,MED025,DC004,2026-04-27,2027-08-01,1266.0,0.0
BAT02636,MED025,DC008,2026-04-27,2027-08-01,1266.0,0.0
BAT02637,MED028,DC006,2026-04-29,2027-08-05,349.0,0.0
BAT02638,MED028,DC008,2026-04-27,2027-08-03,349.0,0.0
BAT02639,MED029,DC001,2026-04-26,2026-11-26,507.0,0.0
BAT02640,MED029,DC002,2026-04-25,2026-11-25,507.0,0.0
BAT02641,MED029,DC003,2026-04-25,2026-11-25,507.0,0.0
BAT02642,MED029,DC007,2026-04-26,2026-11-26,507.0,0.0
BAT02643,MED031,DC002,2026-04-25,2026-12-09,346.0,0.0
BAT02644,MED031,DC005,2026-04-28,2026-12-12,346.0,0.0
BAT02645,MED031,DC007,2026-04-26,2026-12-10,346.0,0.0
BAT02646,MED032,DC008,2026-04-27,2026-11-20,413.0,0.0
BAT02647,MED033,DC008,2026-04-27,2027-02-28,442.0,0.0
BAT02648,MED034,DC006,2026-04-29,2027-06-19,1036.0,0.0
BAT02649,MED034,DC007,2026-04-26,2027-06-16,1036.0,0.0
BAT02650,MED035,DC003,2026-04-25,2026-11-16,466.0,0.0
BAT02651,MED035,DC008,2026-04-27,2026-11-18,466.0,0.0
BAT02652,MED036,DC008,2026-04-27,2027-06-29,756.0,0.0
BAT02653,MED037,DC001,2026-04-26,2026-10-24,1365.0,0.0
BAT02654,MED037,DC005,2026-04-28,2026-10-26,1365.0,0.0
BAT02655,MED038,DC005,2026-04-28,2027-10-16,1426.0,0.0
BAT02656,MED001,DC006,2026-04-30,2026-12-18,215.0,0.0
BAT02657,MED001,DC007,2026-04-27,2026-12-15,215.0,0.0
BAT02658,MED002,DC001,2026-04-27,2027-08-28,219.0,0.0
BAT02659,MED005,DC008,2026-04-28,2026-12-16,494.0,0.0
BAT02660,MED006,DC003,2026-04-26,2026-11-14,258.0,0.0
BAT02661,MED007,DC008,2026-04-28,2027-03-24,625.0,0.0
BAT02662,MED008,DC004,2026-04-28,2027-03-22,1205.0,0.0
BAT02663,MED008,DC006,2026-04-30,2027-03-24,1205.0,0.0
BAT02664,MED009,DC008,2026-04-28,2027-04-29,1366.0,0.0
BAT02665,MED010,DC006,2026-04-30,2027-10-11,549.0,0.0
BAT02666,MED010,DC008,2026-04-28,2027-10-09,549.0,0.0
BAT02667,MED012,DC001,2026-04-27,2026-11-09,890.0,0.0
BAT02668,MED013,DC002,2026-04-26,2027-04-02,361.0,0.0
BAT02669,MED015,DC002,2026-04-26,2027-05-30,1245.0,0.0
BAT02670,MED016,DC001,2026-04-27,2026-12-09,454.0,0.0
BAT02671,MED016,DC002,2026-04-26,2026-12-08,454.0,0.0
BAT02672,MED017,DC007,2026-04-27,2027-08-25,292.0,0.0
BAT02673,MED018,DC007,2026-04-27,2027-08-03,429.0,0.0
BAT02674,MED019,DC006,2026-04-30,2027-09-20,609.0,0.0
BAT02675,MED020,DC005,2026-04-29,2027-03-09,376.0,0.0
BAT02676,MED021,DC005,2026-04-29,2027-09-18,1413.0,0.0
BAT02677,MED021,DC006,2026-04-30,2027-09-19,1413.0,0.0
BAT02678,MED022,DC004,2026-04-28,2027-07-23,424.0,0.0
BAT02679,MED022,DC005,2026-04-29,2027-07-24,424.0,0.0
BAT02680,MED022,DC006,2026-04-30,2027-07-25,424.0,0.0
BAT02681,MED024,DC001,2026-04-27,2027-06-29,344.0,0.0
BAT02682,MED024,DC005,2026-04-29,2027-07-01,344.0,0.0
BAT02683,MED024,DC008,2026-04-28,2027-06-30,344.0,0.0
BAT02684,MED025,DC001,2026-04-27,2027-08-01,1266.0,0.0
BAT02685,MED025,DC006,2026-04-30,2027-08-04,1266.0,0.0
BAT02686,MED026,DC001,2026-04-27,2027-07-27,1028.0,0.0
BAT02687,MED030,DC005,2026-04-29,2027-02-12,350.0,0.0
BAT02688,MED030,DC008,2026-04-28,2027-02-11,350.0,0.0
BAT02689,MED032,DC007,2026-04-27,2026-11-20,413.0,0.0
BAT02690,MED034,DC001,2026-04-27,2027-06-17,1036.0,0.0
BAT02691,MED034,DC002,2026-04-26,2027-06-16,1036.0,0.0
BAT02692,MED034,DC004,2026-04-28,2027-06-18,1036.0,0.0
BAT02693,MED036,DC006,2026-04-30,2027-07-02,756.0,0.0
BAT02694,MED037,DC007,2026-04-27,2026-10-25,1365.0,0.0
BAT02695,MED039,DC001,2026-04-27,2027-07-28,314.0,0.0
BAT02696,MED039,DC003,2026-04-26,2027-07-27,314.0,0.0
BAT02697,MED040,DC004,2026-04-28,2027-07-23,340.0,0.0
BAT02698,MED001,DC001,2026-04-28,2026-12-16,215.0,0.0
BAT02699,MED002,DC006,2026-05-01,2027-09-01,219.0,0.0
BAT02700,MED002,DC008,2026-04-29,2027-08-30,219.0,0.0
BAT02701,MED003,DC003,2026-04-27,2027-02-13,699.0,0.0
BAT02702,MED003,DC007,2026-04-28,2027-02-14,699.0,0.0
BAT02703,MED004,DC006,2026-05-01,2027-10-20,1309.0,0.0
BAT02704,MED006,DC008,2026-04-29,2026-11-17,258.0,0.0
BAT02705,MED009,DC006,2026-05-01,2027-05-02,1366.0,0.0
BAT02706,MED010,DC003,2026-04-27,2027-10-08,549.0,0.0
BAT02707,MED012,DC005,2026-04-30,2026-11-12,890.0,0.0
BAT02708,MED014,DC002,2026-04-27,2027-03-08,437.0,0.0
BAT02709,MED018,DC001,2026-04-28,2027-08-04,429.0,0.0
BAT02710,MED019,DC008,2026-04-29,2027-09-19,609.0,0.0
BAT02711,MED021,DC007,2026-04-28,2027-09-17,1413.0,0.0
BAT02712,MED023,DC003,2026-04-27,2027-03-30,642.0,0.0
BAT02713,MED023,DC005,2026-04-30,2027-04-02,642.0,0.0
BAT02714,MED023,DC008,2026-04-29,2027-04-01,642.0,0.0
BAT02715,MED027,DC004,2026-04-29,2027-07-17,899.0,0.0
BAT02716,MED028,DC004,2026-04-29,2027-08-05,349.0,0.0
BAT02717,MED028,DC007,2026-04-28,2027-08-04,349.0,0.0
BAT02718,MED029,DC004,2026-04-29,2026-11-29,507.0,0.0
BAT02719,MED029,DC005,2026-04-30,2026-11-30,507.0,0.0
BAT02720,MED030,DC002,2026-04-27,2027-02-10,350.0,0.0
BAT02721,MED030,DC006,2026-05-01,2027-02-14,350.0,0.0
BAT02722,MED031,DC003,2026-04-27,2026-12-11,346.0,0.0
BAT02723,MED032,DC001,2026-04-28,2026-11-21,413.0,0.0
BAT02724,MED032,DC006,2026-05-01,2026-11-24,413.0,0.0
BAT02725,MED033,DC002,2026-04-27,2027-02-28,442.0,0.0
BAT02726,MED033,DC003,2026-04-27,2027-02-28,442.0,0.0
BAT02727,MED035,DC005,2026-04-30,2026-11-21,466.0,0.0
BAT02728,MED036,DC004,2026-04-29,2027-07-01,756.0,0.0
BAT02729,MED037,DC004,2026-04-29,2026-10-27,1365.0,0.0
BAT02730,MED037,DC006,2026-05-01,2026-10-29,1365.0,0.0
BAT02731,MED038,DC003,2026-04-27,2027-10-15,1426.0,0.0
BAT02732,MED038,DC006,2026-05-01,2027-10-19,1426.0,0.0
BAT02733,MED040,DC002,2026-04-27,2027-07-22,340.0,0.0
BAT02734,MED040,DC003,2026-04-27,2027-07-22,340.0,0.0
BAT02735,MED003,DC001,2026-04-29,2027-02-15,699.0,0.0
BAT02736,MED006,DC001,2026-04-29,2026-11-17,258.0,0.0
BAT02737,MED006,DC005,2026-05-01,2026-11-19,258.0,0.0
BAT02738,MED007,DC002,2026-04-28,2027-03-24,625.0,0.0
BAT02739,MED008,DC002,2026-04-28,2027-03-22,1205.0,0.0
BAT02740,MED011,DC001,2026-04-29,2027-03-13,520.0,0.0
BAT02741,MED012,DC006,2026-05-02,2026-11-14,890.0,0.0
BAT02742,MED015,DC003,2026-04-28,2027-06-01,1245.0,0.0
BAT02743,MED015,DC004,2026-04-30,2027-06-03,1245.0,0.0
BAT02744,MED015,DC008,2026-04-30,2027-06-03,1245.0,0.0
BAT02745,MED016,DC003,2026-04-28,2026-12-10,454.0,0.0
BAT02746,MED016,DC005,2026-05-01,2026-12-13,454.0,0.0
BAT02747,MED018,DC006,2026-05-02,2027-08-08,429.0,0.0
BAT02748,MED018,DC008,2026-04-30,2027-08-06,429.0,0.0
BAT02749,MED024,DC007,2026-04-29,2027-07-01,344.0,0.0
BAT02750,MED026,DC005,2026-05-01,2027-07-31,1028.0,0.0
BAT02751,MED029,DC008,2026-04-30,2026-11-30,507.0,0.0
BAT02752,MED030,DC007,2026-04-29,2027-02-12,350.0,0.0
BAT02753,MED032,DC004,2026-04-30,2026-11-23,413.0,0.0
BAT02754,MED033,DC007,2026-04-29,2027-03-02,442.0,0.0
BAT02755,MED034,DC003,2026-04-28,2027-06-18,1036.0,0.0
BAT02756,MED035,DC007,2026-04-29,2026-11-20,466.0,0.0
BAT02757,MED038,DC001,2026-04-29,2027-10-17,1426.0,0.0
BAT02758,MED039,DC002,2026-04-28,2027-07-29,314.0,0.0
BAT02759,MED039,DC004,2026-04-30,2027-07-31,314.0,0.0
BAT02760,MED006,DC004,2026-05-01,2026-11-19,258.0,0.0
BAT02761,MED008,DC003,2026-04-29,2027-03-23,1205.0,0.0
BAT02762,MED009,DC001,2026-04-30,2027-05-01,1366.0,0.0
BAT02763,MED009,DC003,2026-04-29,2027-04-30,1366.0,0.0
BAT02764,MED009,DC005,2026-05-02,2027-05-03,1366.0,0.0
BAT02765,MED010,DC002,2026-04-29,2027-10-10,549.0,0.0
BAT02766,MED010,DC007,2026-04-30,2027-10-11,549.0,0.0
BAT02767,MED011,DC002,2026-04-29,2027-03-13,520.0,0.0
BAT02768,MED014,DC006,2026-05-03,2027-03-14,437.0,0.0
BAT02769,MED015,DC006,2026-05-03,2027-06-06,1245.0,0.0
BAT02770,MED016,DC007,2026-04-30,2026-12-12,454.0,0.0
BAT02771,MED019,DC003,2026-04-29,2027-09-19,609.0,0.0
BAT02772,MED020,DC006,2026-05-03,2027-03-13,376.0,0.0
BAT02773,MED021,DC003,2026-04-29,2027-09-18,1413.0,0.0
BAT02774,MED025,DC003,2026-04-29,2027-08-03,1266.0,0.0
BAT02775,MED026,DC007,2026-04-30,2027-07-30,1028.0,0.0
BAT02776,MED027,DC001,2026-04-30,2027-07-18,899.0,0.0
BAT02777,MED027,DC002,2026-04-29,2027-07-17,899.0,0.0
BAT02778,MED027,DC007,2026-04-30,2027-07-18,899.0,0.0
BAT02779,MED028,DC005,2026-05-02,2027-08-08,349.0,0.0
BAT02780,MED032,DC005,2026-05-02,2026-11-25,413.0,0.0
BAT02781,MED036,DC001,2026-04-30,2027-07-02,756.0,0.0
BAT02782,MED037,DC003,2026-04-29,2026-10-27,1365.0,0.0
BAT02783,MED037,DC008,2026-05-01,2026-10-29,1365.0,0.0
BAT02784,MED038,DC002,2026-04-29,2027-10-17,1426.0,0.0
BAT02785,MED039,DC005,2026-05-02,2027-08-02,314.0,0.0
BAT02786,MED040,DC006,2026-05-03,2027-07-28,340.0,0.0
BAT02787,MED001,DC008,2026-05-02,2026-12-20,215.0,0.0
BAT02788,MED002,DC004,2026-05-02,2027-09-02,219.0,0.0
BAT02789,MED003,DC005,2026-05-03,2027-02-19,699.0,0.0
BAT02790,MED004,DC007,2026-05-01,2027-10-20,1309.0,0.0
BAT02791,MED008,DC007,2026-05-01,2027-03-25,1205.0,0.0
BAT02792,MED014,DC001,2026-05-01,2027-03-12,437.0,0.0
BAT02793,MED015,DC005,2026-05-03,2027-06-06,1245.0,0.0
BAT02794,MED019,DC001,2026-05-01,2027-09-21,609.0,0.0
BAT02795,MED021,DC001,2026-05-01,2027-09-20,1413.0,0.0
BAT02796,MED022,DC002,2026-04-30,2027-07-25,424.0,0.0
BAT02797,MED024,DC002,2026-04-30,2027-07-02,344.0,0.0
BAT02798,MED028,DC001,2026-05-01,2027-08-07,349.0,0.0
BAT02799,MED029,DC006,2026-05-04,2026-12-04,507.0,0.0
BAT02800,MED030,DC004,2026-05-02,2027-02-15,350.0,0.0
BAT02801,MED031,DC004,2026-05-02,2026-12-16,346.0,0.0
BAT02802,MED031,DC006,2026-05-04,2026-12-18,346.0,0.0
BAT02803,MED032,DC003,2026-04-30,2026-11-23,413.0,0.0
BAT02804,MED033,DC006,2026-05-04,2027-03-07,442.0,0.0
BAT02805,MED038,DC008,2026-05-02,2027-10-20,1426.0,0.0
BAT02806,MED040,DC001,2026-05-01,2027-07-26,340.0,0.0
BAT02807,MED040,DC005,2026-05-03,2027-07-28,340.0,0.0
BAT02808,MED002,DC002,2026-05-01,2027-09-01,219.0,0.0
BAT02809,MED003,DC002,2026-05-01,2027-02-17,699.0,0.0
BAT02810,MED003,DC008,2026-05-03,2027-02-19,699.0,0.0
BAT02811,MED004,DC002,2026-05-01,2027-10-20,1309.0,0.0
BAT02812,MED004,DC003,2026-05-01,2027-10-20,1309.0,0.0
BAT02813,MED004,DC004,2026-05-03,2027-10-22,1309.0,0.0
BAT02814,MED005,DC003,2026-05-01,2026-12-19,494.0,0.0
BAT02815,MED005,DC004,2026-05-03,2026-12-21,494.0,0.0
BAT02816,MED005,DC006,2026-05-05,2026-12-23,494.0,0.0
BAT02817,MED007,DC001,2026-05-02,2027-03-28,625.0,0.0
BAT02818,MED007,DC006,2026-05-05,2027-03-31,625.0,0.0
BAT02819,MED007,DC007,2026-05-02,2027-03-28,625.0,0.0
BAT02820,MED009,DC007,2026-05-02,2027-05-03,1366.0,0.0
BAT02821,MED011,DC006,2026-05-05,2027-03-19,520.0,0.0
BAT02822,MED012,DC003,2026-05-01,2026-11-13,890.0,0.0
BAT02823,MED013,DC001,2026-05-02,2027-04-08,361.0,0.0
BAT02824,MED013,DC005,2026-05-04,2027-04-10,361.0,0.0
BAT02825,MED014,DC003,2026-05-01,2027-03-12,437.0,0.0
BAT02826,MED014,DC004,2026-05-03,2027-03-14,437.0,0.0
BAT02827,MED014,DC008,2026-05-03,2027-03-14,437.0,0.0
BAT02828,MED017,DC008,2026-05-03,2027-08-31,292.0,0.0
BAT02829,MED018,DC005,2026-05-04,2027-08-10,429.0,0.0
BAT02830,MED019,DC002,2026-05-01,2027-09-21,609.0,0.0
BAT02831,MED019,DC004,2026-05-03,2027-09-23,609.0,0.0
BAT02832,MED020,DC002,2026-05-01,2027-03-11,376.0,0.0
BAT02833,MED020,DC004,2026-05-03,2027-03-13,376.0,0.0
BAT02834,MED022,DC001,2026-05-02,2027-07-27,424.0,0.0
BAT02835,MED024,DC004,2026-05-03,2027-07-05,344.0,0.0
BAT02836,MED025,DC002,2026-05-01,2027-08-05,1266.0,0.0
BAT02837,MED026,DC003,2026-05-01,2027-07-31,1028.0,0.0
BAT02838,MED026,DC008,2026-05-03,2027-08-02,1028.0,0.0
BAT02839,MED027,DC003,2026-05-01,2027-07-19,899.0,0.0
BAT02840,MED027,DC005,2026-05-04,2027-07-22,899.0,0.0
BAT02841,MED027,DC008,2026-05-03,2027-07-21,899.0,0.0
BAT02842,MED032,DC002,2026-05-01,2026-11-24,413.0,0.0
BAT02843,MED035,DC006,2026-05-05,2026-11-26,466.0,0.0
BAT02844,MED037,DC002,2026-05-01,2026-10-29,1365.0,0.0
BAT02845,MED038,DC004,2026-05-03,2027-10-21,1426.0,0.0
BAT02846,MED038,DC007,2026-05-02,2027-10-20,1426.0,0.0
BAT02847,MED002,DC007,2026-05-03,2027-09-03,219.0,0.0
BAT02848,MED003,DC004,2026-05-04,2027-02-20,699.0,0.0
BAT02849,MED003,DC006,2026-05-06,2027-02-22,699.0,0.0
BAT02850,MED004,DC001,2026-05-03,2027-10-22,1309.0,0.0
BAT02851,MED005,DC005,2026-05-05,2026-12-23,494.0,0.0
BAT02852,MED007,DC003,2026-05-02,2027-03-28,625.0,0.0
BAT02853,MED007,DC004,2026-05-04,2027-03-30,625.0,0.0
BAT02854,MED008,DC001,2026-05-03,2027-03-27,1205.0,0.0
BAT02855,MED008,DC005,2026-05-05,2027-03-29,1205.0,0.0
BAT02856,MED012,DC008,2026-05-04,2026-11-16,890.0,0.0
BAT02857,MED013,DC003,2026-05-02,2027-04-08,361.0,0.0
BAT02858,MED013,DC006,2026-05-06,2027-04-12,361.0,0.0
BAT02859,MED013,DC007,2026-05-03,2027-04-09,361.0,0.0
BAT02860,MED015,DC001,2026-05-03,2027-06-06,1245.0,0.0
BAT02861,MED015,DC007,2026-05-03,2027-06-06,1245.0,0.0
BAT02862,MED018,DC002,2026-05-02,2027-08-08,429.0,0.0
BAT02863,MED018,DC003,2026-05-02,2027-08-08,429.0,0.0
BAT02864,MED018,DC004,2026-05-04,2027-08-10,429.0,0.0
BAT02865,MED020,DC007,2026-05-03,2027-03-13,376.0,0.0
BAT02866,MED021,DC002,2026-05-02,2027-09-21,1413.0,0.0
BAT02867,MED022,DC003,2026-05-02,2027-07-27,424.0,0.0
BAT02868,MED022,DC008,2026-05-04,2027-07-29,424.0,0.0
BAT02869,MED023,DC006,2026-05-06,2027-04-08,642.0,0.0
BAT02870,MED024,DC006,2026-05-06,2027-07-08,344.0,0.0
BAT02871,MED025,DC005,2026-05-05,2027-08-09,1266.0,0.0
BAT02872,MED025,DC007,2026-05-03,2027-08-07,1266.0,0.0
BAT02873,MED026,DC004,2026-05-04,2027-08-03,1028.0,0.0
BAT02874,MED027,DC006,2026-05-06,2027-07-24,899.0,0.0
BAT02875,MED028,DC002,2026-05-02,2027-08-08,349.0,0.0
BAT02876,MED029,DC001,2026-05-03,2026-12-03,507.0,0.0
BAT02877,MED029,DC002,2026-05-02,2026-12-02,507.0,0.0
BAT02878,MED029,DC003,2026-05-02,2026-12-02,507.0,0.0
BAT02879,MED031,DC001,2026-05-03,2026-12-17,346.0,0.0
BAT02880,MED031,DC005,2026-05-05,2026-12-19,346.0,0.0
BAT02881,MED033,DC001,2026-05-03,2027-03-06,442.0,0.0
BAT02882,MED033,DC005,2026-05-05,2027-03-08,442.0,0.0
BAT02883,MED034,DC005,2026-05-05,2027-06-25,1036.0,0.0
BAT02884,MED034,DC008,2026-05-04,2027-06-24,1036.0,0.0
BAT02885,MED035,DC004,2026-05-04,2026-11-25,466.0,0.0
BAT02886,MED036,DC003,2026-05-02,2027-07-04,756.0,0.0
BAT02887,MED039,DC006,2026-05-06,2027-08-06,314.0,0.0
BAT02888,MED040,DC007,2026-05-03,2027-07-28,340.0,0.0
BAT02889,MED004,DC005,2026-05-06,2027-10-25,1309.0,0.0
BAT02890,MED004,DC008,2026-05-05,2027-10-24,1309.0,0.0
BAT02891,MED005,DC002,2026-05-03,2026-12-21,494.0,0.0
BAT02892,MED005,DC007,2026-05-04,2026-12-22,494.0,0.0
BAT02893,MED007,DC005,2026-05-06,2027-04-01,625.0,0.0
BAT02894,MED009,DC002,2026-05-03,2027-05-04,1366.0,0.0
BAT02895,MED009,DC004,2026-05-05,2027-05-06,1366.0,0.0
BAT02896,MED010,DC001,2026-05-04,2027-10-15,549.0,0.0
BAT02897,MED010,DC005,2026-05-06,2027-10-17,549.0,0.0
BAT02898,MED012,DC002,2026-05-03,2026-11-15,890.0,0.0
BAT02899,MED012,DC004,2026-05-05,2026-11-17,890.0,0.0
BAT02900,MED013,DC008,2026-05-05,2027-04-11,361.0,0.0
BAT02901,MED014,DC007,2026-05-04,2027-03-15,437.0,0.0
BAT02902,MED015,DC002,2026-05-03,2027-06-06,1245.0,0.0
BAT02903,MED016,DC004,2026-05-05,2026-12-17,454.0,0.0
BAT02904,MED016,DC006,2026-05-07,2026-12-19,454.0,0.0
BAT02905,MED017,DC003,2026-05-03,2027-08-31,292.0,0.0
BAT02906,MED021,DC004,2026-05-05,2027-09-24,1413.0,0.0
BAT02907,MED021,DC008,2026-05-05,2027-09-24,1413.0,0.0
BAT02908,MED023,DC001,2026-05-04,2027-04-06,642.0,0.0
BAT02909,MED023,DC002,2026-05-03,2027-04-05,642.0,0.0
BAT02910,MED026,DC002,2026-05-03,2027-08-02,1028.0,0.0
BAT02911,MED026,DC006,2026-05-07,2027-08-06,1028.0,0.0
BAT02912,MED028,DC003,2026-05-03,2027-08-09,349.0,0.0
BAT02913,MED030,DC001,2026-05-04,2027-02-17,350.0,0.0
BAT02914,MED031,DC002,2026-05-03,2026-12-17,346.0,0.0
BAT02915,MED031,DC008,2026-05-05,2026-12-19,346.0,0.0
BAT02916,MED033,DC004,2026-05-05,2027-03-08,442.0,0.0
BAT02917,MED034,DC002,2026-05-03,2027-06-23,1036.0,0.0
BAT02918,MED036,DC007,2026-05-04,2027-07-06,756.0,0.0
BAT02919,MED037,DC001,2026-05-04,2026-11-01,1365.0,0.0
BAT02920,MED037,DC005,2026-05-06,2026-11-03,1365.0,0.0
BAT02921,MED038,DC005,2026-05-06,2027-10-24,1426.0,0.0
BAT02922,MED040,DC004,2026-05-05,2027-07-30,340.0,0.0
BAT02923,MED040,DC008,2026-05-05,2027-07-30,340.0,0.0
BAT02924,MED002,DC001,2026-05-05,2027-09-05,219.0,0.0
BAT02925,MED005,DC001,2026-05-05,2026-12-23,494.0,0.0
BAT02926,MED006,DC002,2026-05-04,2026-11-22,258.0,0.0
BAT02927,MED007,DC008,2026-05-06,2027-04-01,625.0,0.0
BAT02928,MED008,DC008,2026-05-06,2027-03-30,1205.0,0.0
BAT02929,MED010,DC004,2026-05-06,2027-10-17,549.0,0.0
BAT02930,MED011,DC005,2026-05-07,2027-03-21,520.0,0.0
BAT02931,MED011,DC008,2026-05-06,2027-03-20,520.0,0.0
BAT02932,MED013,DC002,2026-05-04,2027-04-10,361.0,0.0
BAT02933,MED013,DC004,2026-05-06,2027-04-12,361.0,0.0
BAT02934,MED017,DC001,2026-05-05,2027-09-02,292.0,0.0
BAT02935,MED017,DC005,2026-05-07,2027-09-04,292.0,0.0
BAT02936,MED018,DC007,2026-05-05,2027-08-11,429.0,0.0
BAT02937,MED019,DC005,2026-05-07,2027-09-27,609.0,0.0
BAT02938,MED019,DC007,2026-05-05,2027-09-25,609.0,0.0
BAT02939,MED020,DC001,2026-05-05,2027-03-15,376.0,0.0
BAT02940,MED020,DC005,2026-05-07,2027-03-17,376.0,0.0
BAT02941,MED020,DC008,2026-05-06,2027-03-16,376.0,0.0
BAT02942,MED023,DC004,2026-05-06,2027-04-08,642.0,0.0
BAT02943,MED023,DC005,2026-05-07,2027-04-09,642.0,0.0
BAT02944,MED023,DC007,2026-05-05,2027-04-07,642.0,0.0
BAT02945,MED024,DC005,2026-05-07,2027-07-09,344.0,0.0
BAT02946,MED024,DC008,2026-05-06,2027-07-08,344.0,0.0
BAT02947,MED025,DC004,2026-05-06,2027-08-10,1266.0,0.0
BAT02948,MED025,DC008,2026-05-06,2027-08-10,1266.0,0.0
BAT02949,MED028,DC008,2026-05-06,2027-08-12,349.0,0.0
BAT02950,MED029,DC007,2026-05-05,2026-12-05,507.0,0.0
BAT02951,MED030,DC003,2026-05-04,2027-02-17,350.0,0.0
BAT02952,MED030,DC005,2026-05-07,2027-02-20,350.0,0.0
BAT02953,MED031,DC003,2026-05-04,2026-12-18,346.0,0.0
BAT02954,MED033,DC008,2026-05-06,2027-03-09,442.0,0.0
BAT02955,MED034,DC001,2026-05-05,2027-06-25,1036.0,0.0
BAT02956,MED034,DC004,2026-05-06,2027-06-26,1036.0,0.0
BAT02957,MED034,DC006,2026-05-08,2027-06-28,1036.0,0.0
BAT02958,MED034,DC007,2026-05-05,2027-06-25,1036.0,0.0
BAT02959,MED035,DC003,2026-05-04,2026-11-25,466.0,0.0
BAT02960,MED040,DC002,2026-05-04,2027-07-29,340.0,0.0
BAT02961,MED002,DC006,2026-05-09,2027-09-09,219.0,0.0
BAT02962,MED003,DC003,2026-05-05,2027-02-21,699.0,0.0
BAT02963,MED006,DC001,2026-05-06,2026-11-24,258.0,0.0
BAT02964,MED006,DC008,2026-05-07,2026-11-25,258.0,0.0
BAT02965,MED008,DC004,2026-05-07,2027-03-31,1205.0,0.0
BAT02966,MED008,DC006,2026-05-09,2027-04-02,1205.0,0.0
BAT02967,MED009,DC006,2026-05-09,2027-05-10,1366.0,0.0
BAT02968,MED009,DC008,2026-05-07,2027-05-08,1366.0,0.0
BAT02969,MED010,DC008,2026-05-07,2027-10-18,549.0,0.0
BAT02970,MED011,DC003,2026-05-05,2027-03-19,520.0,0.0
BAT02971,MED011,DC004,2026-05-07,2027-03-21,520.0,0.0
BAT02972,MED011,DC007,2026-05-06,2027-03-20,520.0,0.0
BAT02973,MED014,DC005,2026-05-08,2027-03-19,437.0,0.0
BAT02974,MED016,DC002,2026-05-05,2026-12-17,454.0,0.0
BAT02975,MED016,DC005,2026-05-08,2026-12-20,454.0,0.0
BAT02976,MED017,DC002,2026-05-05,2027-09-02,292.0,0.0
BAT02977,MED017,DC004,2026-05-07,2027-09-04,292.0,0.0
BAT02978,MED019,DC006,2026-05-09,2027-09-29,609.0,0.0
BAT02979,MED021,DC005,2026-05-08,2027-09-27,1413.0,0.0
BAT02980,MED022,DC007,2026-05-06,2027-07-31,424.0,0.0
BAT02981,MED024,DC001,2026-05-06,2027-07-08,344.0,0.0
BAT02982,MED025,DC001,2026-05-06,2027-08-10,1266.0,0.0
BAT02983,MED025,DC006,2026-05-09,2027-08-13,1266.0,0.0
BAT02984,MED028,DC006,2026-05-09,2027-08-15,349.0,0.0
BAT02985,MED030,DC008,2026-05-07,2027-02-20,350.0,0.0
BAT02986,MED031,DC007,2026-05-06,2026-12-20,346.0,0.0
BAT02987,MED032,DC001,2026-05-06,2026-11-29,413.0,0.0
BAT02988,MED032,DC007,2026-05-06,2026-11-29,413.0,0.0
BAT02989,MED032,DC008,2026-05-07,2026-11-30,413.0,0.0
BAT02990,MED033,DC002,2026-05-05,2027-03-08,442.0,0.0
BAT02991,MED035,DC001,2026-05-06,2026-11-27,466.0,0.0
BAT02992,MED035,DC008,2026-05-07,2026-11-28,466.0,0.0
BAT02993,MED036,DC002,2026-05-05,2027-07-07,756.0,0.0
BAT02994,MED037,DC006,2026-05-09,2026-11-06,1365.0,0.0
BAT02995,MED037,DC007,2026-05-06,2026-11-03,1365.0,0.0
BAT02996,MED038,DC003,2026-05-05,2027-10-23,1426.0,0.0
BAT02997,MED001,DC007,2026-05-07,2026-12-25,215.0,0.0
BAT02998,MED002,DC008,2026-05-08,2027-09-08,219.0,0.0
BAT02999,MED003,DC007,2026-05-07,2027-02-23,699.0,0.0
BAT03000,MED004,DC006,2026-05-10,2027-10-29,1309.0,0.0
BAT03001,MED006,DC003,2026-05-06,2026-11-24,258.0,0.0
BAT03002,MED006,DC005,2026-05-09,2026-11-27,258.0,0.0
BAT03003,MED008,DC002,2026-05-06,2027-03-30,1205.0,0.0
BAT03004,MED012,DC001,2026-05-07,2026-11-19,890.0,0.0
BAT03005,MED015,DC003,2026-05-06,2027-06-09,1245.0,0.0
BAT03006,MED016,DC008,2026-05-08,2026-12-20,454.0,0.0
BAT03007,MED017,DC007,2026-05-07,2027-09-04,292.0,0.0
BAT03008,MED018,DC001,2026-05-07,2027-08-13,429.0,0.0
BAT03009,MED018,DC006,2026-05-10,2027-08-16,429.0,0.0
BAT03010,MED021,DC006,2026-05-10,2027-09-29,1413.0,0.0
BAT03011,MED021,DC007,2026-05-07,2027-09-26,1413.0,0.0
BAT03012,MED022,DC004,2026-05-08,2027-08-02,424.0,0.0
BAT03013,MED022,DC006,2026-05-10,2027-08-04,424.0,0.0
BAT03014,MED024,DC007,2026-05-07,2027-07-09,344.0,0.0
BAT03015,MED027,DC004,2026-05-08,2027-07-26,899.0,0.0
BAT03016,MED032,DC004,2026-05-08,2026-12-01,413.0,0.0
BAT03017,MED032,DC006,2026-05-10,2026-12-03,413.0,0.0
BAT03018,MED033,DC003,2026-05-06,2027-03-09,442.0,0.0
BAT03019,MED033,DC007,2026-05-07,2027-03-10,442.0,0.0
BAT03020,MED034,DC003,2026-05-06,2027-06-26,1036.0,0.0
BAT03021,MED035,DC002,2026-05-06,2026-11-27,466.0,0.0
BAT03022,MED036,DC005,2026-05-09,2027-07-11,756.0,0.0
BAT03023,MED038,DC006,2026-05-10,2027-10-28,1426.0,0.0
BAT03024,MED039,DC001,2026-05-07,2027-08-07,314.0,0.0
BAT03025,MED039,DC008,2026-05-08,2027-08-08,314.0,0.0
BAT03026,MED040,DC001,2026-05-07,2027-08-01,340.0,0.0
BAT03027,MED001,DC006,2026-05-11,2026-12-29,215.0,0.0
BAT03028,MED003,DC001,2026-05-08,2027-02-24,699.0,0.0
BAT03029,MED006,DC004,2026-05-09,2026-11-27,258.0,0.0
BAT03030,MED008,DC003,2026-05-07,2027-03-31,1205.0,0.0
BAT03031,MED009,DC001,2026-05-08,2027-05-09,1366.0,0.0
BAT03032,MED009,DC003,2026-05-07,2027-05-08,1366.0,0.0
BAT03033,MED010,DC006,2026-05-11,2027-10-22,549.0,0.0
BAT03034,MED014,DC006,2026-05-11,2027-03-22,437.0,0.0
BAT03035,MED015,DC004,2026-05-09,2027-06-12,1245.0,0.0
BAT03036,MED015,DC008,2026-05-09,2027-06-12,1245.0,0.0
BAT03037,MED016,DC003,2026-05-07,2026-12-19,454.0,0.0
BAT03038,MED019,DC008,2026-05-09,2027-09-29,609.0,0.0
BAT03039,MED026,DC001,2026-05-08,2027-08-07,1028.0,0.0
BAT03040,MED029,DC004,2026-05-09,2026-12-09,507.0,0.0
BAT03041,MED029,DC005,2026-05-10,2026-12-10,507.0,0.0
BAT03042,MED030,DC002,2026-05-07,2027-02-20,350.0,0.0
BAT03043,MED035,DC005,2026-05-10,2026-12-01,466.0,0.0
BAT03044,MED036,DC004,2026-05-09,2027-07-11,756.0,0.0
BAT03045,MED036,DC008,2026-05-09,2027-07-11,756.0,0.0
BAT03046,MED037,DC003,2026-05-07,2026-11-04,1365.0,0.0
BAT03047,MED037,DC004,2026-05-09,2026-11-06,1365.0,0.0
BAT03048,MED038,DC002,2026-05-07,2027-10-25,1426.0,0.0
BAT03049,MED039,DC003,2026-05-07,2027-08-07,314.0,0.0
BAT03050,MED040,DC003,2026-05-07,2027-08-01,340.0,0.0
BAT03051,MED040,DC006,2026-05-11,2027-08-05,340.0,0.0
BAT03052,MED001,DC001,2026-05-09,2026-12-27,215.0,0.0
BAT03053,MED005,DC008,2026-05-10,2026-12-28,494.0,0.0
BAT03054,MED006,DC007,2026-05-09,2026-11-27,258.0,0.0
BAT03055,MED007,DC002,2026-05-08,2027-04-03,625.0,0.0
BAT03056,MED009,DC005,2026-05-11,2027-05-12,1366.0,0.0
BAT03057,MED010,DC007,2026-05-09,2027-10-20,549.0,0.0
BAT03058,MED012,DC005,2026-05-11,2026-11-23,890.0,0.0
BAT03059,MED012,DC007,2026-05-09,2026-11-21,890.0,0.0
BAT03060,MED014,DC002,2026-05-08,2027-03-19,437.0,0.0
BAT03061,MED014,DC004,2026-05-10,2027-03-21,437.0,0.0
BAT03062,MED015,DC005,2026-05-11,2027-06-14,1245.0,0.0
BAT03063,MED015,DC006,2026-05-12,2027-06-15,1245.0,0.0
BAT03064,MED016,DC001,2026-05-09,2026-12-21,454.0,0.0
BAT03065,MED018,DC008,2026-05-10,2027-08-16,429.0,0.0
BAT03066,MED021,DC003,2026-05-08,2027-09-27,1413.0,0.0
BAT03067,MED023,DC008,2026-05-10,2027-04-12,642.0,0.0
BAT03068,MED025,DC003,2026-05-08,2027-08-12,1266.0,0.0
BAT03069,MED026,DC005,2026-05-11,2027-08-10,1028.0,0.0
BAT03070,MED026,DC007,2026-05-09,2027-08-08,1028.0,0.0
BAT03071,MED027,DC001,2026-05-09,2027-07-27,899.0,0.0
BAT03072,MED027,DC002,2026-05-08,2027-07-26,899.0,0.0
BAT03073,MED027,DC007,2026-05-09,2027-07-27,899.0,0.0
BAT03074,MED028,DC007,2026-05-09,2027-08-15,349.0,0.0
BAT03075,MED029,DC008,2026-05-10,2026-12-10,507.0,0.0
BAT03076,MED030,DC006,2026-05-12,2027-02-25,350.0,0.0
BAT03077,MED032,DC005,2026-05-11,2026-12-04,413.0,0.0
BAT03078,MED035,DC007,2026-05-09,2026-11-30,466.0,0.0
BAT03079,MED036,DC006,2026-05-12,2027-07-14,756.0,0.0
BAT03080,MED037,DC008,2026-05-10,2026-11-07,1365.0,0.0
BAT03081,MED038,DC001,2026-05-09,2027-10-27,1426.0,0.0
BAT03082,MED038,DC004,2026-05-10,2027-10-28,1426.0,0.0
BAT03083,MED039,DC004,2026-05-10,2027-08-10,314.0,0.0
BAT03084,MED001,DC008,2026-05-11,2026-12-29,215.0,0.0
BAT03085,MED002,DC002,2026-05-09,2027-09-09,219.0,0.0
BAT03086,MED002,DC004,2026-05-11,2027-09-11,219.0,0.0
BAT03087,MED003,DC002,2026-05-09,2027-02-25,699.0,0.0
BAT03088,MED003,DC005,2026-05-12,2027-02-28,699.0,0.0
BAT03089,MED003,DC008,2026-05-11,2027-02-27,699.0,0.0
BAT03090,MED004,DC002,2026-05-09,2027-10-28,1309.0,0.0
BAT03091,MED004,DC007,2026-05-10,2027-10-29,1309.0,0.0
BAT03092,MED007,DC006,2026-05-13,2027-04-08,625.0,0.0
BAT03093,MED007,DC007,2026-05-10,2027-04-05,625.0,0.0
BAT03094,MED008,DC007,2026-05-10,2027-04-03,1205.0,0.0
BAT03095,MED011,DC001,2026-05-10,2027-03-24,520.0,0.0
BAT03096,MED012,DC006,2026-05-13,2026-11-25,890.0,0.0
BAT03097,MED018,DC002,2026-05-09,2027-08-15,429.0,0.0
BAT03098,MED018,DC005,2026-05-12,2027-08-18,429.0,0.0
BAT03099,MED020,DC006,2026-05-13,2027-03-23,376.0,0.0
BAT03100,MED021,DC001,2026-05-10,2027-09-29,1413.0,0.0
BAT03101,MED022,DC005,2026-05-12,2027-08-06,424.0,0.0
BAT03102,MED023,DC003,2026-05-09,2027-04-11,642.0,0.0
BAT03103,MED024,DC002,2026-05-09,2027-07-11,344.0,0.0
BAT03104,MED026,DC003,2026-05-09,2027-08-08,1028.0,0.0
BAT03105,MED026,DC008,2026-05-11,2027-08-10,1028.0,0.0
BAT03106,MED028,DC001,2026-05-10,2027-08-16,349.0,0.0
BAT03107,MED028,DC004,2026-05-11,2027-08-17,349.0,0.0
BAT03108,MED029,DC001,2026-05-10,2026-12-10,507.0,0.0
BAT03109,MED030,DC004,2026-05-11,2027-02-24,350.0,0.0
BAT03110,MED030,DC007,2026-05-10,2027-02-23,350.0,0.0
BAT03111,MED031,DC004,2026-05-11,2026-12-25,346.0,0.0
BAT03112,MED031,DC006,2026-05-13,2026-12-27,346.0,0.0
BAT03113,MED032,DC002,2026-05-09,2026-12-02,413.0,0.0
BAT03114,MED032,DC003,2026-05-09,2026-12-02,413.0,0.0
BAT03115,MED033,DC006,2026-05-13,2027-03-16,442.0,0.0
BAT03116,MED036,DC001,2026-05-10,2027-07-12,756.0,0.0
BAT03117,MED037,DC002,2026-05-09,2026-11-06,1365.0,0.0
BAT03118,MED038,DC007,2026-05-10,2027-10-28,1426.0,0.0
BAT03119,MED038,DC008,2026-05-11,2027-10-29,1426.0,0.0
BAT03120,MED039,DC005,2026-05-12,2027-08-12,314.0,0.0
BAT03121,MED040,DC005,2026-05-12,2027-08-06,340.0,0.0
BAT03122,MED002,DC007,2026-05-11,2027-09-11,219.0,0.0
BAT03123,MED003,DC006,2026-05-14,2027-03-02,699.0,0.0
BAT03124,MED004,DC003,2026-05-10,2027-10-29,1309.0,0.0
BAT03125,MED004,DC004,2026-05-12,2027-10-31,1309.0,0.0
BAT03126,MED005,DC004,2026-05-12,2026-12-30,494.0,0.0
BAT03127,MED005,DC005,2026-05-13,2026-12-31,494.0,0.0
BAT03128,MED008,DC001,2026-05-11,2027-04-04,1205.0,0.0
BAT03129,MED009,DC007,2026-05-11,2027-05-12,1366.0,0.0
BAT03130,MED010,DC002,2026-05-10,2027-10-21,549.0,0.0
BAT03131,MED010,DC003,2026-05-10,2027-10-21,549.0,0.0
BAT03132,MED011,DC002,2026-05-10,2027-03-24,520.0,0.0
BAT03133,MED012,DC003,2026-05-10,2026-11-22,890.0,0.0
BAT03134,MED013,DC001,2026-05-11,2027-04-17,361.0,0.0
BAT03135,MED013,DC005,2026-05-13,2027-04-19,361.0,0.0
BAT03136,MED013,DC006,2026-05-14,2027-04-20,361.0,0.0
BAT03137,MED013,DC007,2026-05-11,2027-04-17,361.0,0.0
BAT03138,MED014,DC001,2026-05-11,2027-03-22,437.0,0.0
BAT03139,MED014,DC003,2026-05-10,2027-03-21,437.0,0.0
BAT03140,MED014,DC008,2026-05-12,2027-03-23,437.0,0.0
BAT03141,MED015,DC001,2026-05-11,2027-06-14,1245.0,0.0
BAT03142,MED015,DC007,2026-05-11,2027-06-14,1245.0,0.0
BAT03143,MED017,DC008,2026-05-12,2027-09-09,292.0,0.0
BAT03144,MED018,DC003,2026-05-10,2027-08-16,429.0,0.0
BAT03145,MED019,DC003,2026-05-10,2027-09-30,609.0,0.0
BAT03146,MED020,DC003,2026-05-10,2027-03-20,376.0,0.0
BAT03147,MED021,DC004,2026-05-12,2027-10-01,1413.0,0.0
BAT03148,MED021,DC008,2026-05-12,2027-10-01,1413.0,0.0
BAT03149,MED022,DC002,2026-05-10,2027-08-04,424.0,0.0
BAT03150,MED022,DC008,2026-05-12,2027-08-06,424.0,0.0
BAT03151,MED023,DC006,2026-05-14,2027-04-16,642.0,0.0
BAT03152,MED024,DC004,2026-05-12,2027-07-14,344.0,0.0
BAT03153,MED025,DC002,2026-05-10,2027-08-14,1266.0,0.0
BAT03154,MED025,DC005,2026-05-13,2027-08-17,1266.0,0.0
BAT03155,MED026,DC004,2026-05-12,2027-08-11,1028.0,0.0
BAT03156,MED027,DC003,2026-05-10,2027-07-28,899.0,0.0
BAT03157,MED027,DC005,2026-05-13,2027-07-31,899.0,0.0
BAT03158,MED027,DC008,2026-05-12,2027-07-30,899.0,0.0
BAT03159,MED028,DC005,2026-05-13,2027-08-19,349.0,0.0
BAT03160,MED029,DC002,2026-05-10,2026-12-10,507.0,0.0
BAT03161,MED029,DC003,2026-05-10,2026-12-10,507.0,0.0
BAT03162,MED029,DC006,2026-05-14,2026-12-14,507.0,0.0
BAT03163,MED033,DC001,2026-05-11,2027-03-14,442.0,0.0
BAT03164,MED039,DC002,2026-05-10,2027-08-10,314.0,0.0
BAT03165,MED003,DC004,2026-05-13,2027-03-01,699.0,0.0
BAT03166,MED004,DC001,2026-05-12,2027-10-31,1309.0,0.0
BAT03167,MED005,DC003,2026-05-11,2026-12-29,494.0,0.0
BAT03168,MED007,DC001,2026-05-12,2027-04-07,625.0,0.0
BAT03169,MED007,DC003,2026-05-11,2027-04-06,625.0,0.0
BAT03170,MED007,DC004,2026-05-13,2027-04-08,625.0,0.0
BAT03171,MED007,DC005,2026-05-14,2027-04-09,625.0,0.0
BAT03172,MED008,DC005,2026-05-14,2027-04-07,1205.0,0.0
BAT03173,MED009,DC002,2026-05-11,2027-05-12,1366.0,0.0
BAT03174,MED010,DC005,2026-05-14,2027-10-25,549.0,0.0
BAT03175,MED011,DC006,2026-05-15,2027-03-29,520.0,0.0
BAT03176,MED013,DC003,2026-05-11,2027-04-17,361.0,0.0
BAT03177,MED013,DC008,2026-05-13,2027-04-19,361.0,0.0
BAT03178,MED014,DC007,2026-05-12,2027-03-23,437.0,0.0
BAT03179,MED015,DC002,2026-05-11,2027-06-14,1245.0,0.0
BAT03180,MED016,DC007,2026-05-12,2026-12-24,454.0,0.0
BAT03181,MED017,DC003,2026-05-11,2027-09-08,292.0,0.0
BAT03182,MED018,DC004,2026-05-13,2027-08-19,429.0,0.0
BAT03183,MED019,DC001,2026-05-12,2027-10-02,609.0,0.0
BAT03184,MED019,DC002,2026-05-11,2027-10-01,609.0,0.0
BAT03185,MED020,DC002,2026-05-11,2027-03-21,376.0,0.0
BAT03186,MED020,DC004,2026-05-13,2027-03-23,376.0,0.0
BAT03187,MED021,DC002,2026-05-11,2027-09-30,1413.0,0.0
BAT03188,MED022,DC001,2026-05-12,2027-08-06,424.0,0.0
BAT03189,MED022,DC003,2026-05-11,2027-08-05,424.0,0.0
BAT03190,MED024,DC003,2026-05-11,2027-07-13,344.0,0.0
BAT03191,MED024,DC006,2026-05-15,2027-07-17,344.0,0.0
BAT03192,MED025,DC007,2026-05-12,2027-08-16,1266.0,0.0
BAT03193,MED027,DC006,2026-05-15,2027-08-02,899.0,0.0
BAT03194,MED031,DC001,2026-05-12,2026-12-26,346.0,0.0
BAT03195,MED031,DC005,2026-05-14,2026-12-28,346.0,0.0
BAT03196,MED033,DC008,2026-05-13,2027-03-16,442.0,0.0
BAT03197,MED034,DC001,2026-05-12,2027-07-02,1036.0,0.0
BAT03198,MED034,DC002,2026-05-11,2027-07-01,1036.0,0.0
BAT03199,MED034,DC005,2026-05-14,2027-07-04,1036.0,0.0
BAT03200,MED034,DC008,2026-05-13,2027-07-03,1036.0,0.0
BAT03201,MED036,DC003,2026-05-11,2027-07-13,756.0,0.0
BAT03202,MED037,DC001,2026-05-12,2026-11-09,1365.0,0.0
BAT03203,MED037,DC005,2026-05-14,2026-11-11,1365.0,0.0
BAT03204,MED040,DC008,2026-05-13,2027-08-07,340.0,0.0
BAT03205,MED002,DC005,2026-05-15,2027-09-15,219.0,0.0
BAT03206,MED004,DC005,2026-05-15,2027-11-03,1309.0,0.0
BAT03207,MED004,DC008,2026-05-14,2027-11-02,1309.0,0.0
BAT03208,MED005,DC006,2026-05-16,2027-01-03,494.0,0.0
BAT03209,MED005,DC007,2026-05-13,2026-12-31,494.0,0.0
BAT03210,MED006,DC002,2026-05-12,2026-11-30,258.0,0.0
BAT03211,MED006,DC008,2026-05-14,2026-12-02,258.0,0.0
BAT03212,MED008,DC008,2026-05-14,2027-04-07,1205.0,0.0
BAT03213,MED009,DC004,2026-05-14,2027-05-15,1366.0,0.0
BAT03214,MED010,DC001,2026-05-13,2027-10-24,549.0,0.0
BAT03215,MED012,DC002,2026-05-12,2026-11-24,890.0,0.0
BAT03216,MED012,DC004,2026-05-14,2026-11-26,890.0,0.0
BAT03217,MED013,DC004,2026-05-14,2027-04-20,361.0,0.0
BAT03218,MED016,DC004,2026-05-14,2026-12-26,454.0,0.0
BAT03219,MED016,DC006,2026-05-16,2026-12-28,454.0,0.0
BAT03220,MED018,DC007,2026-05-13,2027-08-19,429.0,0.0
BAT03221,MED019,DC004,2026-05-14,2027-10-04,609.0,0.0
BAT03222,MED019,DC005,2026-05-15,2027-10-05,609.0,0.0
BAT03223,MED023,DC001,2026-05-13,2027-04-15,642.0,0.0
BAT03224,MED023,DC002,2026-05-12,2027-04-14,642.0,0.0
BAT03225,MED023,DC007,2026-05-13,2027-04-15,642.0,0.0
BAT03226,MED025,DC008,2026-05-14,2027-08-18,1266.0,0.0
BAT03227,MED026,DC002,2026-05-12,2027-08-11,1028.0,0.0
BAT03228,MED026,DC006,2026-05-16,2027-08-15,1028.0,0.0
BAT03229,MED028,DC002,2026-05-12,2027-08-18,349.0,0.0
BAT03230,MED030,DC001,2026-05-13,2027-02-26,350.0,0.0
BAT03231,MED030,DC005,2026-05-15,2027-02-28,350.0,0.0
BAT03232,MED031,DC002,2026-05-12,2026-12-26,346.0,0.0
BAT03233,MED031,DC003,2026-05-12,2026-12-26,346.0,0.0
BAT03234,MED033,DC004,2026-05-14,2027-03-17,442.0,0.0
BAT03235,MED034,DC007,2026-05-13,2027-07-03,1036.0,0.0
BAT03236,MED035,DC006,2026-05-16,2026-12-07,466.0,0.0
BAT03237,MED036,DC007,2026-05-13,2027-07-15,756.0,0.0
BAT03238,MED038,DC005,2026-05-15,2027-11-02,1426.0,0.0
BAT03239,MED039,DC006,2026-05-16,2027-08-16,314.0,0.0
BAT03240,MED040,DC007,2026-05-13,2027-08-07,340.0,0.0
BAT03241,MED002,DC001,2026-05-14,2027-09-14,219.0,0.0
BAT03242,MED002,DC006,2026-05-17,2027-09-17,219.0,0.0
BAT03243,MED006,DC005,2026-05-16,2026-12-04,258.0,0.0
BAT03244,MED010,DC004,2026-05-15,2027-10-26,549.0,0.0
BAT03245,MED011,DC008,2026-05-15,2027-03-29,520.0,0.0
BAT03246,MED013,DC002,2026-05-13,2027-04-19,361.0,0.0
BAT03247,MED019,DC007,2026-05-14,2027-10-04,609.0,0.0
BAT03248,MED020,DC001,2026-05-14,2027-03-24,376.0,0.0
BAT03249,MED020,DC007,2026-05-14,2027-03-24,376.0,0.0
BAT03250,MED023,DC005,2026-05-16,2027-04-18,642.0,0.0
BAT03251,MED025,DC001,2026-05-14,2027-08-18,1266.0,0.0
BAT03252,MED025,DC004,2026-05-15,2027-08-19,1266.0,0.0
BAT03253,MED028,DC008,2026-05-15,2027-08-21,349.0,0.0
BAT03254,MED029,DC007,2026-05-14,2026-12-14,507.0,0.0
BAT03255,MED030,DC003,2026-05-13,2027-02-26,350.0,0.0
BAT03256,MED031,DC007,2026-05-14,2026-12-28,346.0,0.0
BAT03257,MED031,DC008,2026-05-15,2026-12-29,346.0,0.0
BAT03258,MED032,DC008,2026-05-15,2026-12-08,413.0,0.0
BAT03259,MED033,DC005,2026-05-16,2027-03-19,442.0,0.0
BAT03260,MED034,DC003,2026-05-13,2027-07-03,1036.0,0.0
BAT03261,MED034,DC004,2026-05-15,2027-07-05,1036.0,0.0
BAT03262,MED034,DC006,2026-05-17,2027-07-07,1036.0,0.0
BAT03263,MED037,DC007,2026-05-14,2026-11-11,1365.0,0.0
BAT03264,MED039,DC007,2026-05-14,2027-08-14,314.0,0.0
BAT03265,MED001,DC005,2026-05-17,2027-01-04,215.0,0.0
BAT03266,MED002,DC008,2026-05-16,2027-09-16,219.0,0.0
BAT03267,MED003,DC003,2026-05-14,2027-03-02,699.0,0.0
BAT03268,MED006,DC001,2026-05-15,2026-12-03,258.0,0.0
BAT03269,MED007,DC008,2026-05-16,2027-04-11,625.0,0.0
BAT03270,MED008,DC002,2026-05-14,2027-04-07,1205.0,0.0
BAT03271,MED008,DC004,2026-05-16,2027-04-09,1205.0,0.0
BAT03272,MED008,DC006,2026-05-18,2027-04-11,1205.0,0.0
BAT03273,MED009,DC008,2026-05-16,2027-05-17,1366.0,0.0
BAT03274,MED010,DC008,2026-05-16,2027-10-27,549.0,0.0
BAT03275,MED012,DC008,2026-05-16,2026-11-28,890.0,0.0
BAT03276,MED017,DC001,2026-05-15,2027-09-12,292.0,0.0
BAT03277,MED020,DC008,2026-05-16,2027-03-26,376.0,0.0
BAT03278,MED021,DC005,2026-05-17,2027-10-06,1413.0,0.0
BAT03279,MED024,DC005,2026-05-17,2027-07-19,344.0,0.0
BAT03280,MED024,DC008,2026-05-16,2027-07-18,344.0,0.0
BAT03281,MED028,DC003,2026-05-14,2027-08-20,349.0,0.0
BAT03282,MED028,DC006,2026-05-18,2027-08-24,349.0,0.0
BAT03283,MED032,DC007,2026-05-15,2026-12-08,413.0,0.0
BAT03284,MED033,DC002,2026-05-14,2027-03-17,442.0,0.0
BAT03285,MED035,DC003,2026-05-14,2026-12-05,466.0,0.0
BAT03286,MED035,DC004,2026-05-16,2026-12-07,466.0,0.0
BAT03287,MED037,DC006,2026-05-18,2026-11-15,1365.0,0.0
BAT03288,MED040,DC002,2026-05-14,2027-08-08,340.0,0.0
BAT03289,MED040,DC004,2026-05-16,2027-08-10,340.0,0.0
BAT03290,MED001,DC007,2026-05-16,2027-01-03,215.0,0.0
BAT03291,MED002,DC003,2026-05-15,2027-09-15,219.0,0.0
BAT03292,MED003,DC007,2026-05-16,2027-03-04,699.0,0.0
BAT03293,MED004,DC006,2026-05-19,2027-11-07,1309.0,0.0
BAT03294,MED005,DC002,2026-05-15,2027-01-02,494.0,0.0
BAT03295,MED006,DC007,2026-05-16,2026-12-04,258.0,0.0
BAT03296,MED007,DC002,2026-05-15,2027-04-10,625.0,0.0
BAT03297,MED008,DC003,2026-05-15,2027-04-08,1205.0,0.0
BAT03298,MED009,DC001,2026-05-16,2027-05-17,1366.0,0.0
BAT03299,MED009,DC003,2026-05-15,2027-05-16,1366.0,0.0
BAT03300,MED009,DC006,2026-05-19,2027-05-20,1366.0,0.0
BAT03301,MED011,DC003,2026-05-15,2027-03-29,520.0,0.0
BAT03302,MED011,DC004,2026-05-17,2027-03-31,520.0,0.0
BAT03303,MED011,DC005,2026-05-18,2027-04-01,520.0,0.0
BAT03304,MED011,DC007,2026-05-16,2027-03-30,520.0,0.0
BAT03305,MED012,DC005,2026-05-18,2026-11-30,890.0,0.0
BAT03306,MED014,DC004,2026-05-17,2027-03-28,437.0,0.0
BAT03307,MED014,DC006,2026-05-19,2027-03-30,437.0,0.0
BAT03308,MED015,DC003,2026-05-15,2027-06-18,1245.0,0.0
BAT03309,MED015,DC008,2026-05-17,2027-06-20,1245.0,0.0
BAT03310,MED016,DC005,2026-05-18,2026-12-30,454.0,0.0
BAT03311,MED016,DC008,2026-05-17,2026-12-29,454.0,0.0
BAT03312,MED017,DC002,2026-05-15,2027-09-12,292.0,0.0
BAT03313,MED017,DC004,2026-05-17,2027-09-14,292.0,0.0
BAT03314,MED017,DC005,2026-05-18,2027-09-15,292.0,0.0
BAT03315,MED018,DC001,2026-05-16,2027-08-22,429.0,0.0
BAT03316,MED018,DC008,2026-05-17,2027-08-23,429.0,0.0
BAT03317,MED020,DC005,2026-05-18,2027-03-28,376.0,0.0
BAT03318,MED021,DC006,2026-05-19,2027-10-08,1413.0,0.0
BAT03319,MED022,DC007,2026-05-16,2027-08-10,424.0,0.0
BAT03320,MED024,DC001,2026-05-16,2027-07-18,344.0,0.0
BAT03321,MED024,DC007,2026-05-16,2027-07-18,344.0,0.0
BAT03322,MED025,DC006,2026-05-19,2027-08-23,1266.0,0.0
BAT03323,MED027,DC004,2026-05-17,2027-08-04,899.0,0.0
BAT03324,MED030,DC002,2026-05-15,2027-02-28,350.0,0.0
BAT03325,MED030,DC008,2026-05-17,2027-03-02,350.0,0.0
BAT03326,MED032,DC001,2026-05-16,2026-12-09,413.0,0.0
BAT03327,MED032,DC006,2026-05-19,2026-12-12,413.0,0.0
BAT03328,MED033,DC003,2026-05-15,2027-03-18,442.0,0.0
BAT03329,MED033,DC007,2026-05-16,2027-03-19,442.0,0.0
BAT03330,MED035,DC002,2026-05-15,2026-12-06,466.0,0.0
BAT03331,MED036,DC005,2026-05-18,2027-07-20,756.0,0.0
BAT03332,MED037,DC003,2026-05-15,2026-11-12,1365.0,0.0
BAT03333,MED038,DC003,2026-05-15,2027-11-02,1426.0,0.0
BAT03334,MED038,DC006,2026-05-19,2027-11-06,1426.0,0.0
BAT03335,MED001,DC001,2026-05-17,2027-01-04,215.0,0.0
BAT03336,MED003,DC001,2026-05-17,2027-03-05,699.0,0.0
BAT03337,MED005,DC001,2026-05-17,2027-01-04,494.0,0.0
BAT03338,MED006,DC003,2026-05-16,2026-12-04,258.0,0.0
BAT03339,MED006,DC004,2026-05-18,2026-12-06,258.0,0.0
BAT03340,MED010,DC006,2026-05-20,2027-10-31,549.0,0.0
BAT03341,MED014,DC005,2026-05-19,2027-03-30,437.0,0.0
BAT03342,MED015,DC004,2026-05-18,2027-06-21,1245.0,0.0
BAT03343,MED016,DC002,2026-05-16,2026-12-28,454.0,0.0
BAT03344,MED017,DC006,2026-05-20,2027-09-17,292.0,0.0
BAT03345,MED018,DC006,2026-05-20,2027-08-26,429.0,0.0
BAT03346,MED021,DC003,2026-05-16,2027-10-05,1413.0,0.0
BAT03347,MED021,DC007,2026-05-17,2027-10-06,1413.0,0.0
BAT03348,MED023,DC004,2026-05-18,2027-04-20,642.0,0.0
BAT03349,MED026,DC001,2026-05-17,2027-08-16,1028.0,0.0
BAT03350,MED029,DC004,2026-05-18,2026-12-18,507.0,0.0
BAT03351,MED029,DC005,2026-05-19,2026-12-19,507.0,0.0
BAT03352,MED030,DC006,2026-05-20,2027-03-05,350.0,0.0
BAT03353,MED032,DC004,2026-05-18,2026-12-11,413.0,0.0
BAT03354,MED032,DC005,2026-05-19,2026-12-12,413.0,0.0
BAT03355,MED035,DC001,2026-05-17,2026-12-08,466.0,0.0
BAT03356,MED035,DC005,2026-05-19,2026-12-10,466.0,0.0
BAT03357,MED037,DC004,2026-05-18,2026-11-15,1365.0,0.0
BAT03358,MED037,DC008,2026-05-18,2026-11-15,1365.0,0.0
BAT03359,MED038,DC001,2026-05-17,2027-11-04,1426.0,0.0
BAT03360,MED039,DC001,2026-05-17,2027-08-17,314.0,0.0
BAT03361,MED039,DC003,2026-05-16,2027-08-16,314.0,0.0
BAT03362,MED039,DC008,2026-05-18,2027-08-18,314.0,0.0
BAT03363,MED040,DC001,2026-05-17,2027-08-11,340.0,0.0
BAT03364,MED001,DC006,2026-05-21,2027-01-08,215.0,0.0
BAT03365,MED002,DC002,2026-05-17,2027-09-17,219.0,0.0
BAT03366,MED002,DC004,2026-05-19,2027-09-19,219.0,0.0
BAT03367,MED003,DC005,2026-05-20,2027-03-08,699.0,0.0
BAT03368,MED006,DC006,2026-05-21,2026-12-09,258.0,0.0
BAT03369,MED007,DC006,2026-05-21,2027-04-16,625.0,0.0
BAT03370,MED007,DC007,2026-05-18,2027-04-13,625.0,0.0
BAT03371,MED009,DC005,2026-05-20,2027-05-21,1366.0,0.0
BAT03372,MED012,DC006,2026-05-21,2026-12-03,890.0,0.0
BAT03373,MED012,DC007,2026-05-18,2026-11-30,890.0,0.0
BAT03374,MED015,DC001,2026-05-18,2027-06-21,1245.0,0.0
BAT03375,MED015,DC005,2026-05-20,2027-06-23,1245.0,0.0
BAT03376,MED016,DC003,2026-05-17,2026-12-29,454.0,0.0
BAT03377,MED017,DC007,2026-05-18,2027-09-15,292.0,0.0
BAT03378,MED018,DC003,2026-05-17,2027-08-23,429.0,0.0
BAT03379,MED019,DC006,2026-05-21,2027-10-11,609.0,0.0
BAT03380,MED021,DC004,2026-05-19,2027-10-08,1413.0,0.0
BAT03381,MED022,DC004,2026-05-19,2027-08-13,424.0,0.0
BAT03382,MED023,DC003,2026-05-17,2027-04-19,642.0,0.0
BAT03383,MED025,DC003,2026-05-17,2027-08-21,1266.0,0.0
BAT03384,MED026,DC007,2026-05-18,2027-08-17,1028.0,0.0
BAT03385,MED027,DC001,2026-05-18,2027-08-05,899.0,0.0
BAT03386,MED027,DC002,2026-05-17,2027-08-04,899.0,0.0
BAT03387,MED027,DC007,2026-05-18,2027-08-05,899.0,0.0
BAT03388,MED029,DC001,2026-05-18,2026-12-18,507.0,0.0
BAT03389,MED029,DC008,2026-05-19,2026-12-19,507.0,0.0
BAT03390,MED031,DC006,2026-05-21,2027-01-04,346.0,0.0
BAT03391,MED032,DC003,2026-05-17,2026-12-10,413.0,0.0
BAT03392,MED036,DC002,2026-05-17,2027-07-19,756.0,0.0
BAT03393,MED036,DC004,2026-05-19,2027-07-21,756.0,0.0
BAT03394,MED036,DC008,2026-05-19,2027-07-21,756.0,0.0
BAT03395,MED037,DC002,2026-05-17,2026-11-14,1365.0,0.0
BAT03396,MED038,DC002,2026-05-17,2027-11-04,1426.0,0.0
BAT03397,MED038,DC004,2026-05-19,2027-11-06,1426.0,0.0
BAT03398,MED038,DC007,2026-05-18,2027-11-05,1426.0,0.0
BAT03399,MED039,DC004,2026-05-19,2027-08-19,314.0,0.0
BAT03400,MED002,DC007,2026-05-19,2027-09-19,219.0,0.0
BAT03401,MED003,DC002,2026-05-18,2027-03-06,699.0,0.0
BAT03402,MED004,DC002,2026-05-18,2027-11-06,1309.0,0.0
BAT03403,MED004,DC007,2026-05-19,2027-11-07,1309.0,0.0
BAT03404,MED005,DC005,2026-05-21,2027-01-08,494.0,0.0
BAT03405,MED005,DC008,2026-05-20,2027-01-07,494.0,0.0
BAT03406,MED008,DC001,2026-05-19,2027-04-12,1205.0,0.0
BAT03407,MED008,DC007,2026-05-19,2027-04-12,1205.0,0.0
BAT03408,MED009,DC002,2026-05-18,2027-05-19,1366.0,0.0
BAT03409,MED010,DC007,2026-05-19,2027-10-30,549.0,0.0
BAT03410,MED011,DC001,2026-05-19,2027-04-02,520.0,0.0
BAT03411,MED012,DC001,2026-05-19,2026-12-01,890.0,0.0
BAT03412,MED013,DC001,2026-05-19,2027-04-25,361.0,0.0
BAT03413,MED013,DC005,2026-05-21,2027-04-27,361.0,0.0
BAT03414,MED013,DC006,2026-05-22,2027-04-28,361.0,0.0
BAT03415,MED014,DC002,2026-05-18,2027-03-29,437.0,0.0
BAT03416,MED014,DC008,2026-05-20,2027-03-31,437.0,0.0
BAT03417,MED015,DC002,2026-05-18,2027-06-21,1245.0,0.0
BAT03418,MED015,DC006,2026-05-22,2027-06-25,1245.0,0.0
BAT03419,MED018,DC005,2026-05-21,2027-08-27,429.0,0.0
BAT03420,MED019,DC008,2026-05-20,2027-10-10,609.0,0.0
BAT03421,MED021,DC001,2026-05-19,2027-10-08,1413.0,0.0
BAT03422,MED022,DC006,2026-05-22,2027-08-16,424.0,0.0
BAT03423,MED024,DC002,2026-05-18,2027-07-20,344.0,0.0
BAT03424,MED024,DC004,2026-05-20,2027-07-22,344.0,0.0
BAT03425,MED025,DC002,2026-05-18,2027-08-22,1266.0,0.0
BAT03426,MED026,DC003,2026-05-18,2027-08-17,1028.0,0.0
BAT03427,MED026,DC005,2026-05-21,2027-08-20,1028.0,0.0
BAT03428,MED026,DC008,2026-05-20,2027-08-19,1028.0,0.0
BAT03429,MED027,DC005,2026-05-21,2027-08-08,899.0,0.0
BAT03430,MED028,DC001,2026-05-19,2027-08-25,349.0,0.0
BAT03431,MED028,DC007,2026-05-19,2027-08-25,349.0,0.0
BAT03432,MED029,DC003,2026-05-18,2026-12-18,507.0,0.0
BAT03433,MED031,DC004,2026-05-20,2027-01-03,346.0,0.0
BAT03434,MED033,DC006,2026-05-22,2027-03-25,442.0,0.0
BAT03435,MED034,DC002,2026-05-18,2027-07-08,1036.0,0.0
BAT03436,MED035,DC007,2026-05-19,2026-12-10,466.0,0.0
BAT03437,MED035,DC008,2026-05-20,2026-12-11,466.0,0.0
BAT03438,MED036,DC006,2026-05-22,2027-07-24,756.0,0.0
BAT03439,MED039,DC005,2026-05-21,2027-08-21,314.0,0.0
BAT03440,MED040,DC005,2026-05-21,2027-08-15,340.0,0.0
BAT03441,MED040,DC008,2026-05-20,2027-08-14,340.0,0.0
BAT03442,MED003,DC004,2026-05-21,2027-03-09,699.0,0.0
BAT03443,MED003,DC006,2026-05-23,2027-03-11,699.0,0.0
BAT03444,MED003,DC008,2026-05-21,2027-03-09,699.0,0.0
BAT03445,MED004,DC001,2026-05-20,2027-11-08,1309.0,0.0
BAT03446,MED004,DC003,2026-05-19,2027-11-07,1309.0,0.0
BAT03447,MED004,DC004,2026-05-21,2027-11-09,1309.0,0.0
BAT03448,MED007,DC004,2026-05-21,2027-04-16,625.0,0.0
BAT03449,MED008,DC005,2026-05-22,2027-04-15,1205.0,0.0
BAT03450,MED009,DC007,2026-05-20,2027-05-21,1366.0,0.0
BAT03451,MED010,DC005,2026-05-22,2027-11-02,549.0,0.0
BAT03452,MED012,DC004,2026-05-21,2026-12-03,890.0,0.0
BAT03453,MED013,DC003,2026-05-19,2027-04-25,361.0,0.0
BAT03454,MED013,DC007,2026-05-20,2027-04-26,361.0,0.0
BAT03455,MED013,DC008,2026-05-21,2027-04-27,361.0,0.0
BAT03456,MED014,DC001,2026-05-20,2027-03-31,437.0,0.0
BAT03457,MED014,DC003,2026-05-19,2027-03-30,437.0,0.0
BAT03458,MED015,DC007,2026-05-20,2027-06-23,1245.0,0.0
BAT03459,MED016,DC001,2026-05-20,2027-01-01,454.0,0.0
BAT03460,MED018,DC002,2026-05-19,2027-08-25,429.0,0.0
BAT03461,MED019,DC003,2026-05-19,2027-10-09,609.0,0.0
BAT03462,MED020,DC006,2026-05-23,2027-04-02,376.0,0.0
BAT03463,MED022,DC005,2026-05-22,2027-08-16,424.0,0.0
BAT03464,MED023,DC008,2026-05-21,2027-04-23,642.0,0.0
BAT03465,MED025,DC005,2026-05-22,2027-08-26,1266.0,0.0
BAT03466,MED025,DC007,2026-05-20,2027-08-24,1266.0,0.0
BAT03467,MED027,DC003,2026-05-19,2027-08-06,899.0,0.0
BAT03468,MED027,DC008,2026-05-21,2027-08-08,899.0,0.0
BAT03469,MED029,DC002,2026-05-19,2026-12-19,507.0,0.0
BAT03470,MED029,DC006,2026-05-23,2026-12-23,507.0,0.0
BAT03471,MED031,DC001,2026-05-20,2027-01-03,346.0,0.0
BAT03472,MED031,DC005,2026-05-22,2027-01-05,346.0,0.0
BAT03473,MED032,DC002,2026-05-19,2026-12-12,413.0,0.0
BAT03474,MED033,DC001,2026-05-20,2027-03-23,442.0,0.0
BAT03475,MED033,DC008,2026-05-21,2027-03-24,442.0,0.0
BAT03476,MED034,DC001,2026-05-20,2027-07-10,1036.0,0.0
BAT03477,MED034,DC005,2026-05-22,2027-07-12,1036.0,0.0
BAT03478,MED036,DC001,2026-05-20,2027-07-22,756.0,0.0
BAT03479,MED037,DC001,2026-05-20,2026-11-17,1365.0,0.0
BAT03480,MED037,DC005,2026-05-22,2026-11-19,1365.0,0.0
BAT03481,MED038,DC008,2026-05-21,2027-11-08,1426.0,0.0
BAT03482,MED040,DC006,2026-05-23,2027-08-17,340.0,0.0
BAT03483,MED040,DC007,2026-05-20,2027-08-14,340.0,0.0
BAT03484,MED001,DC008,2026-05-22,2027-01-09,215.0,0.0
BAT03485,MED002,DC005,2026-05-23,2027-09-23,219.0,0.0
BAT03486,MED005,DC006,2026-05-24,2027-01-11,494.0,0.0
BAT03487,MED007,DC003,2026-05-20,2027-04-15,625.0,0.0
BAT03488,MED007,DC005,2026-05-23,2027-04-18,625.0,0.0
BAT03489,MED010,DC001,2026-05-21,2027-11-01,549.0,0.0
BAT03490,MED010,DC003,2026-05-20,2027-10-31,549.0,0.0
BAT03491,MED014,DC007,2026-05-21,2027-04-01,437.0,0.0
BAT03492,MED018,DC007,2026-05-21,2027-08-27,429.0,0.0
BAT03493,MED019,DC002,2026-05-20,2027-10-10,609.0,0.0
BAT03494,MED020,DC004,2026-05-22,2027-04-01,376.0,0.0
BAT03495,MED021,DC008,2026-05-22,2027-10-11,1413.0,0.0
BAT03496,MED022,DC002,2026-05-20,2027-08-14,424.0,0.0
BAT03497,MED022,DC008,2026-05-22,2027-08-16,424.0,0.0
BAT03498,MED024,DC003,2026-05-20,2027-07-22,344.0,0.0
BAT03499,MED026,DC004,2026-05-22,2027-08-21,1028.0,0.0
BAT03500,MED027,DC006,2026-05-24,2027-08-11,899.0,0.0
BAT03501,MED028,DC004,2026-05-22,2027-08-28,349.0,0.0
BAT03502,MED028,DC005,2026-05-23,2027-08-29,349.0,0.0
BAT03503,MED030,DC004,2026-05-22,2027-03-07,350.0,0.0
BAT03504,MED034,DC008,2026-05-22,2027-07-12,1036.0,0.0
BAT03505,MED039,DC002,2026-05-20,2027-08-20,314.0,0.0
BAT03506,MED040,DC003,2026-05-20,2027-08-14,340.0,0.0
BAT03507,MED002,DC001,2026-05-22,2027-09-22,219.0,0.0
BAT03508,MED005,DC003,2026-05-21,2027-01-08,494.0,0.0
BAT03509,MED005,DC004,2026-05-23,2027-01-10,494.0,0.0
BAT03510,MED005,DC007,2026-05-22,2027-01-09,494.0,0.0
BAT03511,MED006,DC002,2026-05-21,2026-12-09,258.0,0.0
BAT03512,MED006,DC005,2026-05-24,2026-12-12,258.0,0.0
BAT03513,MED006,DC008,2026-05-23,2026-12-11,258.0,0.0
BAT03514,MED009,DC004,2026-05-23,2027-05-24,1366.0,0.0
BAT03515,MED011,DC002,2026-05-21,2027-04-04,520.0,0.0
BAT03516,MED012,DC002,2026-05-21,2026-12-03,890.0,0.0
BAT03517,MED016,DC007,2026-05-22,2027-01-03,454.0,0.0
BAT03518,MED017,DC008,2026-05-23,2027-09-20,292.0,0.0
BAT03519,MED021,DC002,2026-05-21,2027-10-10,1413.0,0.0
BAT03520,MED022,DC001,2026-05-22,2027-08-16,424.0,0.0
BAT03521,MED022,DC003,2026-05-21,2027-08-15,424.0,0.0
BAT03522,MED024,DC005,2026-05-24,2027-07-26,344.0,0.0
BAT03523,MED030,DC005,2026-05-24,2027-03-09,350.0,0.0
BAT03524,MED031,DC003,2026-05-21,2027-01-04,346.0,0.0
BAT03525,MED031,DC008,2026-05-23,2027-01-06,346.0,0.0
BAT03526,MED032,DC008,2026-05-23,2026-12-16,413.0,0.0
BAT03527,MED036,DC007,2026-05-22,2027-07-24,756.0,0.0
BAT03528,MED002,DC008,2026-05-24,2027-09-24,219.0,0.0
BAT03529,MED004,DC005,2026-05-25,2027-11-13,1309.0,0.0
BAT03530,MED004,DC008,2026-05-24,2027-11-12,1309.0,0.0
BAT03531,MED007,DC001,2026-05-23,2027-04-18,625.0,0.0
BAT03532,MED008,DC002,2026-05-22,2027-04-15,1205.0,0.0
BAT03533,MED008,DC004,2026-05-24,2027-04-17,1205.0,0.0
BAT03534,MED008,DC008,2026-05-24,2027-04-17,1205.0,0.0
BAT03535,MED009,DC001,2026-05-23,2027-05-24,1366.0,0.0
BAT03536,MED010,DC002,2026-05-22,2027-11-02,549.0,0.0
BAT03537,MED012,DC003,2026-05-22,2026-12-04,890.0,0.0
BAT03538,MED013,DC002,2026-05-22,2027-04-28,361.0,0.0
BAT03539,MED013,DC004,2026-05-24,2027-04-30,361.0,0.0
BAT03540,MED016,DC005,2026-05-25,2027-01-06,454.0,0.0
BAT03541,MED017,DC003,2026-05-22,2027-09-19,292.0,0.0
BAT03542,MED018,DC004,2026-05-24,2027-08-30,429.0,0.0
BAT03543,MED020,DC003,2026-05-22,2027-04-01,376.0,0.0
BAT03544,MED021,DC005,2026-05-25,2027-10-14,1413.0,0.0
BAT03545,MED023,DC005,2026-05-25,2027-04-27,642.0,0.0
BAT03546,MED023,DC006,2026-05-26,2027-04-28,642.0,0.0
BAT03547,MED024,DC008,2026-05-24,2027-07-26,344.0,0.0
BAT03548,MED025,DC004,2026-05-24,2027-08-28,1266.0,0.0
BAT03549,MED025,DC008,2026-05-24,2027-08-28,1266.0,0.0
BAT03550,MED026,DC002,2026-05-22,2027-08-21,1028.0,0.0
BAT03551,MED028,DC002,2026-05-22,2027-08-28,349.0,0.0
BAT03552,MED029,DC007,2026-05-23,2026-12-23,507.0,0.0
BAT03553,MED030,DC001,2026-05-23,2027-03-08,350.0,0.0
BAT03554,MED030,DC003,2026-05-22,2027-03-07,350.0,0.0
BAT03555,MED030,DC007,2026-05-23,2027-03-08,350.0,0.0
BAT03556,MED031,DC002,2026-05-22,2027-01-05,346.0,0.0
BAT03557,MED031,DC007,2026-05-23,2027-01-06,346.0,0.0
BAT03558,MED032,DC007,2026-05-23,2026-12-16,413.0,0.0
BAT03559,MED033,DC004,2026-05-24,2027-03-27,442.0,0.0
BAT03560,MED033,DC005,2026-05-25,2027-03-28,442.0,0.0
BAT03561,MED034,DC003,2026-05-22,2027-07-12,1036.0,0.0
BAT03562,MED034,DC004,2026-05-24,2027-07-14,1036.0,0.0
BAT03563,MED034,DC006,2026-05-26,2027-07-16,1036.0,0.0
BAT03564,MED034,DC007,2026-05-23,2027-07-13,1036.0,0.0
BAT03565,MED036,DC003,2026-05-22,2027-07-24,756.0,0.0
BAT03566,MED038,DC005,2026-05-25,2027-11-12,1426.0,0.0
BAT03567,MED039,DC006,2026-05-26,2027-08-26,314.0,0.0
BAT03568,MED040,DC002,2026-05-22,2027-08-16,340.0,0.0
BAT03569,MED002,DC003,2026-05-23,2027-09-23,219.0,0.0
BAT03570,MED002,DC006,2026-05-27,2027-09-27,219.0,0.0
BAT03571,MED003,DC003,2026-05-23,2027-03-11,699.0,0.0
BAT03572,MED005,DC002,2026-05-23,2027-01-10,494.0,0.0
BAT03573,MED007,DC008,2026-05-25,2027-04-20,625.0,0.0
BAT03574,MED008,DC003,2026-05-23,2027-04-16,1205.0,0.0
BAT03575,MED008,DC006,2026-05-27,2027-04-20,1205.0,0.0
BAT03576,MED009,DC003,2026-05-23,2027-05-24,1366.0,0.0
BAT03577,MED009,DC006,2026-05-27,2027-05-28,1366.0,0.0
BAT03578,MED012,DC005,2026-05-26,2026-12-08,890.0,0.0
BAT03579,MED012,DC008,2026-05-25,2026-12-07,890.0,0.0
BAT03580,MED014,DC006,2026-05-27,2027-04-07,437.0,0.0
BAT03581,MED015,DC003,2026-05-23,2027-06-26,1245.0,0.0
BAT03582,MED016,DC004,2026-05-25,2027-01-06,454.0,0.0
BAT03583,MED019,DC004,2026-05-25,2027-10-15,609.0,0.0
BAT03584,MED019,DC007,2026-05-24,2027-10-14,609.0,0.0
BAT03585,MED020,DC001,2026-05-24,2027-04-03,376.0,0.0
BAT03586,MED020,DC002,2026-05-23,2027-04-02,376.0,0.0
BAT03587,MED020,DC008,2026-05-25,2027-04-04,376.0,0.0
BAT03588,MED021,DC006,2026-05-27,2027-10-16,1413.0,0.0
BAT03589,MED023,DC002,2026-05-23,2027-04-25,642.0,0.0
BAT03590,MED023,DC007,2026-05-24,2027-04-26,642.0,0.0
BAT03591,MED024,DC001,2026-05-24,2027-07-26,344.0,0.0
BAT03592,MED024,DC006,2026-05-27,2027-07-29,344.0,0.0
BAT03593,MED025,DC001,2026-05-24,2027-08-28,1266.0,0.0
BAT03594,MED026,DC006,2026-05-27,2027-08-26,1028.0,0.0
BAT03595,MED027,DC004,2026-05-25,2027-08-12,899.0,0.0
BAT03596,MED033,DC002,2026-05-23,2027-03-26,442.0,0.0
BAT03597,MED033,DC003,2026-05-23,2027-03-26,442.0,0.0
BAT03598,MED035,DC006,2026-05-27,2026-12-18,466.0,0.0
BAT03599,MED037,DC003,2026-05-23,2026-11-20,1365.0,0.0
BAT03600,MED037,DC006,2026-05-27,2026-11-24,1365.0,0.0
BAT03601,MED037,DC007,2026-05-24,2026-11-21,1365.0,0.0
BAT03602,MED040,DC004,2026-05-25,2027-08-19,340.0,0.0
BAT03603,MED001,DC005,2026-05-27,2027-01-14,215.0,0.0
BAT03604,MED001,DC007,2026-05-25,2027-01-12,215.0,0.0
BAT03605,MED003,DC007,2026-05-25,2027-03-13,699.0,0.0
BAT03606,MED006,DC001,2026-05-25,2026-12-13,258.0,0.0
BAT03607,MED006,DC004,2026-05-26,2026-12-14,258.0,0.0
BAT03608,MED006,DC007,2026-05-25,2026-12-13,258.0,0.0
BAT03609,MED007,DC002,2026-05-24,2027-04-19,625.0,0.0
BAT03610,MED009,DC008,2026-05-26,2027-05-27,1366.0,0.0
BAT03611,MED010,DC008,2026-05-26,2027-11-06,549.0,0.0
BAT03612,MED011,DC006,2026-05-28,2027-04-11,520.0,0.0
BAT03613,MED011,DC008,2026-05-26,2027-04-09,520.0,0.0
BAT03614,MED014,DC004,2026-05-26,2027-04-06,437.0,0.0
BAT03615,MED014,DC005,2026-05-27,2027-04-07,437.0,0.0
BAT03616,MED015,DC004,2026-05-26,2027-06-29,1245.0,0.0
BAT03617,MED015,DC008,2026-05-26,2027-06-29,1245.0,0.0
BAT03618,MED016,DC008,2026-05-26,2027-01-07,454.0,0.0
BAT03619,MED017,DC001,2026-05-25,2027-09-22,292.0,0.0
BAT03620,MED017,DC004,2026-05-26,2027-09-23,292.0,0.0
BAT03621,MED017,DC005,2026-05-27,2027-09-24,292.0,0.0
BAT03622,MED018,DC001,2026-05-25,2027-08-31,429.0,0.0
BAT03623,MED018,DC006,2026-05-28,2027-09-03,429.0,0.0
BAT03624,MED018,DC008,2026-05-26,2027-09-01,429.0,0.0
BAT03625,MED019,DC001,2026-05-25,2027-10-15,609.0,0.0
BAT03626,MED020,DC005,2026-05-27,2027-04-06,376.0,0.0
BAT03627,MED020,DC007,2026-05-25,2027-04-04,376.0,0.0
BAT03628,MED021,DC003,2026-05-24,2027-10-13,1413.0,0.0
BAT03629,MED023,DC001,2026-05-25,2027-04-27,642.0,0.0
BAT03630,MED024,DC007,2026-05-25,2027-07-27,344.0,0.0
BAT03631,MED025,DC006,2026-05-28,2027-09-01,1266.0,0.0
BAT03632,MED027,DC001,2026-05-25,2027-08-12,899.0,0.0
BAT03633,MED028,DC006,2026-05-28,2027-09-03,349.0,0.0
BAT03634,MED028,DC008,2026-05-26,2027-09-01,349.0,0.0
BAT03635,MED029,DC004,2026-05-26,2026-12-26,507.0,0.0
BAT03636,MED030,DC002,2026-05-24,2027-03-09,350.0,0.0
BAT03637,MED030,DC006,2026-05-28,2027-03-13,350.0,0.0
BAT03638,MED030,DC008,2026-05-26,2027-03-11,350.0,0.0
BAT03639,MED032,DC001,2026-05-25,2026-12-18,413.0,0.0
BAT03640,MED032,DC004,2026-05-26,2026-12-19,413.0,0.0
BAT03641,MED032,DC006,2026-05-28,2026-12-21,413.0,0.0
BAT03642,MED033,DC007,2026-05-25,2027-03-28,442.0,0.0
BAT03643,MED035,DC001,2026-05-25,2026-12-16,466.0,0.0
BAT03644,MED035,DC003,2026-05-24,2026-12-15,466.0,0.0
BAT03645,MED035,DC004,2026-05-26,2026-12-17,466.0,0.0
BAT03646,MED038,DC003,2026-05-24,2027-11-11,1426.0,0.0
BAT03647,MED038,DC006,2026-05-28,2027-11-15,1426.0,0.0
BAT03648,MED039,DC007,2026-05-25,2027-08-25,314.0,0.0
BAT03649,MED002,DC004,2026-05-27,2027-09-27,219.0,0.0
BAT03650,MED004,DC006,2026-05-29,2027-11-17,1309.0,0.0
BAT03651,MED005,DC001,2026-05-26,2027-01-13,494.0,0.0
BAT03652,MED006,DC003,2026-05-25,2026-12-13,258.0,0.0
BAT03653,MED006,DC006,2026-05-29,2026-12-17,258.0,0.0
BAT03654,MED007,DC007,2026-05-26,2027-04-21,625.0,0.0
BAT03655,MED008,DC001,2026-05-26,2027-04-19,1205.0,0.0
BAT03656,MED009,DC002,2026-05-25,2027-05-26,1366.0,0.0
BAT03657,MED010,DC006,2026-05-29,2027-11-09,549.0,0.0
BAT03658,MED011,DC003,2026-05-25,2027-04-08,520.0,0.0
BAT03659,MED011,DC004,2026-05-27,2027-04-10,520.0,0.0
BAT03660,MED011,DC005,2026-05-28,2027-04-11,520.0,0.0
BAT03661,MED011,DC007,2026-05-26,2027-04-09,520.0,0.0
BAT03662,MED012,DC001,2026-05-26,2026-12-08,890.0,0.0
BAT03663,MED015,DC001,2026-05-26,2027-06-29,1245.0,0.0
BAT03664,MED016,DC002,2026-05-25,2027-01-06,454.0,0.0
BAT03665,MED016,DC006,2026-05-29,2027-01-10,454.0,0.0
BAT03666,MED017,DC002,2026-05-25,2027-09-22,292.0,0.0
BAT03667,MED017,DC006,2026-05-29,2027-09-26,292.0,0.0
BAT03668,MED018,DC003,2026-05-25,2027-08-31,429.0,0.0
BAT03669,MED019,DC005,2026-05-28,2027-10-18,609.0,0.0
BAT03670,MED021,DC007,2026-05-26,2027-10-15,1413.0,0.0
BAT03671,MED023,DC004,2026-05-27,2027-04-29,642.0,0.0
BAT03672,MED026,DC001,2026-05-26,2027-08-25,1028.0,0.0
BAT03673,MED028,DC003,2026-05-25,2027-08-31,349.0,0.0
BAT03674,MED029,DC001,2026-05-26,2026-12-26,507.0,0.0
BAT03675,MED029,DC003,2026-05-25,2026-12-25,507.0,0.0
BAT03676,MED029,DC008,2026-05-27,2026-12-27,507.0,0.0
BAT03677,MED037,DC002,2026-05-25,2026-11-22,1365.0,0.0
BAT03678,MED037,DC008,2026-05-27,2026-11-24,1365.0,0.0
BAT03679,MED038,DC001,2026-05-26,2027-11-13,1426.0,0.0
BAT03680,MED038,DC002,2026-05-25,2027-11-12,1426.0,0.0
BAT03681,MED038,DC004,2026-05-27,2027-11-14,1426.0,0.0
BAT03682,MED038,DC007,2026-05-26,2027-11-13,1426.0,0.0
BAT03683,MED039,DC008,2026-05-27,2027-08-27,314.0,0.0
BAT03684,MED040,DC005,2026-05-28,2027-08-22,340.0,0.0
BAT03685,MED040,DC008,2026-05-27,2027-08-21,340.0,0.0
BAT03686,MED001,DC006,2026-05-30,2027-01-17,215.0,0.0
BAT03687,MED002,DC002,2026-05-26,2027-09-26,219.0,0.0
BAT03688,MED003,DC001,2026-05-27,2027-03-15,699.0,0.0
BAT03689,MED004,DC007,2026-05-27,2027-11-15,1309.0,0.0
BAT03690,MED005,DC005,2026-05-29,2027-01-16,494.0,0.0
BAT03691,MED005,DC008,2026-05-28,2027-01-15,494.0,0.0
BAT03692,MED007,DC006,2026-05-30,2027-04-25,625.0,0.0
BAT03693,MED009,DC005,2026-05-29,2027-05-30,1366.0,0.0
BAT03694,MED013,DC005,2026-05-29,2027-05-05,361.0,0.0
BAT03695,MED014,DC002,2026-05-26,2027-04-06,437.0,0.0
BAT03696,MED015,DC002,2026-05-26,2027-06-29,1245.0,0.0
BAT03697,MED015,DC005,2026-05-29,2027-07-02,1245.0,0.0
BAT03698,MED015,DC006,2026-05-30,2027-07-03,1245.0,0.0
BAT03699,MED017,DC007,2026-05-27,2027-09-24,292.0,0.0
BAT03700,MED018,DC002,2026-05-26,2027-09-01,429.0,0.0
BAT03701,MED021,DC004,2026-05-28,2027-10-17,1413.0,0.0
BAT03702,MED022,DC004,2026-05-28,2027-08-22,424.0,0.0
BAT03703,MED022,DC007,2026-05-27,2027-08-21,424.0,0.0
BAT03704,MED025,DC003,2026-05-26,2027-08-30,1266.0,0.0
BAT03705,MED026,DC003,2026-05-26,2027-08-25,1028.0,0.0
BAT03706,MED026,DC005,2026-05-29,2027-08-28,1028.0,0.0
BAT03707,MED027,DC002,2026-05-26,2027-08-13,899.0,0.0
BAT03708,MED029,DC002,2026-05-26,2026-12-26,507.0,0.0
BAT03709,MED029,DC005,2026-05-29,2026-12-29,507.0,0.0
BAT03710,MED031,DC004,2026-05-28,2027-01-11,346.0,0.0
BAT03711,MED031,DC006,2026-05-30,2027-01-13,346.0,0.0
BAT03712,MED032,DC003,2026-05-26,2026-12-19,413.0,0.0
BAT03713,MED032,DC005,2026-05-29,2026-12-22,413.0,0.0
BAT03714,MED033,DC006,2026-05-30,2027-04-02,442.0,0.0
BAT03715,MED033,DC008,2026-05-28,2027-03-31,442.0,0.0
BAT03716,MED034,DC002,2026-05-26,2027-07-16,1036.0,0.0
BAT03717,MED035,DC005,2026-05-29,2026-12-20,466.0,0.0
BAT03718,MED036,DC005,2026-05-29,2027-07-31,756.0,0.0
BAT03719,MED037,DC001,2026-05-27,2026-11-24,1365.0,0.0
BAT03720,MED037,DC004,2026-05-28,2026-11-25,1365.0,0.0
BAT03721,MED039,DC001,2026-05-27,2027-08-27,314.0,0.0
BAT03722,MED039,DC003,2026-05-26,2027-08-26,314.0,0.0
BAT03723,MED001,DC001,2026-05-28,2027-01-15,215.0,0.0
BAT03724,MED002,DC007,2026-05-28,2027-09-28,219.0,0.0
BAT03725,MED003,DC005,2026-05-30,2027-03-18,699.0,0.0
BAT03726,MED004,DC002,2026-05-27,2027-11-15,1309.0,0.0
BAT03727,MED008,DC007,2026-05-28,2027-04-21,1205.0,0.0
BAT03728,MED012,DC006,2026-05-31,2026-12-13,890.0,0.0
BAT03729,MED013,DC001,2026-05-28,2027-05-04,361.0,0.0
BAT03730,MED013,DC006,2026-05-31,2027-05-07,361.0,0.0
BAT03731,MED013,DC008,2026-05-29,2027-05-05,361.0,0.0
BAT03732,MED014,DC001,2026-05-28,2027-04-08,437.0,0.0
BAT03733,MED014,DC007,2026-05-28,2027-04-08,437.0,0.0
BAT03734,MED016,DC003,2026-05-27,2027-01-08,454.0,0.0
BAT03735,MED019,DC006,2026-05-31,2027-10-21,609.0,0.0
BAT03736,MED023,DC008,2026-05-29,2027-05-01,642.0,0.0
BAT03737,MED024,DC002,2026-05-27,2027-07-29,344.0,0.0
BAT03738,MED024,DC004,2026-05-29,2027-07-31,344.0,0.0
BAT03739,MED025,DC002,2026-05-27,2027-08-31,1266.0,0.0
BAT03740,MED026,DC007,2026-05-28,2027-08-27,1028.0,0.0
BAT03741,MED026,DC008,2026-05-29,2027-08-28,1028.0,0.0
BAT03742,MED027,DC007,2026-05-28,2027-08-15,899.0,0.0
BAT03743,MED034,DC001,2026-05-28,2027-07-18,1036.0,0.0
BAT03744,MED036,DC004,2026-05-29,2027-07-31,756.0,0.0
BAT03745,MED038,DC008,2026-05-29,2027-11-16,1426.0,0.0
BAT03746,MED003,DC002,2026-05-28,2027-03-16,699.0,0.0
BAT03747,MED003,DC008,2026-05-30,2027-03-18,699.0,0.0
BAT03748,MED004,DC003,2026-05-28,2027-11-16,1309.0,0.0
BAT03749,MED004,DC004,2026-05-30,2027-11-18,1309.0,0.0
BAT03750,MED005,DC007,2026-05-29,2027-01-16,494.0,0.0
BAT03751,MED010,DC004,2026-05-30,2027-11-10,549.0,0.0
BAT03752,MED010,DC005,2026-05-31,2027-11-11,549.0,0.0
BAT03753,MED013,DC007,2026-05-29,2027-05-05,361.0,0.0
BAT03754,MED014,DC003,2026-05-28,2027-04-08,437.0,0.0
BAT03755,MED016,DC001,2026-05-29,2027-01-10,454.0,0.0
BAT03756,MED018,DC007,2026-05-29,2027-09-04,429.0,0.0
BAT03757,MED021,DC001,2026-05-29,2027-10-18,1413.0,0.0
BAT03758,MED024,DC003,2026-05-28,2027-07-30,344.0,0.0
BAT03759,MED027,DC003,2026-05-28,2027-08-15,899.0,0.0
BAT03760,MED027,DC005,2026-05-31,2027-08-18,899.0,0.0
BAT03761,MED027,DC006,2026-06-01,2027-08-19,899.0,0.0
BAT03762,MED027,DC008,2026-05-30,2027-08-17,899.0,0.0
BAT03763,MED028,DC001,2026-05-29,2027-09-04,349.0,0.0
BAT03764,MED029,DC006,2026-06-01,2027-01-01,507.0,0.0
BAT03765,MED031,DC005,2026-05-31,2027-01-14,346.0,0.0
BAT03766,MED032,DC002,2026-05-28,2026-12-21,413.0,0.0
BAT03767,MED035,DC002,2026-05-28,2026-12-19,466.0,0.0
BAT03768,MED036,DC008,2026-05-30,2027-08-01,756.0,0.0
BAT03769,MED039,DC004,2026-05-30,2027-08-30,314.0,0.0
BAT03770,MED039,DC005,2026-05-31,2027-08-31,314.0,0.0
BAT03771,MED001,DC003,2026-05-29,2027-01-16,215.0,0.0
BAT03772,MED002,DC001,2026-05-30,2027-09-30,219.0,0.0
BAT03773,MED002,DC005,2026-06-01,2027-10-02,219.0,0.0
BAT03774,MED003,DC004,2026-05-31,2027-03-19,699.0,0.0
BAT03775,MED003,DC006,2026-06-02,2027-03-21,699.0,0.0
BAT03776,MED004,DC001,2026-05-30,2027-11-18,1309.0,0.0
BAT03777,MED006,DC005,2026-06-01,2026-12-20,258.0,0.0
BAT03778,MED007,DC004,2026-05-31,2027-04-26,625.0,0.0
BAT03779,MED007,DC005,2026-06-01,2027-04-27,625.0,0.0
BAT03780,MED008,DC005,2026-06-01,2027-04-25,1205.0,0.0
BAT03781,MED009,DC007,2026-05-30,2027-05-31,1366.0,0.0
BAT03782,MED011,DC001,2026-05-30,2027-04-13,520.0,0.0
BAT03783,MED012,DC004,2026-05-31,2026-12-13,890.0,0.0
BAT03784,MED012,DC007,2026-05-30,2026-12-12,890.0,0.0
BAT03785,MED013,DC003,2026-05-29,2027-05-05,361.0,0.0
BAT03786,MED014,DC008,2026-05-31,2027-04-11,437.0,0.0
BAT03787,MED015,DC007,2026-05-30,2027-07-03,1245.0,0.0
BAT03788,MED016,DC005,2026-06-01,2027-01-13,454.0,0.0
BAT03789,MED018,DC005,2026-06-01,2027-09-07,429.0,0.0
BAT03790,MED020,DC004,2026-05-31,2027-04-10,376.0,0.0
BAT03791,MED021,DC008,2026-05-31,2027-10-20,1413.0,0.0
BAT03792,MED022,DC006,2026-06-02,2027-08-27,424.0,0.0
BAT03793,MED025,DC005,2026-06-01,2027-09-05,1266.0,0.0
BAT03794,MED025,DC007,2026-05-30,2027-09-03,1266.0,0.0
BAT03795,MED026,DC004,2026-05-31,2027-08-30,1028.0,0.0
BAT03796,MED028,DC007,2026-05-30,2027-09-05,349.0,0.0
BAT03797,MED030,DC007,2026-05-30,2027-03-15,350.0,0.0
BAT03798,MED031,DC001,2026-05-30,2027-01-13,346.0,0.0
BAT03799,MED031,DC007,2026-05-30,2027-01-13,346.0,0.0
BAT03800,MED033,DC001,2026-05-30,2027-04-02,442.0,0.0
BAT03801,MED034,DC003,2026-05-29,2027-07-19,1036.0,0.0
BAT03802,MED034,DC005,2026-06-01,2027-07-22,1036.0,0.0
BAT03803,MED036,DC001,2026-05-30,2027-08-01,756.0,0.0
BAT03804,MED036,DC002,2026-05-29,2027-07-31,756.0,0.0
BAT03805,MED036,DC006,2026-06-02,2027-08-04,756.0,0.0
BAT03806,MED037,DC005,2026-06-01,2026-11-29,1365.0,0.0
BAT03807,MED040,DC006,2026-06-02,2027-08-27,340.0,0.0
BAT03808,MED040,DC007,2026-05-30,2027-08-24,340.0,0.0
BAT03809,MED001,DC008,2026-06-01,2027-01-19,215.0,0.0
BAT03810,MED002,DC008,2026-06-01,2027-10-02,219.0,0.0
BAT03811,MED005,DC006,2026-06-03,2027-01-21,494.0,0.0
BAT03812,MED007,DC003,2026-05-30,2027-04-25,625.0,0.0
BAT03813,MED008,DC002,2026-05-30,2027-04-23,1205.0,0.0
BAT03814,MED009,DC001,2026-05-31,2027-06-01,1366.0,0.0
BAT03815,MED009,DC004,2026-06-01,2027-06-02,1366.0,0.0
BAT03816,MED012,DC003,2026-05-30,2026-12-12,890.0,0.0
BAT03817,MED013,DC002,2026-05-30,2027-05-06,361.0,0.0
BAT03818,MED013,DC004,2026-06-01,2027-05-08,361.0,0.0
BAT03819,MED016,DC004,2026-06-01,2027-01-13,454.0,0.0
BAT03820,MED018,DC004,2026-06-01,2027-09-07,429.0,0.0
BAT03821,MED019,DC002,2026-05-30,2027-10-20,609.0,0.0
BAT03822,MED019,DC003,2026-05-30,2027-10-20,609.0,0.0
BAT03823,MED019,DC008,2026-06-01,2027-10-22,609.0,0.0
BAT03824,MED021,DC002,2026-05-30,2027-10-19,1413.0,0.0
BAT03825,MED021,DC005,2026-06-02,2027-10-22,1413.0,0.0
BAT03826,MED022,DC002,2026-05-30,2027-08-24,424.0,0.0
BAT03827,MED023,DC003,2026-05-30,2027-05-02,642.0,0.0
BAT03828,MED023,DC005,2026-06-02,2027-05-05,642.0,0.0
BAT03829,MED024,DC005,2026-06-02,2027-08-04,344.0,0.0
BAT03830,MED024,DC008,2026-06-01,2027-08-03,344.0,0.0
BAT03831,MED028,DC004,2026-06-01,2027-09-07,349.0,0.0
BAT03832,MED030,DC003,2026-05-30,2027-03-15,350.0,0.0
BAT03833,MED030,DC005,2026-06-02,2027-03-18,350.0,0.0
BAT03834,MED031,DC002,2026-05-30,2027-01-13,346.0,0.0
BAT03835,MED031,DC008,2026-06-01,2027-01-15,346.0,0.0
BAT03836,MED032,DC007,2026-05-31,2026-12-24,413.0,0.0
BAT03837,MED033,DC004,2026-06-01,2027-04-04,442.0,0.0
BAT03838,MED034,DC006,2026-06-03,2027-07-24,1036.0,0.0
BAT03839,MED034,DC008,2026-06-01,2027-07-22,1036.0,0.0
BAT03840,MED035,DC008,2026-06-01,2026-12-23,466.0,0.0
BAT03841,MED039,DC002,2026-05-30,2027-08-30,314.0,0.0
BAT03842,MED040,DC001,2026-05-31,2027-08-25,340.0,0.0
BAT03843,MED040,DC003,2026-05-30,2027-08-24,340.0,0.0
BAT03844,MED040,DC004,2026-06-01,2027-08-26,340.0,0.0
BAT03845,MED002,DC006,2026-06-04,2027-10-05,219.0,0.0
BAT03846,MED003,DC003,2026-05-31,2027-03-19,699.0,0.0
BAT03847,MED004,DC005,2026-06-03,2027-11-22,1309.0,0.0
BAT03848,MED004,DC008,2026-06-02,2027-11-21,1309.0,0.0
BAT03849,MED006,DC002,2026-05-31,2026-12-19,258.0,0.0
BAT03850,MED006,DC008,2026-06-02,2026-12-21,258.0,0.0
BAT03851,MED007,DC001,2026-06-01,2027-04-27,625.0,0.0
BAT03852,MED008,DC003,2026-05-31,2027-04-24,1205.0,0.0
BAT03853,MED008,DC004,2026-06-02,2027-04-26,1205.0,0.0
BAT03854,MED008,DC008,2026-06-02,2027-04-26,1205.0,0.0
BAT03855,MED009,DC003,2026-05-31,2027-06-01,1366.0,0.0
BAT03856,MED010,DC003,2026-05-31,2027-11-11,549.0,0.0
BAT03857,MED010,DC007,2026-06-01,2027-11-12,549.0,0.0
BAT03858,MED011,DC002,2026-05-31,2027-04-14,520.0,0.0
BAT03859,MED012,DC002,2026-05-31,2026-12-13,890.0,0.0
BAT03860,MED012,DC005,2026-06-03,2026-12-16,890.0,0.0
BAT03861,MED015,DC003,2026-05-31,2027-07-04,1245.0,0.0
BAT03862,MED016,DC007,2026-06-01,2027-01-13,454.0,0.0
BAT03863,MED017,DC008,2026-06-02,2027-09-30,292.0,0.0
BAT03864,MED020,DC001,2026-06-01,2027-04-11,376.0,0.0
BAT03865,MED020,DC003,2026-05-31,2027-04-10,376.0,0.0
BAT03866,MED020,DC006,2026-06-04,2027-04-14,376.0,0.0
BAT03867,MED022,DC001,2026-06-01,2027-08-26,424.0,0.0
BAT03868,MED022,DC003,2026-05-31,2027-08-25,424.0,0.0
BAT03869,MED022,DC005,2026-06-03,2027-08-28,424.0,0.0
BAT03870,MED022,DC008,2026-06-02,2027-08-27,424.0,0.0
BAT03871,MED023,DC006,2026-06-04,2027-05-07,642.0,0.0
BAT03872,MED024,DC001,2026-06-01,2027-08-03,344.0,0.0
BAT03873,MED025,DC001,2026-06-01,2027-09-05,1266.0,0.0
BAT03874,MED025,DC004,2026-06-02,2027-09-06,1266.0,0.0
BAT03875,MED025,DC008,2026-06-02,2027-09-06,1266.0,0.0
BAT03876,MED026,DC002,2026-05-31,2027-08-30,1028.0,0.0
BAT03877,MED026,DC006,2026-06-04,2027-09-03,1028.0,0.0
BAT03878,MED027,DC001,2026-06-01,2027-08-19,899.0,0.0
BAT03879,MED029,DC007,2026-06-01,2027-01-01,507.0,0.0
BAT03880,MED030,DC001,2026-06-01,2027-03-17,350.0,0.0
BAT03881,MED030,DC004,2026-06-02,2027-03-18,350.0,0.0
BAT03882,MED031,DC003,2026-05-31,2027-01-14,346.0,0.0
BAT03883,MED032,DC008,2026-06-02,2026-12-26,413.0,0.0
BAT03884,MED034,DC004,2026-06-02,2027-07-23,1036.0,0.0
BAT03885,MED034,DC007,2026-06-01,2027-07-22,1036.0,0.0
BAT03886,MED035,DC007,2026-06-01,2026-12-23,466.0,0.0
BAT03887,MED037,DC003,2026-05-31,2026-11-28,1365.0,0.0
BAT03888,MED038,DC005,2026-06-03,2027-11-21,1426.0,0.0
BAT03889,MED039,DC006,2026-06-04,2027-09-04,314.0,0.0
BAT03890,MED040,DC002,2026-05-31,2027-08-25,340.0,0.0
BAT03891,MED001,DC004,2026-06-03,2027-01-21,215.0,0.0
BAT03892,MED002,DC003,2026-06-01,2027-10-02,219.0,0.0
BAT03893,MED005,DC003,2026-06-01,2027-01-19,494.0,0.0
BAT03894,MED006,DC001,2026-06-02,2026-12-21,258.0,0.0
BAT03895,MED006,DC004,2026-06-03,2026-12-22,258.0,0.0
BAT03896,MED006,DC007,2026-06-02,2026-12-21,258.0,0.0
BAT03897,MED007,DC002,2026-06-01,2027-04-27,625.0,0.0
BAT03898,MED007,DC008,2026-06-03,2027-04-29,625.0,0.0
BAT03899,MED009,DC006,2026-06-05,2027-06-06,1366.0,0.0
BAT03900,MED010,DC001,2026-06-02,2027-11-13,549.0,0.0
BAT03901,MED010,DC008,2026-06-03,2027-11-14,549.0,0.0
BAT03902,MED014,DC004,2026-06-03,2027-04-14,437.0,0.0
BAT03903,MED014,DC006,2026-06-05,2027-04-16,437.0,0.0
BAT03904,MED015,DC001,2026-06-02,2027-07-06,1245.0,0.0
BAT03905,MED015,DC004,2026-06-03,2027-07-07,1245.0,0.0
BAT03906,MED015,DC008,2026-06-03,2027-07-07,1245.0,0.0
BAT03907,MED017,DC003,2026-06-01,2027-09-29,292.0,0.0
BAT03908,MED018,DC001,2026-06-02,2027-09-08,429.0,0.0
BAT03909,MED018,DC006,2026-06-05,2027-09-11,429.0,0.0
BAT03910,MED019,DC004,2026-06-03,2027-10-24,609.0,0.0
BAT03911,MED020,DC002,2026-06-01,2027-04-11,376.0,0.0
BAT03912,MED021,DC006,2026-06-05,2027-10-25,1413.0,0.0
BAT03913,MED023,DC001,2026-06-02,2027-05-05,642.0,0.0
BAT03914,MED024,DC006,2026-06-05,2027-08-07,344.0,0.0
BAT03915,MED024,DC007,2026-06-02,2027-08-04,344.0,0.0
BAT03916,MED028,DC002,2026-06-01,2027-09-07,349.0,0.0
BAT03917,MED028,DC005,2026-06-04,2027-09-10,349.0,0.0
BAT03918,MED029,DC004,2026-06-03,2027-01-03,507.0,0.0
BAT03919,MED029,DC008,2026-06-03,2027-01-03,507.0,0.0
BAT03920,MED030,DC002,2026-06-01,2027-03-17,350.0,0.0
BAT03921,MED032,DC006,2026-06-05,2026-12-29,413.0,0.0
BAT03922,MED033,DC003,2026-06-01,2027-04-04,442.0,0.0
BAT03923,MED033,DC005,2026-06-04,2027-04-07,442.0,0.0
BAT03924,MED036,DC007,2026-06-02,2027-08-04,756.0,0.0
BAT03925,MED037,DC006,2026-06-05,2026-12-03,1365.0,0.0
BAT03926,MED037,DC007,2026-06-02,2026-11-30,1365.0,0.0
BAT03927,MED040,DC005,2026-06-04,2027-08-29,340.0,0.0
BAT03928,MED001,DC005,2026-06-05,2027-01-23,215.0,0.0
BAT03929,MED002,DC002,2026-06-02,2027-10-03,219.0,0.0
BAT03930,MED003,DC007,2026-06-03,2027-03-22,699.0,0.0
BAT03931,MED005,DC002,2026-06-02,2027-01-20,494.0,0.0
BAT03932,MED005,DC004,2026-06-04,2027-01-22,494.0,0.0
BAT03933,MED008,DC001,2026-06-03,2027-04-27,1205.0,0.0
BAT03934,MED008,DC006,2026-06-06,2027-04-30,1205.0,0.0
BAT03935,MED009,DC008,2026-06-04,2027-06-05,1366.0,0.0
BAT03936,MED014,DC005,2026-06-05,2027-04-16,437.0,0.0
BAT03937,MED016,DC002,2026-06-02,2027-01-14,454.0,0.0
BAT03938,MED018,DC003,2026-06-02,2027-09-08,429.0,0.0
BAT03939,MED018,DC008,2026-06-04,2027-09-10,429.0,0.0
BAT03940,MED019,DC007,2026-06-03,2027-10-24,609.0,0.0
BAT03941,MED020,DC007,2026-06-03,2027-04-13,376.0,0.0
BAT03942,MED023,DC002,2026-06-02,2027-05-05,642.0,0.0
BAT03943,MED025,DC006,2026-06-06,2027-09-10,1266.0,0.0
BAT03944,MED027,DC004,2026-06-04,2027-08-22,899.0,0.0
BAT03945,MED028,DC008,2026-06-04,2027-09-10,349.0,0.0
BAT03946,MED029,DC001,2026-06-03,2027-01-03,507.0,0.0
BAT03947,MED029,DC003,2026-06-02,2027-01-02,507.0,0.0
BAT03948,MED030,DC006,2026-06-06,2027-03-22,350.0,0.0
BAT03949,MED032,DC001,2026-06-03,2026-12-27,413.0,0.0
BAT03950,MED032,DC004,2026-06-04,2026-12-28,413.0,0.0
BAT03951,MED033,DC002,2026-06-02,2027-04-05,442.0,0.0
BAT03952,MED033,DC007,2026-06-03,2027-04-06,442.0,0.0
BAT03953,MED035,DC001,2026-06-03,2026-12-25,466.0,0.0
BAT03954,MED035,DC004,2026-06-04,2026-12-26,466.0,0.0
BAT03955,MED035,DC006,2026-06-06,2026-12-28,466.0,0.0
BAT03956,MED038,DC003,2026-06-02,2027-11-20,1426.0,0.0
BAT03957,MED040,DC008,2026-06-04,2027-08-29,340.0,0.0
BAT03958,MED001,DC007,2026-06-04,2027-01-22,215.0,0.0
BAT03959,MED002,DC004,2026-06-05,2027-10-06,219.0,0.0
BAT03960,MED004,DC006,2026-06-07,2027-11-26,1309.0,0.0
BAT03961,MED005,DC001,2026-06-04,2027-01-22,494.0,0.0
BAT03962,MED005,DC005,2026-06-06,2027-01-24,494.0,0.0
BAT03963,MED006,DC003,2026-06-03,2026-12-22,258.0,0.0
BAT03964,MED009,DC002,2026-06-03,2027-06-04,1366.0,0.0
BAT03965,MED010,DC006,2026-06-07,2027-11-18,549.0,0.0
BAT03966,MED011,DC004,2026-06-05,2027-04-19,520.0,0.0
BAT03967,MED011,DC006,2026-06-07,2027-04-21,520.0,0.0
BAT03968,MED011,DC007,2026-06-04,2027-04-18,520.0,0.0
BAT03969,MED012,DC001,2026-06-04,2026-12-17,890.0,0.0
BAT03970,MED013,DC005,2026-06-06,2027-05-13,361.0,0.0
BAT03971,MED015,DC002,2026-06-03,2027-07-07,1245.0,0.0
BAT03972,MED017,DC001,2026-06-04,2027-10-02,292.0,0.0
BAT03973,MED017,DC002,2026-06-03,2027-10-01,292.0,0.0
BAT03974,MED017,DC004,2026-06-05,2027-10-03,292.0,0.0
BAT03975,MED017,DC005,2026-06-06,2027-10-04,292.0,0.0
BAT03976,MED017,DC006,2026-06-07,2027-10-05,292.0,0.0
BAT03977,MED019,DC001,2026-06-04,2027-10-25,609.0,0.0
BAT03978,MED020,DC008,2026-06-05,2027-04-15,376.0,0.0
BAT03979,MED021,DC003,2026-06-03,2027-10-23,1413.0,0.0
BAT03980,MED021,DC007,2026-06-04,2027-10-24,1413.0,0.0
BAT03981,MED023,DC007,2026-06-04,2027-05-07,642.0,0.0
BAT03982,MED028,DC003,2026-06-03,2027-09-09,349.0,0.0
BAT03983,MED029,DC005,2026-06-06,2027-01-06,507.0,0.0
BAT03984,MED030,DC008,2026-06-05,2027-03-21,350.0,0.0
BAT03985,MED032,DC005,2026-06-06,2026-12-30,413.0,0.0
BAT03986,MED034,DC002,2026-06-03,2027-07-24,1036.0,0.0
BAT03987,MED035,DC003,2026-06-03,2026-12-25,466.0,0.0
BAT03988,MED037,DC002,2026-06-03,2026-12-01,1365.0,0.0
BAT03989,MED038,DC004,2026-06-05,2027-11-23,1426.0,0.0
BAT03990,MED038,DC006,2026-06-07,2027-11-25,1426.0,0.0
BAT03991,MED039,DC007,2026-06-04,2027-09-04,314.0,0.0
BAT03992,MED003,DC001,2026-06-05,2027-03-24,699.0,0.0
BAT03993,MED006,DC006,2026-06-08,2026-12-27,258.0,0.0
BAT03994,MED007,DC006,2026-06-08,2027-05-04,625.0,0.0
BAT03995,MED009,DC005,2026-06-07,2027-06-08,1366.0,0.0
BAT03996,MED010,DC005,2026-06-07,2027-11-18,549.0,0.0
BAT03997,MED011,DC005,2026-06-07,2027-04-21,520.0,0.0
BAT03998,MED014,DC003,2026-06-04,2027-04-15,437.0,0.0
BAT03999,MED016,DC003,2026-06-04,2027-01-16,454.0,0.0
BAT04000,MED016,DC008,2026-06-06,2027-01-18,454.0,0.0
BAT04001,MED018,DC002,2026-06-04,2027-09-10,429.0,0.0
BAT04002,MED026,DC001,2026-06-05,2027-09-04,1028.0,0.0
BAT04003,MED027,DC002,2026-06-04,2027-08-22,899.0,0.0
BAT04004,MED028,DC006,2026-06-08,2027-09-14,349.0,0.0
BAT04005,MED029,DC002,2026-06-04,2027-01-04,507.0,0.0
BAT04006,MED031,DC004,2026-06-06,2027-01-20,346.0,0.0
BAT04007,MED034,DC001,2026-06-05,2027-07-26,1036.0,0.0
BAT04008,MED035,DC005,2026-06-07,2026-12-29,466.0,0.0
BAT04009,MED036,DC003,2026-06-04,2027-08-06,756.0,0.0
BAT04010,MED037,DC001,2026-06-05,2026-12-03,1365.0,0.0
BAT04011,MED037,DC008,2026-06-06,2026-12-04,1365.0,0.0
BAT04012,MED038,DC001,2026-06-05,2027-11-23,1426.0,0.0
BAT04013,MED038,DC002,2026-06-04,2027-11-22,1426.0,0.0
BAT04014,MED038,DC007,2026-06-05,2027-11-23,1426.0,0.0
BAT04015,MED039,DC003,2026-06-04,2027-09-04,314.0,0.0
BAT04016,MED039,DC008,2026-06-06,2027-09-06,314.0,0.0
BAT04017,MED001,DC001,2026-06-06,2027-01-24,215.0,0.0
BAT04018,MED001,DC006,2026-06-09,2027-01-27,215.0,0.0
BAT04019,MED002,DC007,2026-06-06,2027-10-07,219.0,0.0
BAT04020,MED004,DC002,2026-06-05,2027-11-24,1309.0,0.0
BAT04021,MED004,DC007,2026-06-06,2027-11-25,1309.0,0.0
BAT04022,MED007,DC007,2026-06-06,2027-05-02,625.0,0.0
BAT04023,MED008,DC007,2026-06-06,2027-04-30,1205.0,0.0
BAT04024,MED011,DC003,2026-06-05,2027-04-19,520.0,0.0
BAT04025,MED011,DC008,2026-06-07,2027-04-21,520.0,0.0
BAT04026,MED012,DC007,2026-06-06,2026-12-19,890.0,0.0
BAT04027,MED012,DC008,2026-06-07,2026-12-20,890.0,0.0
BAT04028,MED013,DC006,2026-06-09,2027-05-16,361.0,0.0
BAT04029,MED014,DC002,2026-06-05,2027-04-16,437.0,0.0
BAT04030,MED014,DC007,2026-06-06,2027-04-17,437.0,0.0
BAT04031,MED015,DC005,2026-06-08,2027-07-12,1245.0,0.0
BAT04032,MED015,DC006,2026-06-09,2027-07-13,1245.0,0.0
BAT04033,MED017,DC007,2026-06-06,2027-10-04,292.0,0.0
BAT04034,MED018,DC007,2026-06-06,2027-09-12,429.0,0.0
BAT04035,MED019,DC005,2026-06-08,2027-10-29,609.0,0.0
BAT04036,MED020,DC005,2026-06-08,2027-04-18,376.0,0.0
BAT04037,MED021,DC004,2026-06-07,2027-10-27,1413.0,0.0
BAT04038,MED022,DC004,2026-06-07,2027-09-01,424.0,0.0
BAT04039,MED022,DC007,2026-06-06,2027-08-31,424.0,0.0
BAT04040,MED024,DC004,2026-06-07,2027-08-09,344.0,0.0
BAT04041,MED025,DC003,2026-06-05,2027-09-09,1266.0,0.0
BAT04042,MED026,DC003,2026-06-05,2027-09-04,1028.0,0.0
BAT04043,MED026,DC005,2026-06-08,2027-09-07,1028.0,0.0
BAT04044,MED026,DC007,2026-06-06,2027-09-05,1028.0,0.0
BAT04045,MED026,DC008,2026-06-07,2027-09-06,1028.0,0.0
BAT04046,MED027,DC003,2026-06-05,2027-08-23,899.0,0.0
BAT04047,MED027,DC007,2026-06-06,2027-08-24,899.0,0.0
BAT04048,MED027,DC008,2026-06-07,2027-08-25,899.0,0.0
BAT04049,MED030,DC007,2026-06-06,2027-03-22,350.0,0.0
BAT04050,MED031,DC005,2026-06-08,2027-01-22,346.0,0.0
BAT04051,MED033,DC006,2026-06-09,2027-04-12,442.0,0.0
BAT04052,MED036,DC005,2026-06-08,2027-08-10,756.0,0.0
BAT04053,MED037,DC004,2026-06-07,2026-12-05,1365.0,0.0
BAT04054,MED002,DC005,2026-06-09,2027-10-10,219.0,0.0
BAT04055,MED003,DC004,2026-06-08,2027-03-27,699.0,0.0
BAT04056,MED003,DC005,2026-06-09,2027-03-28,699.0,0.0
BAT04057,MED004,DC003,2026-06-06,2027-11-25,1309.0,0.0
BAT04058,MED004,DC004,2026-06-08,2027-11-27,1309.0,0.0
BAT04059,MED005,DC007,2026-06-07,2027-01-25,494.0,0.0
BAT04060,MED006,DC005,2026-06-09,2026-12-28,258.0,0.0
BAT04061,MED011,DC001,2026-06-07,2027-04-21,520.0,0.0
BAT04062,MED012,DC004,2026-06-08,2026-12-21,890.0,0.0
BAT04063,MED013,DC001,2026-06-07,2027-05-14,361.0,0.0
BAT04064,MED013,DC007,2026-06-07,2027-05-14,361.0,0.0
BAT04065,MED013,DC008,2026-06-08,2027-05-15,361.0,0.0
BAT04066,MED014,DC001,2026-06-07,2027-04-18,437.0,0.0
BAT04067,MED014,DC008,2026-06-08,2027-04-19,437.0,0.0
BAT04068,MED015,DC007,2026-06-07,2027-07-11,1245.0,0.0
BAT04069,MED016,DC005,2026-06-09,2027-01-21,454.0,0.0
BAT04070,MED021,DC001,2026-06-07,2027-10-27,1413.0,0.0
BAT04071,MED023,DC005,2026-06-09,2027-05-12,642.0,0.0
BAT04072,MED023,DC008,2026-06-08,2027-05-11,642.0,0.0
BAT04073,MED024,DC003,2026-06-06,2027-08-08,344.0,0.0
BAT04074,MED025,DC002,2026-06-06,2027-09-10,1266.0,0.0
BAT04075,MED027,DC006,2026-06-10,2027-08-28,899.0,0.0
BAT04076,MED031,DC006,2026-06-10,2027-01-24,346.0,0.0
BAT04077,MED031,DC007,2026-06-07,2027-01-21,346.0,0.0
BAT04078,MED032,DC003,2026-06-06,2026-12-30,413.0,0.0
BAT04079,MED033,DC001,2026-06-07,2027-04-10,442.0,0.0
BAT04080,MED034,DC003,2026-06-06,2027-07-27,1036.0,0.0
BAT04081,MED035,DC002,2026-06-06,2026-12-28,466.0,0.0
BAT04082,MED036,DC004,2026-06-08,2027-08-10,756.0,0.0
BAT04083,MED037,DC005,2026-06-09,2026-12-07,1365.0,0.0
BAT04084,MED038,DC008,2026-06-08,2027-11-26,1426.0,0.0
BAT04085,MED039,DC001,2026-06-07,2027-09-07,314.0,0.0
BAT04086,MED039,DC004,2026-06-08,2027-09-08,314.0,0.0
BAT04087,MED039,DC005,2026-06-09,2027-09-09,314.0,0.0
BAT04088,MED040,DC006,2026-06-10,2027-09-04,340.0,0.0
BAT04089,MED001,DC003,2026-06-07,2027-01-25,215.0,0.0
BAT04090,MED002,DC001,2026-06-08,2027-10-09,219.0,0.0
BAT04091,MED003,DC002,2026-06-07,2027-03-26,699.0,0.0
BAT04092,MED003,DC006,2026-06-11,2027-03-30,699.0,0.0
BAT04093,MED003,DC008,2026-06-09,2027-03-28,699.0,0.0
BAT04094,MED005,DC008,2026-06-09,2027-01-27,494.0,0.0
BAT04095,MED007,DC003,2026-06-07,2027-05-03,625.0,0.0
BAT04096,MED007,DC004,2026-06-09,2027-05-05,625.0,0.0
BAT04097,MED008,DC002,2026-06-07,2027-05-01,1205.0,0.0
BAT04098,MED008,DC005,2026-06-10,2027-05-04,1205.0,0.0
BAT04099,MED009,DC001,2026-06-08,2027-06-09,1366.0,0.0
BAT04100,MED010,DC002,2026-06-07,2027-11-18,549.0,0.0
BAT04101,MED013,DC002,2026-06-07,2027-05-14,361.0,0.0
BAT04102,MED016,DC006,2026-06-11,2027-01-23,454.0,0.0
BAT04103,MED018,DC004,2026-06-09,2027-09-15,429.0,0.0
BAT04104,MED019,DC006,2026-06-11,2027-11-01,609.0,0.0
BAT04105,MED019,DC008,2026-06-09,2027-10-30,609.0,0.0
BAT04106,MED021,DC008,2026-06-09,2027-10-29,1413.0,0.0
BAT04107,MED023,DC004,2026-06-09,2027-05-12,642.0,0.0
BAT04108,MED024,DC002,2026-06-07,2027-08-09,344.0,0.0
BAT04109,MED024,DC005,2026-06-10,2027-08-12,344.0,0.0
BAT04110,MED024,DC008,2026-06-09,2027-08-11,344.0,0.0
BAT04111,MED025,DC005,2026-06-10,2027-09-14,1266.0,0.0
BAT04112,MED025,DC007,2026-06-08,2027-09-12,1266.0,0.0
BAT04113,MED026,DC004,2026-06-09,2027-09-08,1028.0,0.0
BAT04114,MED027,DC005,2026-06-10,2027-08-28,899.0,0.0
BAT04115,MED028,DC001,2026-06-08,2027-09-14,349.0,0.0
BAT04116,MED028,DC004,2026-06-09,2027-09-15,349.0,0.0
BAT04117,MED028,DC007,2026-06-08,2027-09-14,349.0,0.0
BAT04118,MED029,DC006,2026-06-11,2027-01-11,507.0,0.0
BAT04119,MED031,DC001,2026-06-08,2027-01-22,346.0,0.0
BAT04120,MED032,DC002,2026-06-07,2026-12-31,413.0,0.0
BAT04121,MED033,DC008,2026-06-09,2027-04-12,442.0,0.0
BAT04122,MED034,DC005,2026-06-10,2027-07-31,1036.0,0.0
BAT04123,MED036,DC002,2026-06-07,2027-08-09,756.0,0.0
BAT04124,MED036,DC006,2026-06-11,2027-08-13,756.0,0.0
BAT04125,MED039,DC002,2026-06-07,2027-09-07,314.0,0.0
BAT04126,MED001,DC008,2026-06-10,2027-01-28,215.0,0.0
BAT04127,MED002,DC006,2026-06-12,2027-10-13,219.0,0.0
BAT04128,MED002,DC008,2026-06-10,2027-10-11,219.0,0.0
BAT04129,MED004,DC001,2026-06-09,2027-11-28,1309.0,0.0
BAT04130,MED004,DC008,2026-06-10,2027-11-29,1309.0,0.0
BAT04131,MED006,DC007,2026-06-09,2026-12-28,258.0,0.0
BAT04132,MED007,DC005,2026-06-11,2027-05-07,625.0,0.0
BAT04133,MED008,DC003,2026-06-08,2027-05-02,1205.0,0.0
BAT04134,MED009,DC003,2026-06-08,2027-06-09,1366.0,0.0
BAT04135,MED009,DC007,2026-06-09,2027-06-10,1366.0,0.0
BAT04136,MED010,DC004,2026-06-10,2027-11-21,549.0,0.0
BAT04137,MED012,DC006,2026-06-12,2026-12-25,890.0,0.0
BAT04138,MED013,DC003,2026-06-08,2027-05-15,361.0,0.0
BAT04139,MED013,DC004,2026-06-10,2027-05-17,361.0,0.0
BAT04140,MED014,DC004,2026-06-10,2027-04-21,437.0,0.0
BAT04141,MED015,DC003,2026-06-08,2027-07-12,1245.0,0.0
BAT04142,MED017,DC008,2026-06-10,2027-10-08,292.0,0.0
BAT04143,MED019,DC002,2026-06-08,2027-10-29,609.0,0.0
BAT04144,MED019,DC003,2026-06-08,2027-10-29,609.0,0.0
BAT04145,MED020,DC001,2026-06-09,2027-04-19,376.0,0.0
BAT04146,MED020,DC003,2026-06-08,2027-04-18,376.0,0.0
BAT04147,MED020,DC004,2026-06-10,2027-04-20,376.0,0.0
BAT04148,MED021,DC002,2026-06-08,2027-10-28,1413.0,0.0
BAT04149,MED021,DC005,2026-06-11,2027-10-31,1413.0,0.0
BAT04150,MED022,DC001,2026-06-09,2027-09-03,424.0,0.0
BAT04151,MED022,DC002,2026-06-08,2027-09-02,424.0,0.0
BAT04152,MED022,DC006,2026-06-12,2027-09-06,424.0,0.0
BAT04153,MED024,DC001,2026-06-09,2027-08-11,344.0,0.0
BAT04154,MED026,DC002,2026-06-08,2027-09-07,1028.0,0.0
BAT04155,MED027,DC001,2026-06-09,2027-08-27,899.0,0.0
BAT04156,MED029,DC007,2026-06-09,2027-01-09,507.0,0.0
BAT04157,MED029,DC008,2026-06-10,2027-01-10,507.0,0.0
BAT04158,MED031,DC002,2026-06-08,2027-01-22,346.0,0.0
BAT04159,MED031,DC003,2026-06-08,2027-01-22,346.0,0.0
BAT04160,MED031,DC008,2026-06-10,2027-01-24,346.0,0.0
BAT04161,MED032,DC007,2026-06-09,2027-01-02,413.0,0.0
BAT04162,MED034,DC006,2026-06-12,2027-08-02,1036.0,0.0
BAT04163,MED034,DC008,2026-06-10,2027-07-31,1036.0,0.0
BAT04164,MED035,DC008,2026-06-10,2027-01-01,466.0,0.0
BAT04165,MED036,DC001,2026-06-09,2027-08-11,756.0,0.0
BAT04166,MED036,DC008,2026-06-10,2027-08-12,756.0,0.0
BAT04167,MED037,DC003,2026-06-08,2026-12-06,1365.0,0.0
BAT04168,MED040,DC001,2026-06-09,2027-09-03,340.0,0.0
BAT04169,MED001,DC004,2026-06-11,2027-01-29,215.0,0.0
BAT04170,MED003,DC003,2026-06-09,2027-03-28,699.0,0.0
BAT04171,MED006,DC002,2026-06-09,2026-12-28,258.0,0.0
BAT04172,MED006,DC004,2026-06-11,2026-12-30,258.0,0.0
BAT04173,MED006,DC008,2026-06-11,2026-12-30,258.0,0.0
BAT04174,MED007,DC002,2026-06-09,2027-05-05,625.0,0.0
BAT04175,MED008,DC004,2026-06-11,2027-05-05,1205.0,0.0
BAT04176,MED008,DC008,2026-06-11,2027-05-05,1205.0,0.0
BAT04177,MED009,DC004,2026-06-11,2027-06-12,1366.0,0.0
BAT04178,MED011,DC002,2026-06-09,2027-04-23,520.0,0.0
BAT04179,MED012,DC003,2026-06-09,2026-12-22,890.0,0.0
BAT04180,MED015,DC001,2026-06-10,2027-07-14,1245.0,0.0
BAT04181,MED016,DC001,2026-06-10,2027-01-22,454.0,0.0
BAT04182,MED016,DC007,2026-06-10,2027-01-22,454.0,0.0
BAT04183,MED017,DC003,2026-06-09,2027-10-07,292.0,0.0
BAT04184,MED018,DC001,2026-06-10,2027-09-16,429.0,0.0
BAT04185,MED018,DC005,2026-06-12,2027-09-18,429.0,0.0
BAT04186,MED018,DC006,2026-06-13,2027-09-19,429.0,0.0
BAT04187,MED019,DC004,2026-06-11,2027-11-01,609.0,0.0
BAT04188,MED020,DC002,2026-06-09,2027-04-19,376.0,0.0
BAT04189,MED020,DC006,2026-06-13,2027-04-23,376.0,0.0
BAT04190,MED020,DC007,2026-06-10,2027-04-20,376.0,0.0
BAT04191,MED022,DC003,2026-06-09,2027-09-03,424.0,0.0
BAT04192,MED022,DC005,2026-06-12,2027-09-06,424.0,0.0
BAT04193,MED022,DC008,2026-06-11,2027-09-05,424.0,0.0
BAT04194,MED025,DC004,2026-06-11,2027-09-15,1266.0,0.0
BAT04195,MED025,DC008,2026-06-11,2027-09-15,1266.0,0.0
BAT04196,MED026,DC006,2026-06-13,2027-09-12,1028.0,0.0
BAT04197,MED028,DC002,2026-06-09,2027-09-15,349.0,0.0
BAT04198,MED028,DC005,2026-06-12,2027-09-18,349.0,0.0
BAT04199,MED032,DC008,2026-06-11,2027-01-04,413.0,0.0
BAT04200,MED033,DC004,2026-06-11,2027-04-14,442.0,0.0
BAT04201,MED034,DC004,2026-06-11,2027-08-01,1036.0,0.0
BAT04202,MED034,DC007,2026-06-10,2027-07-31,1036.0,0.0
BAT04203,MED036,DC007,2026-06-10,2027-08-12,756.0,0.0
BAT04204,MED037,DC007,2026-06-10,2026-12-08,1365.0,0.0
BAT04205,MED038,DC005,2026-06-12,2027-11-30,1426.0,0.0
BAT04206,MED039,DC006,2026-06-13,2027-09-13,314.0,0.0
BAT04207,MED040,DC002,2026-06-09,2027-09-03,340.0,0.0
BAT04208,MED040,DC004,2026-06-11,2027-09-05,340.0,0.0
BAT04209,MED002,DC003,2026-06-10,2027-10-11,219.0,0.0
BAT04210,MED004,DC005,2026-06-13,2027-12-02,1309.0,0.0
BAT04211,MED007,DC001,2026-06-11,2027-05-07,625.0,0.0
BAT04212,MED007,DC008,2026-06-12,2027-05-08,625.0,0.0
BAT04213,MED009,DC008,2026-06-12,2027-06-13,1366.0,0.0
BAT04214,MED010,DC003,2026-06-10,2027-11-21,549.0,0.0
BAT04215,MED015,DC004,2026-06-12,2027-07-16,1245.0,0.0
BAT04216,MED015,DC008,2026-06-12,2027-07-16,1245.0,0.0
BAT04217,MED017,DC004,2026-06-12,2027-10-10,292.0,0.0
BAT04218,MED023,DC003,2026-06-10,2027-05-13,642.0,0.0
BAT04219,MED024,DC006,2026-06-14,2027-08-16,344.0,0.0
BAT04220,MED024,DC007,2026-06-11,2027-08-13,344.0,0.0
BAT04221,MED025,DC001,2026-06-11,2027-09-15,1266.0,0.0
BAT04222,MED028,DC008,2026-06-12,2027-09-18,349.0,0.0
BAT04223,MED029,DC003,2026-06-10,2027-01-10,507.0,0.0
BAT04224,MED030,DC005,2026-06-13,2027-03-29,350.0,0.0
BAT04225,MED035,DC006,2026-06-14,2027-01-05,466.0,0.0
BAT04226,MED035,DC007,2026-06-11,2027-01-02,466.0,0.0
BAT04227,MED039,DC007,2026-06-11,2027-09-11,314.0,0.0
BAT04228,MED040,DC003,2026-06-10,2027-09-04,340.0,0.0
BAT04229,MED001,DC002,2026-06-11,2027-01-29,215.0,0.0
BAT04230,MED001,DC005,2026-06-14,2027-02-01,215.0,0.0
BAT04231,MED001,DC007,2026-06-12,2027-01-30,215.0,0.0
BAT04232,MED006,DC001,2026-06-12,2026-12-31,258.0,0.0
BAT04233,MED008,DC001,2026-06-12,2027-05-06,1205.0,0.0
BAT04234,MED009,DC006,2026-06-15,2027-06-16,1366.0,0.0
BAT04235,MED011,DC004,2026-06-13,2027-04-27,520.0,0.0
BAT04236,MED011,DC006,2026-06-15,2027-04-29,520.0,0.0
BAT04237,MED014,DC006,2026-06-15,2027-04-26,437.0,0.0
BAT04238,MED017,DC001,2026-06-12,2027-10-10,292.0,0.0
BAT04239,MED017,DC002,2026-06-11,2027-10-09,292.0,0.0
BAT04240,MED017,DC005,2026-06-14,2027-10-12,292.0,0.0
BAT04241,MED017,DC006,2026-06-15,2027-10-13,292.0,0.0
BAT04242,MED019,DC007,2026-06-12,2027-11-02,609.0,0.0
BAT04243,MED020,DC008,2026-06-13,2027-04-23,376.0,0.0
BAT04244,MED021,DC006,2026-06-15,2027-11-04,1413.0,0.0
BAT04245,MED027,DC004,2026-06-13,2027-08-31,899.0,0.0
BAT04246,MED028,DC003,2026-06-11,2027-09-17,349.0,0.0
BAT04247,MED029,DC001,2026-06-12,2027-01-12,507.0,0.0
BAT04248,MED029,DC004,2026-06-13,2027-01-13,507.0,0.0
BAT04249,MED030,DC003,2026-06-11,2027-03-27,350.0,0.0
BAT04250,MED032,DC001,2026-06-12,2027-01-05,413.0,0.0
BAT04251,MED032,DC004,2026-06-13,2027-01-06,413.0,0.0
BAT04252,MED032,DC006,2026-06-15,2027-01-08,413.0,0.0
BAT04253,MED033,DC002,2026-06-11,2027-04-14,442.0,0.0
BAT04254,MED033,DC003,2026-06-11,2027-04-14,442.0,0.0
BAT04255,MED033,DC005,2026-06-14,2027-04-17,442.0,0.0
BAT04256,MED033,DC007,2026-06-12,2027-04-15,442.0,0.0
BAT04257,MED034,DC002,2026-06-11,2027-08-01,1036.0,0.0
BAT04258,MED035,DC001,2026-06-12,2027-01-03,466.0,0.0
BAT04259,MED035,DC003,2026-06-11,2027-01-02,466.0,0.0
BAT04260,MED035,DC004,2026-06-13,2027-01-04,466.0,0.0
BAT04261,MED035,DC005,2026-06-14,2027-01-05,466.0,0.0
BAT04262,MED037,DC002,2026-06-11,2026-12-09,1365.0,0.0
BAT04263,MED037,DC006,2026-06-15,2026-12-13,1365.0,0.0
BAT04264,MED039,DC003,2026-06-11,2027-09-11,314.0,0.0
BAT04265,MED039,DC008,2026-06-13,2027-09-13,314.0,0.0
BAT04266,MED040,DC007,2026-06-12,2027-09-06,340.0,0.0
BAT04267,MED040,DC008,2026-06-13,2027-09-07,340.0,0.0
BAT04268,MED002,DC002,2026-06-12,2027-10-13,219.0,0.0
BAT04269,MED002,DC004,2026-06-14,2027-10-15,219.0,0.0
BAT04270,MED005,DC003,2026-06-12,2027-01-30,494.0,0.0
BAT04271,MED005,DC006,2026-06-16,2027-02-03,494.0,0.0
BAT04272,MED008,DC006,2026-06-16,2027-05-10,1205.0,0.0
BAT04273,MED009,DC002,2026-06-12,2027-06-13,1366.0,0.0
BAT04274,MED011,DC005,2026-06-15,2027-04-29,520.0,0.0
BAT04275,MED011,DC007,2026-06-13,2027-04-27,520.0,0.0
BAT04276,MED011,DC008,2026-06-14,2027-04-28,520.0,0.0
BAT04277,MED012,DC005,2026-06-15,2026-12-28,890.0,0.0
BAT04278,MED013,DC005,2026-06-15,2027-05-22,361.0,0.0
BAT04279,MED014,DC003,2026-06-12,2027-04-23,437.0,0.0
BAT04280,MED014,DC005,2026-06-15,2027-04-26,437.0,0.0
BAT04281,MED015,DC002,2026-06-12,2027-07-16,1245.0,0.0
BAT04282,MED016,DC002,2026-06-12,2027-01-24,454.0,0.0
BAT04283,MED017,DC007,2026-06-13,2027-10-11,292.0,0.0
BAT04284,MED018,DC003,2026-06-12,2027-09-18,429.0,0.0
BAT04285,MED018,DC008,2026-06-14,2027-09-20,429.0,0.0
BAT04286,MED019,DC001,2026-06-13,2027-11-03,609.0,0.0
BAT04287,MED019,DC005,2026-06-15,2027-11-05,609.0,0.0
BAT04288,MED020,DC005,2026-06-15,2027-04-25,376.0,0.0
BAT04289,MED021,DC007,2026-06-13,2027-11-02,1413.0,0.0
BAT04290,MED022,DC004,2026-06-14,2027-09-08,424.0,0.0
BAT04291,MED025,DC006,2026-06-16,2027-09-20,1266.0,0.0
BAT04292,MED028,DC006,2026-06-16,2027-09-22,349.0,0.0
BAT04293,MED029,DC002,2026-06-12,2027-01-12,507.0,0.0
BAT04294,MED032,DC005,2026-06-15,2027-01-08,413.0,0.0
BAT04295,MED034,DC001,2026-06-13,2027-08-03,1036.0,0.0
BAT04296,MED036,DC003,2026-06-12,2027-08-14,756.0,0.0
BAT04297,MED037,DC001,2026-06-13,2026-12-11,1365.0,0.0
BAT04298,MED038,DC003,2026-06-12,2027-11-30,1426.0,0.0
BAT04299,MED038,DC006,2026-06-16,2027-12-04,1426.0,0.0
BAT04300,MED001,DC001,2026-06-14,2027-02-01,215.0,0.0
BAT04301,MED001,DC006,2026-06-17,2027-02-04,215.0,0.0
BAT04302,MED002,DC007,2026-06-14,2027-10-15,219.0,0.0
BAT04303,MED003,DC007,2026-06-14,2027-04-02,699.0,0.0
BAT04304,MED004,DC006,2026-06-17,2027-12-06,1309.0,0.0
BAT04305,MED006,DC003,2026-06-13,2027-01-01,258.0,0.0
BAT04306,MED006,DC006,2026-06-17,2027-01-05,258.0,0.0
BAT04307,MED007,DC006,2026-06-17,2027-05-13,625.0,0.0
BAT04308,MED009,DC005,2026-06-16,2027-06-17,1366.0,0.0
BAT04309,MED011,DC003,2026-06-13,2027-04-27,520.0,0.0
BAT04310,MED013,DC006,2026-06-17,2027-05-24,361.0,0.0
BAT04311,MED018,DC002,2026-06-13,2027-09-19,429.0,0.0
BAT04312,MED019,DC008,2026-06-15,2027-11-05,609.0,0.0
BAT04313,MED021,DC003,2026-06-13,2027-11-02,1413.0,0.0
BAT04314,MED022,DC007,2026-06-14,2027-09-08,424.0,0.0
BAT04315,MED023,DC006,2026-06-17,2027-05-20,642.0,0.0
BAT04316,MED024,DC004,2026-06-15,2027-08-17,344.0,0.0
BAT04317,MED025,DC003,2026-06-13,2027-09-17,1266.0,0.0
BAT04318,MED026,DC008,2026-06-15,2027-09-14,1028.0,0.0
BAT04319,MED027,DC007,2026-06-14,2027-09-01,899.0,0.0
BAT04320,MED029,DC005,2026-06-16,2027-01-16,507.0,0.0
BAT04321,MED030,DC001,2026-06-14,2027-03-30,350.0,0.0
BAT04322,MED035,DC002,2026-06-13,2027-01-04,466.0,0.0
BAT04323,MED036,DC005,2026-06-16,2027-08-18,756.0,0.0
BAT04324,MED037,DC008,2026-06-15,2026-12-13,1365.0,0.0
BAT04325,MED038,DC001,2026-06-14,2027-12-02,1426.0,0.0
BAT04326,MED038,DC002,2026-06-13,2027-12-01,1426.0,0.0
BAT04327,MED038,DC004,2026-06-15,2027-12-03,1426.0,0.0
BAT04328,MED038,DC007,2026-06-14,2027-12-02,1426.0,0.0
BAT04329,MED039,DC001,2026-06-14,2027-09-14,314.0,0.0
BAT04330,MED040,DC005,2026-06-16,2027-09-10,340.0,0.0
BAT04331,MED001,DC003,2026-06-14,2027-02-01,215.0,0.0
BAT04332,MED001,DC008,2026-06-16,2027-02-03,215.0,0.0
BAT04333,MED002,DC005,2026-06-17,2027-10-18,219.0,0.0
BAT04334,MED003,DC001,2026-06-15,2027-04-03,699.0,0.0
BAT04335,MED003,DC005,2026-06-17,2027-04-05,699.0,0.0
BAT04336,MED004,DC002,2026-06-14,2027-12-03,1309.0,0.0
BAT04337,MED004,DC007,2026-06-15,2027-12-04,1309.0,0.0
BAT04338,MED006,DC005,2026-06-17,2027-01-05,258.0,0.0
BAT04339,MED007,DC007,2026-06-15,2027-05-11,625.0,0.0
BAT04340,MED008,DC007,2026-06-15,2027-05-09,1205.0,0.0
BAT04341,MED011,DC001,2026-06-15,2027-04-29,520.0,0.0
BAT04342,MED013,DC008,2026-06-16,2027-05-23,361.0,0.0
BAT04343,MED015,DC005,2026-06-17,2027-07-21,1245.0,0.0
BAT04344,MED015,DC006,2026-06-18,2027-07-22,1245.0,0.0
BAT04345,MED016,DC004,2026-06-16,2027-01-28,454.0,0.0
BAT04346,MED026,DC001,2026-06-15,2027-09-14,1028.0,0.0
BAT04347,MED026,DC003,2026-06-14,2027-09-13,1028.0,0.0
BAT04348,MED026,DC005,2026-06-17,2027-09-16,1028.0,0.0
BAT04349,MED026,DC007,2026-06-15,2027-09-14,1028.0,0.0
BAT04350,MED027,DC002,2026-06-14,2027-09-01,899.0,0.0
BAT04351,MED027,DC003,2026-06-14,2027-09-01,899.0,0.0
BAT04352,MED030,DC004,2026-06-16,2027-04-01,350.0,0.0
BAT04353,MED031,DC004,2026-06-16,2027-01-30,346.0,0.0
BAT04354,MED031,DC005,2026-06-17,2027-01-31,346.0,0.0
BAT04355,MED032,DC003,2026-06-14,2027-01-07,413.0,0.0
BAT04356,MED033,DC006,2026-06-18,2027-04-21,442.0,0.0
BAT04357,MED036,DC002,2026-06-14,2027-08-16,756.0,0.0
BAT04358,MED036,DC004,2026-06-16,2027-08-18,756.0,0.0
BAT04359,MED039,DC004,2026-06-16,2027-09-16,314.0,0.0
BAT04360,MED039,DC005,2026-06-17,2027-09-17,314.0,0.0
BAT04361,MED003,DC004,2026-06-17,2027-04-05,699.0,0.0
BAT04362,MED004,DC003,2026-06-15,2027-12-04,1309.0,0.0
BAT04363,MED004,DC004,2026-06-17,2027-12-06,1309.0,0.0
BAT04364,MED005,DC002,2026-06-15,2027-02-02,494.0,0.0
BAT04365,MED005,DC004,2026-06-17,2027-02-04,494.0,0.0
BAT04366,MED008,DC002,2026-06-15,2027-05-09,1205.0,0.0
BAT04367,MED010,DC001,2026-06-16,2027-11-27,549.0,0.0
BAT04368,MED010,DC005,2026-06-18,2027-11-29,549.0,0.0
BAT04369,MED010,DC008,2026-06-17,2027-11-28,549.0,0.0
BAT04370,MED012,DC001,2026-06-16,2026-12-29,890.0,0.0
BAT04371,MED013,DC001,2026-06-16,2027-05-23,361.0,0.0
BAT04372,MED013,DC007,2026-06-16,2027-05-23,361.0,0.0
BAT04373,MED014,DC002,2026-06-15,2027-04-26,437.0,0.0
BAT04374,MED014,DC007,2026-06-16,2027-04-27,437.0,0.0
BAT04375,MED014,DC008,2026-06-17,2027-04-28,437.0,0.0
BAT04376,MED015,DC007,2026-06-16,2027-07-20,1245.0,0.0
BAT04377,MED018,DC007,2026-06-16,2027-09-22,429.0,0.0
BAT04378,MED019,DC006,2026-06-19,2027-11-09,609.0,0.0
BAT04379,MED020,DC004,2026-06-17,2027-04-27,376.0,0.0
BAT04380,MED021,DC001,2026-06-16,2027-11-05,1413.0,0.0
BAT04381,MED021,DC004,2026-06-17,2027-11-06,1413.0,0.0
BAT04382,MED022,DC001,2026-06-16,2027-09-10,424.0,0.0
BAT04383,MED022,DC002,2026-06-15,2027-09-09,424.0,0.0
BAT04384,MED023,DC005,2026-06-18,2027-05-21,642.0,0.0
BAT04385,MED024,DC003,2026-06-15,2027-08-17,344.0,0.0
BAT04386,MED025,DC002,2026-06-15,2027-09-19,1266.0,0.0
BAT04387,MED027,DC006,2026-06-19,2027-09-06,899.0,0.0
BAT04388,MED027,DC008,2026-06-17,2027-09-04,899.0,0.0
BAT04389,MED028,DC001,2026-06-16,2027-09-22,349.0,0.0
BAT04390,MED028,DC004,2026-06-17,2027-09-23,349.0,0.0
BAT04391,MED028,DC007,2026-06-16,2027-09-22,349.0,0.0
BAT04392,MED030,DC002,2026-06-15,2027-03-31,350.0,0.0
BAT04393,MED030,DC006,2026-06-19,2027-04-04,350.0,0.0
BAT04394,MED030,DC008,2026-06-17,2027-04-02,350.0,0.0
BAT04395,MED031,DC006,2026-06-19,2027-02-02,346.0,0.0
BAT04396,MED033,DC001,2026-06-16,2027-04-19,442.0,0.0
BAT04397,MED033,DC008,2026-06-17,2027-04-20,442.0,0.0
BAT04398,MED034,DC003,2026-06-15,2027-08-05,1036.0,0.0
BAT04399,MED035,DC008,2026-06-17,2027-01-08,466.0,0.0
BAT04400,MED036,DC001,2026-06-16,2027-08-18,756.0,0.0
BAT04401,MED036,DC006,2026-06-19,2027-08-21,756.0,0.0
BAT04402,MED037,DC004,2026-06-17,2026-12-15,1365.0,0.0
BAT04403,MED038,DC008,2026-06-17,2027-12-05,1426.0,0.0
BAT04404,MED039,DC002,2026-06-15,2027-09-15,314.0,0.0
BAT04405,MED001,DC004,2026-06-18,2027-02-05,215.0,0.0
BAT04406,MED002,DC001,2026-06-17,2027-10-18,219.0,0.0
BAT04407,MED002,DC006,2026-06-20,2027-10-21,219.0,0.0
BAT04408,MED003,DC002,2026-06-16,2027-04-04,699.0,0.0
BAT04409,MED003,DC006,2026-06-20,2027-04-08,699.0,0.0
BAT04410,MED003,DC008,2026-06-18,2027-04-06,699.0,0.0
BAT04411,MED008,DC003,2026-06-16,2027-05-10,1205.0,0.0
BAT04412,MED008,DC005,2026-06-19,2027-05-13,1205.0,0.0
BAT04413,MED009,DC001,2026-06-17,2027-06-18,1366.0,0.0
BAT04414,MED009,DC003,2026-06-16,2027-06-17,1366.0,0.0
BAT04415,MED010,DC007,2026-06-17,2027-11-28,549.0,0.0
BAT04416,MED011,DC002,2026-06-16,2027-04-30,520.0,0.0
BAT04417,MED013,DC002,2026-06-16,2027-05-23,361.0,0.0
BAT04418,MED013,DC003,2026-06-16,2027-05-23,361.0,0.0
BAT04419,MED014,DC001,2026-06-17,2027-04-28,437.0,0.0
BAT04420,MED015,DC003,2026-06-16,2027-07-20,1245.0,0.0
BAT04421,MED017,DC003,2026-06-16,2027-10-14,292.0,0.0
BAT04422,MED017,DC008,2026-06-18,2027-10-16,292.0,0.0
BAT04423,MED019,DC002,2026-06-16,2027-11-06,609.0,0.0
BAT04424,MED019,DC003,2026-06-16,2027-11-06,609.0,0.0
BAT04425,MED020,DC001,2026-06-17,2027-04-27,376.0,0.0
BAT04426,MED021,DC008,2026-06-18,2027-11-07,1413.0,0.0
BAT04427,MED022,DC003,2026-06-16,2027-09-10,424.0,0.0
BAT04428,MED022,DC005,2026-06-19,2027-09-13,424.0,0.0
BAT04429,MED022,DC006,2026-06-20,2027-09-14,424.0,0.0
BAT04430,MED022,DC008,2026-06-18,2027-09-12,424.0,0.0
BAT04431,MED023,DC001,2026-06-17,2027-05-20,642.0,0.0
BAT04432,MED023,DC002,2026-06-16,2027-05-19,642.0,0.0
BAT04433,MED024,DC002,2026-06-16,2027-08-18,344.0,0.0
BAT04434,MED024,DC005,2026-06-19,2027-08-21,344.0,0.0
BAT04435,MED024,DC008,2026-06-18,2027-08-20,344.0,0.0
BAT04436,MED025,DC005,2026-06-19,2027-09-23,1266.0,0.0
BAT04437,MED025,DC007,2026-06-17,2027-09-21,1266.0,0.0
BAT04438,MED026,DC004,2026-06-18,2027-09-17,1028.0,0.0
BAT04439,MED027,DC005,2026-06-19,2027-09-06,899.0,0.0
BAT04440,MED028,DC002,2026-06-16,2027-09-22,349.0,0.0
BAT04441,MED029,DC006,2026-06-20,2027-01-20,507.0,0.0
BAT04442,MED031,DC001,2026-06-17,2027-01-31,346.0,0.0
BAT04443,MED031,DC007,2026-06-17,2027-01-31,346.0,0.0
BAT04444,MED034,DC005,2026-06-19,2027-08-09,1036.0,0.0
BAT04445,MED036,DC007,2026-06-17,2027-08-19,756.0,0.0
BAT04446,MED036,DC008,2026-06-18,2027-08-20,756.0,0.0
BAT04447,MED037,DC005,2026-06-19,2026-12-17,1365.0,0.0
BAT04448,MED001,DC002,2026-06-17,2027-02-04,215.0,0.0
BAT04449,MED004,DC001,2026-06-18,2027-12-07,1309.0,0.0
BAT04450,MED006,DC002,2026-06-17,2027-01-05,258.0,0.0
BAT04451,MED006,DC007,2026-06-18,2027-01-06,258.0,0.0
BAT04452,MED007,DC003,2026-06-17,2027-05-13,625.0,0.0
BAT04453,MED007,DC004,2026-06-19,2027-05-15,625.0,0.0
BAT04454,MED007,DC005,2026-06-20,2027-05-16,625.0,0.0
BAT04455,MED009,DC007,2026-06-18,2027-06-19,1366.0,0.0
BAT04456,MED012,DC004,2026-06-19,2027-01-01,890.0,0.0
BAT04457,MED014,DC004,2026-06-19,2027-04-30,437.0,0.0
BAT04458,MED016,DC006,2026-06-21,2027-02-02,454.0,0.0
BAT04459,MED016,DC008,2026-06-19,2027-01-31,454.0,0.0
BAT04460,MED018,DC004,2026-06-19,2027-09-25,429.0,0.0
BAT04461,MED019,DC004,2026-06-19,2027-11-09,609.0,0.0
BAT04462,MED020,DC003,2026-06-17,2027-04-27,376.0,0.0
BAT04463,MED020,DC006,2026-06-21,2027-05-01,376.0,0.0
BAT04464,MED020,DC007,2026-06-18,2027-04-28,376.0,0.0
BAT04465,MED024,DC001,2026-06-18,2027-08-20,344.0,0.0
BAT04466,MED028,DC005,2026-06-20,2027-09-26,349.0,0.0
BAT04467,MED029,DC007,2026-06-18,2027-01-18,507.0,0.0
BAT04468,MED031,DC002,2026-06-17,2027-01-31,346.0,0.0
BAT04469,MED031,DC003,2026-06-17,2027-01-31,346.0,0.0
BAT04470,MED032,DC002,2026-06-17,2027-01-10,413.0,0.0
BAT04471,MED032,DC007,2026-06-18,2027-01-11,413.0,0.0
BAT04472,MED032,DC008,2026-06-19,2027-01-12,413.0,0.0
BAT04473,MED033,DC004,2026-06-19,2027-04-22,442.0,0.0
BAT04474,MED034,DC008,2026-06-19,2027-08-09,1036.0,0.0
BAT04475,MED035,DC001,2026-06-18,2027-01-09,466.0,0.0
BAT04476,MED035,DC007,2026-06-18,2027-01-09,466.0,0.0
BAT04477,MED037,DC003,2026-06-17,2026-12-15,1365.0,0.0
BAT04478,MED039,DC006,2026-06-21,2027-09-21,314.0,0.0
BAT04479,MED001,DC005,2026-06-21,2027-02-08,215.0,0.0
BAT04480,MED001,DC007,2026-06-19,2027-02-06,215.0,0.0
BAT04481,MED002,DC008,2026-06-20,2027-10-21,219.0,0.0
BAT04482,MED003,DC003,2026-06-18,2027-04-06,699.0,0.0
BAT04483,MED004,DC008,2026-06-20,2027-12-09,1309.0,0.0
BAT04484,MED005,DC005,2026-06-21,2027-02-08,494.0,0.0
BAT04485,MED006,DC008,2026-06-20,2027-01-08,258.0,0.0
BAT04486,MED010,DC006,2026-06-22,2027-12-03,549.0,0.0
BAT04487,MED011,DC004,2026-06-20,2027-05-04,520.0,0.0
BAT04488,MED012,DC008,2026-06-20,2027-01-02,890.0,0.0
BAT04489,MED013,DC004,2026-06-20,2027-05-27,361.0,0.0
BAT04490,MED015,DC001,2026-06-19,2027-07-23,1245.0,0.0
BAT04491,MED016,DC005,2026-06-21,2027-02-02,454.0,0.0
BAT04492,MED017,DC002,2026-06-18,2027-10-16,292.0,0.0
BAT04493,MED017,DC004,2026-06-20,2027-10-18,292.0,0.0
BAT04494,MED020,DC002,2026-06-18,2027-04-28,376.0,0.0
BAT04495,MED023,DC007,2026-06-19,2027-05-22,642.0,0.0
BAT04496,MED026,DC006,2026-06-22,2027-09-21,1028.0,0.0
BAT04497,MED027,DC001,2026-06-19,2027-09-06,899.0,0.0
BAT04498,MED028,DC003,2026-06-18,2027-09-24,349.0,0.0
BAT04499,MED034,DC006,2026-06-22,2027-08-12,1036.0,0.0
BAT04500,MED035,DC003,2026-06-18,2027-01-09,466.0,0.0
BAT04501,MED035,DC005,2026-06-21,2027-01-12,466.0,0.0
BAT04502,MED035,DC006,2026-06-22,2027-01-13,466.0,0.0
BAT04503,MED039,DC007,2026-06-19,2027-09-19,314.0,0.0
BAT04504,MED002,DC003,2026-06-19,2027-10-20,219.0,0.0
BAT04505,MED006,DC004,2026-06-21,2027-01-09,258.0,0.0
BAT04506,MED007,DC001,2026-06-20,2027-05-16,625.0,0.0
BAT04507,MED007,DC002,2026-06-19,2027-05-15,625.0,0.0
BAT04508,MED007,DC008,2026-06-21,2027-05-17,625.0,0.0
BAT04509,MED008,DC001,2026-06-20,2027-05-14,1205.0,0.0
BAT04510,MED008,DC004,2026-06-21,2027-05-15,1205.0,0.0
BAT04511,MED008,DC008,2026-06-21,2027-05-15,1205.0,0.0
BAT04512,MED009,DC002,2026-06-19,2027-06-20,1366.0,0.0
BAT04513,MED009,DC004,2026-06-21,2027-06-22,1366.0,0.0
BAT04514,MED009,DC008,2026-06-21,2027-06-22,1366.0,0.0
BAT04515,MED011,DC006,2026-06-23,2027-05-07,520.0,0.0
BAT04516,MED012,DC002,2026-06-19,2027-01-01,890.0,0.0
BAT04517,MED012,DC007,2026-06-20,2027-01-02,890.0,0.0
BAT04518,MED014,DC003,2026-06-19,2027-04-30,437.0,0.0
BAT04519,MED015,DC002,2026-06-19,2027-07-23,1245.0,0.0
BAT04520,MED017,DC001,2026-06-20,2027-10-18,292.0,0.0
BAT04521,MED017,DC005,2026-06-22,2027-10-20,292.0,0.0
BAT04522,MED017,DC006,2026-06-23,2027-10-21,292.0,0.0
BAT04523,MED018,DC005,2026-06-22,2027-09-28,429.0,0.0
BAT04524,MED018,DC006,2026-06-23,2027-09-29,429.0,0.0
BAT04525,MED019,DC001,2026-06-20,2027-11-10,609.0,0.0
BAT04526,MED019,DC005,2026-06-22,2027-11-12,609.0,0.0
BAT04527,MED019,DC007,2026-06-20,2027-11-10,609.0,0.0
BAT04528,MED020,DC005,2026-06-22,2027-05-02,376.0,0.0
BAT04529,MED020,DC008,2026-06-21,2027-05-01,376.0,0.0
BAT04530,MED021,DC005,2026-06-22,2027-11-11,1413.0,0.0
BAT04531,MED022,DC004,2026-06-21,2027-09-15,424.0,0.0
BAT04532,MED024,DC006,2026-06-23,2027-08-25,344.0,0.0
BAT04533,MED025,DC004,2026-06-21,2027-09-25,1266.0,0.0
BAT04534,MED025,DC008,2026-06-21,2027-09-25,1266.0,0.0
BAT04535,MED026,DC002,2026-06-19,2027-09-18,1028.0,0.0
BAT04536,MED028,DC008,2026-06-21,2027-09-27,349.0,0.0
BAT04537,MED029,DC001,2026-06-20,2027-01-20,507.0,0.0
BAT04538,MED029,DC002,2026-06-19,2027-01-19,507.0,0.0
BAT04539,MED029,DC003,2026-06-19,2027-01-19,507.0,0.0
BAT04540,MED029,DC008,2026-06-21,2027-01-21,507.0,0.0
BAT04541,MED030,DC005,2026-06-22,2027-04-07,350.0,0.0
BAT04542,MED031,DC008,2026-06-21,2027-02-04,346.0,0.0
BAT04543,MED033,DC002,2026-06-19,2027-04-22,442.0,0.0
BAT04544,MED033,DC007,2026-06-20,2027-04-23,442.0,0.0
BAT04545,MED034,DC004,2026-06-21,2027-08-11,1036.0,0.0
BAT04546,MED034,DC007,2026-06-20,2027-08-10,1036.0,0.0
BAT04547,MED036,DC003,2026-06-19,2027-08-21,756.0,0.0
BAT04548,MED037,DC002,2026-06-19,2026-12-17,1365.0,0.0
BAT04549,MED037,DC006,2026-06-23,2026-12-21,1365.0,0.0
BAT04550,MED037,DC007,2026-06-20,2026-12-18,1365.0,0.0
BAT04551,MED038,DC005,2026-06-22,2027-12-10,1426.0,0.0
BAT04552,MED039,DC003,2026-06-19,2027-09-19,314.0,0.0
BAT04553,MED039,DC008,2026-06-21,2027-09-21,314.0,0.0
BAT04554,MED001,DC001,2026-06-21,2027-02-08,215.0,0.0
BAT04555,MED001,DC003,2026-06-20,2027-02-07,215.0,0.0
BAT04556,MED002,DC002,2026-06-20,2027-10-21,219.0,0.0
BAT04557,MED002,DC004,2026-06-22,2027-10-23,219.0,0.0
BAT04558,MED004,DC005,2026-06-23,2027-12-12,1309.0,0.0
BAT04559,MED005,DC007,2026-06-21,2027-02-08,494.0,0.0
BAT04560,MED006,DC001,2026-06-21,2027-01-09,258.0,0.0
BAT04561,MED009,DC006,2026-06-24,2027-06-25,1366.0,0.0
BAT04562,MED011,DC005,2026-06-23,2027-05-07,520.0,0.0
BAT04563,MED011,DC007,2026-06-21,2027-05-05,520.0,0.0
BAT04564,MED011,DC008,2026-06-22,2027-05-06,520.0,0.0
BAT04565,MED015,DC004,2026-06-22,2027-07-26,1245.0,0.0
BAT04566,MED015,DC008,2026-06-22,2027-07-26,1245.0,0.0
BAT04567,MED016,DC007,2026-06-21,2027-02-02,454.0,0.0
BAT04568,MED017,DC007,2026-06-21,2027-10-19,292.0,0.0
BAT04569,MED018,DC001,2026-06-21,2027-09-27,429.0,0.0
BAT04570,MED021,DC002,2026-06-20,2027-11-09,1413.0,0.0
BAT04571,MED021,DC006,2026-06-24,2027-11-13,1413.0,0.0
BAT04572,MED021,DC007,2026-06-21,2027-11-10,1413.0,0.0
BAT04573,MED022,DC007,2026-06-21,2027-09-15,424.0,0.0
BAT04574,MED024,DC007,2026-06-21,2027-08-23,344.0,0.0
BAT04575,MED025,DC001,2026-06-21,2027-09-25,1266.0,0.0
BAT04576,MED028,DC006,2026-06-24,2027-09-30,349.0,0.0
BAT04577,MED029,DC004,2026-06-22,2027-01-22,507.0,0.0
BAT04578,MED032,DC004,2026-06-22,2027-01-15,413.0,0.0
BAT04579,MED032,DC006,2026-06-24,2027-01-17,413.0,0.0
BAT04580,MED033,DC003,2026-06-20,2027-04-23,442.0,0.0
BAT04581,MED033,DC005,2026-06-23,2027-04-26,442.0,0.0
BAT04582,MED034,DC001,2026-06-21,2027-08-11,1036.0,0.0
BAT04583,MED034,DC002,2026-06-20,2027-08-10,1036.0,0.0
BAT04584,MED035,DC002,2026-06-20,2027-01-11,466.0,0.0
BAT04585,MED035,DC004,2026-06-22,2027-01-13,466.0,0.0
BAT04586,MED036,DC005,2026-06-23,2027-08-25,756.0,0.0
BAT04587,MED039,DC001,2026-06-21,2027-09-21,314.0,0.0
BAT04588,MED001,DC006,2026-06-25,2027-02-12,215.0,0.0
BAT04589,MED001,DC008,2026-06-23,2027-02-10,215.0,0.0
BAT04590,MED005,DC008,2026-06-23,2027-02-10,494.0,0.0
BAT04591,MED008,DC006,2026-06-25,2027-05-19,1205.0,0.0
BAT04592,MED010,DC002,2026-06-21,2027-12-02,549.0,0.0
BAT04593,MED010,DC004,2026-06-23,2027-12-04,549.0,0.0
BAT04594,MED011,DC003,2026-06-21,2027-05-05,520.0,0.0
BAT04595,MED013,DC005,2026-06-24,2027-05-31,361.0,0.0
BAT04596,MED014,DC005,2026-06-24,2027-05-05,437.0,0.0
BAT04597,MED014,DC006,2026-06-25,2027-05-06,437.0,0.0
BAT04598,MED018,DC008,2026-06-23,2027-09-29,429.0,0.0
BAT04599,MED025,DC006,2026-06-25,2027-09-29,1266.0,0.0
BAT04600,MED027,DC004,2026-06-23,2027-09-10,899.0,0.0
BAT04601,MED029,DC005,2026-06-24,2027-01-24,507.0,0.0
BAT04602,MED032,DC005,2026-06-24,2027-01-17,413.0,0.0
BAT04603,MED036,DC002,2026-06-21,2027-08-23,756.0,0.0
BAT04604,MED037,DC001,2026-06-22,2026-12-20,1365.0,0.0
BAT04605,MED038,DC003,2026-06-21,2027-12-09,1426.0,0.0
BAT04606,MED038,DC006,2026-06-25,2027-12-13,1426.0,0.0
BAT04607,MED039,DC005,2026-06-24,2027-09-24,314.0,0.0
BAT04608,MED040,DC006,2026-06-25,2027-09-19,340.0,0.0
BAT04609,MED001,DC004,2026-06-24,2027-02-11,215.0,0.0
BAT04610,MED002,DC007,2026-06-23,2027-10-24,219.0,0.0
BAT04611,MED003,DC005,2026-06-25,2027-04-13,699.0,0.0
BAT04612,MED003,DC007,2026-06-23,2027-04-11,699.0,0.0
BAT04613,MED004,DC006,2026-06-26,2027-12-15,1309.0,0.0
BAT04614,MED006,DC005,2026-06-25,2027-01-13,258.0,0.0
BAT04615,MED006,DC006,2026-06-26,2027-01-14,258.0,0.0
BAT04616,MED007,DC006,2026-06-26,2027-05-22,625.0,0.0
BAT04617,MED009,DC005,2026-06-25,2027-06-26,1366.0,0.0
BAT04618,MED011,DC001,2026-06-23,2027-05-07,520.0,0.0
BAT04619,MED013,DC006,2026-06-26,2027-06-02,361.0,0.0
BAT04620,MED013,DC008,2026-06-24,2027-05-31,361.0,0.0
BAT04621,MED016,DC001,2026-06-23,2027-02-04,454.0,0.0
BAT04622,MED018,DC002,2026-06-22,2027-09-28,429.0,0.0
BAT04623,MED019,DC008,2026-06-24,2027-11-14,609.0,0.0
BAT04624,MED020,DC004,2026-06-24,2027-05-04,376.0,0.0
BAT04625,MED022,DC001,2026-06-23,2027-09-17,424.0,0.0
BAT04626,MED024,DC004,2026-06-24,2027-08-26,344.0,0.0
BAT04627,MED028,DC001,2026-06-23,2027-09-29,349.0,0.0
BAT04628,MED028,DC007,2026-06-23,2027-09-29,349.0,0.0
BAT04629,MED031,DC004,2026-06-24,2027-02-07,346.0,0.0
BAT04630,MED032,DC001,2026-06-23,2027-01-16,413.0,0.0
BAT04631,MED036,DC001,2026-06-23,2027-08-25,756.0,0.0
BAT04632,MED037,DC004,2026-06-24,2026-12-22,1365.0,0.0
BAT04633,MED037,DC008,2026-06-24,2026-12-22,1365.0,0.0
BAT04634,MED038,DC004,2026-06-24,2027-12-12,1426.0,0.0
BAT04635,MED039,DC002,2026-06-22,2027-09-22,314.0,0.0
BAT04636,MED039,DC004,2026-06-24,2027-09-24,314.0,0.0
BAT04637,MED002,DC005,2026-06-26,2027-10-27,219.0,0.0
BAT04638,MED003,DC001,2026-06-24,2027-04-12,699.0,0.0
BAT04639,MED004,DC007,2026-06-24,2027-12-13,1309.0,0.0
BAT04640,MED005,DC001,2026-06-24,2027-02-11,494.0,0.0
BAT04641,MED006,DC003,2026-06-23,2027-01-11,258.0,0.0
BAT04642,MED007,DC007,2026-06-24,2027-05-20,625.0,0.0
BAT04643,MED011,DC002,2026-06-23,2027-05-07,520.0,0.0
BAT04644,MED012,DC003,2026-06-23,2027-01-05,890.0,0.0
BAT04645,MED014,DC002,2026-06-23,2027-05-04,437.0,0.0
BAT04646,MED014,DC007,2026-06-24,2027-05-05,437.0,0.0
BAT04647,MED015,DC006,2026-06-27,2027-07-31,1245.0,0.0
BAT04648,MED016,DC002,2026-06-23,2027-02-04,454.0,0.0
BAT04649,MED016,DC003,2026-06-23,2027-02-04,454.0,0.0
BAT04650,MED017,DC003,2026-06-23,2027-10-21,292.0,0.0
BAT04651,MED017,DC008,2026-06-25,2027-10-23,292.0,0.0
BAT04652,MED018,DC003,2026-06-23,2027-09-29,429.0,0.0
BAT04653,MED019,DC002,2026-06-23,2027-11-13,609.0,0.0
BAT04654,MED019,DC003,2026-06-23,2027-11-13,609.0,0.0
BAT04655,MED019,DC006,2026-06-27,2027-11-17,609.0,0.0
BAT04656,MED020,DC001,2026-06-24,2027-05-04,376.0,0.0
BAT04657,MED021,DC003,2026-06-23,2027-11-12,1413.0,0.0
BAT04658,MED022,DC002,2026-06-23,2027-09-17,424.0,0.0
BAT04659,MED022,DC003,2026-06-23,2027-09-17,424.0,0.0
BAT04660,MED022,DC005,2026-06-26,2027-09-20,424.0,0.0
BAT04661,MED022,DC008,2026-06-25,2027-09-19,424.0,0.0
BAT04662,MED023,DC004,2026-06-25,2027-05-28,642.0,0.0
BAT04663,MED025,DC003,2026-06-23,2027-09-27,1266.0,0.0
BAT04664,MED026,DC001,2026-06-24,2027-09-23,1028.0,0.0
BAT04665,MED026,DC003,2026-06-23,2027-09-22,1028.0,0.0
BAT04666,MED026,DC007,2026-06-24,2027-09-23,1028.0,0.0
BAT04667,MED026,DC008,2026-06-25,2027-09-24,1028.0,0.0
BAT04668,MED027,DC003,2026-06-23,2027-09-10,899.0,0.0
BAT04669,MED028,DC004,2026-06-25,2027-10-01,349.0,0.0
BAT04670,MED031,DC006,2026-06-27,2027-02-10,346.0,0.0
BAT04671,MED034,DC003,2026-06-23,2027-08-13,1036.0,0.0
BAT04672,MED035,DC007,2026-06-24,2027-01-15,466.0,0.0
BAT04673,MED036,DC004,2026-06-25,2027-08-27,756.0,0.0
BAT04674,MED036,DC006,2026-06-27,2027-08-29,756.0,0.0
BAT04675,MED036,DC007,2026-06-24,2027-08-26,756.0,0.0
BAT04676,MED038,DC001,2026-06-24,2027-12-12,1426.0,0.0
BAT04677,MED038,DC002,2026-06-23,2027-12-11,1426.0,0.0
BAT04678,MED038,DC007,2026-06-24,2027-12-12,1426.0,0.0
BAT04679,MED002,DC006,2026-06-28,2027-10-29,219.0,0.0
BAT04680,MED004,DC002,2026-06-24,2027-12-13,1309.0,0.0
BAT04681,MED004,DC003,2026-06-24,2027-12-13,1309.0,0.0
BAT04682,MED008,DC002,2026-06-24,2027-05-18,1205.0,0.0
BAT04683,MED008,DC003,2026-06-24,2027-05-18,1205.0,0.0
BAT04684,MED008,DC007,2026-06-25,2027-05-19,1205.0,0.0
BAT04685,MED009,DC001,2026-06-25,2027-06-26,1366.0,0.0
BAT04686,MED009,DC003,2026-06-24,2027-06-25,1366.0,0.0
BAT04687,MED013,DC001,2026-06-25,2027-06-01,361.0,0.0
BAT04688,MED013,DC007,2026-06-25,2027-06-01,361.0,0.0
BAT04689,MED015,DC003,2026-06-24,2027-07-28,1245.0,0.0
BAT04690,MED015,DC005,2026-06-27,2027-07-31,1245.0,0.0
BAT04691,MED015,DC007,2026-06-25,2027-07-29,1245.0,0.0
BAT04692,MED017,DC002,2026-06-24,2027-10-22,292.0,0.0
BAT04693,MED018,DC007,2026-06-25,2027-10-01,429.0,0.0
BAT04694,MED019,DC004,2026-06-26,2027-11-16,609.0,0.0
BAT04695,MED020,DC003,2026-06-24,2027-05-04,376.0,0.0
BAT04696,MED020,DC007,2026-06-25,2027-05-05,376.0,0.0
BAT04697,MED021,DC004,2026-06-26,2027-11-15,1413.0,0.0
BAT04698,MED022,DC006,2026-06-28,2027-09-22,424.0,0.0
BAT04699,MED024,DC003,2026-06-24,2027-08-26,344.0,0.0
BAT04700,MED025,DC002,2026-06-24,2027-09-28,1266.0,0.0
BAT04701,MED026,DC005,2026-06-27,2027-09-26,1028.0,0.0
BAT04702,MED027,DC002,2026-06-24,2027-09-11,899.0,0.0
BAT04703,MED027,DC007,2026-06-25,2027-09-12,899.0,0.0
BAT04704,MED028,DC002,2026-06-24,2027-09-30,349.0,0.0
BAT04705,MED030,DC007,2026-06-25,2027-04-10,350.0,0.0
BAT04706,MED031,DC007,2026-06-25,2027-02-08,346.0,0.0
BAT04707,MED033,DC006,2026-06-28,2027-05-01,442.0,0.0
BAT04708,MED035,DC008,2026-06-26,2027-01-17,466.0,0.0
BAT04709,MED040,DC002,2026-06-24,2027-09-18,340.0,0.0
BAT04710,MED001,DC002,2026-06-25,2027-02-12,215.0,0.0
BAT04711,MED001,DC005,2026-06-28,2027-02-15,215.0,0.0
BAT04712,MED001,DC007,2026-06-26,2027-02-13,215.0,0.0
BAT04713,MED002,DC001,2026-06-26,2027-10-27,219.0,0.0
BAT04714,MED003,DC004,2026-06-27,2027-04-15,699.0,0.0
BAT04715,MED004,DC004,2026-06-27,2027-12-16,1309.0,0.0
BAT04716,MED013,DC002,2026-06-25,2027-06-01,361.0,0.0
BAT04717,MED014,DC008,2026-06-27,2027-05-08,437.0,0.0
BAT04718,MED017,DC004,2026-06-27,2027-10-25,292.0,0.0
BAT04719,MED020,DC002,2026-06-25,2027-05-05,376.0,0.0
BAT04720,MED020,DC006,2026-06-29,2027-05-09,376.0,0.0
BAT04721,MED021,DC001,2026-06-26,2027-11-15,1413.0,0.0
BAT04722,MED025,DC007,2026-06-26,2027-09-30,1266.0,0.0
BAT04723,MED027,DC005,2026-06-28,2027-09-15,899.0,0.0
BAT04724,MED028,DC005,2026-06-28,2027-10-04,349.0,0.0
BAT04725,MED030,DC003,2026-06-25,2027-04-10,350.0,0.0
BAT04726,MED031,DC001,2026-06-26,2027-02-09,346.0,0.0
BAT04727,MED031,DC005,2026-06-28,2027-02-11,346.0,0.0
BAT04728,MED033,DC001,2026-06-26,2027-04-29,442.0,0.0
BAT04729,MED035,DC001,2026-06-26,2027-01-17,466.0,0.0
BAT04730,MED035,DC005,2026-06-28,2027-01-19,466.0,0.0
BAT04731,MED036,DC008,2026-06-27,2027-08-29,756.0,0.0
BAT04732,MED039,DC006,2026-06-29,2027-09-29,314.0,0.0
BAT04733,MED039,DC007,2026-06-26,2027-09-26,314.0,0.0
BAT04734,MED040,DC004,2026-06-27,2027-09-21,340.0,0.0
BAT04735,MED003,DC002,2026-06-26,2027-04-14,699.0,0.0
BAT04736,MED003,DC006,2026-06-30,2027-04-18,699.0,0.0
BAT04737,MED003,DC008,2026-06-28,2027-04-16,699.0,0.0
BAT04738,MED006,DC002,2026-06-26,2027-01-14,258.0,0.0
BAT04739,MED006,DC007,2026-06-27,2027-01-15,258.0,0.0
BAT04740,MED007,DC003,2026-06-26,2027-05-22,625.0,0.0
BAT04741,MED008,DC005,2026-06-29,2027-05-23,1205.0,0.0
BAT04742,MED010,DC006,2026-06-30,2027-12-11,549.0,0.0
BAT04743,MED010,DC007,2026-06-27,2027-12-08,549.0,0.0
BAT04744,MED011,DC004,2026-06-28,2027-05-12,520.0,0.0
BAT04745,MED014,DC001,2026-06-27,2027-05-08,437.0,0.0
BAT04746,MED015,DC001,2026-06-27,2027-07-31,1245.0,0.0
BAT04747,MED016,DC004,2026-06-28,2027-02-09,454.0,0.0
BAT04748,MED017,DC001,2026-06-27,2027-10-25,292.0,0.0
BAT04749,MED017,DC005,2026-06-29,2027-10-27,292.0,0.0
BAT04750,MED018,DC005,2026-06-29,2027-10-05,429.0,0.0
BAT04751,MED019,DC001,2026-06-27,2027-11-17,609.0,0.0
BAT04752,MED019,DC005,2026-06-29,2027-11-19,609.0,0.0
BAT04753,MED020,DC008,2026-06-28,2027-05-08,376.0,0.0
BAT04754,MED021,DC008,2026-06-28,2027-11-17,1413.0,0.0
BAT04755,MED023,DC003,2026-06-26,2027-05-29,642.0,0.0
BAT04756,MED023,DC008,2026-06-28,2027-05-31,642.0,0.0
BAT04757,MED024,DC001,2026-06-27,2027-08-29,344.0,0.0
BAT04758,MED024,DC005,2026-06-29,2027-08-31,344.0,0.0
BAT04759,MED025,DC005,2026-06-29,2027-10-03,1266.0,0.0
BAT04760,MED026,DC004,2026-06-28,2027-09-27,1028.0,0.0
BAT04761,MED027,DC006,2026-06-30,2027-09-17,899.0,0.0
BAT04762,MED027,DC008,2026-06-28,2027-09-15,899.0,0.0
BAT04763,MED028,DC003,2026-06-26,2027-10-02,349.0,0.0
BAT04764,MED029,DC006,2026-06-30,2027-01-30,507.0,0.0
BAT04765,MED030,DC001,2026-06-27,2027-04-12,350.0,0.0
BAT04766,MED030,DC006,2026-06-30,2027-04-15,350.0,0.0
BAT04767,MED031,DC002,2026-06-26,2027-02-09,346.0,0.0
BAT04768,MED032,DC002,2026-06-26,2027-01-19,413.0,0.0
BAT04769,MED032,DC007,2026-06-27,2027-01-20,413.0,0.0
BAT04770,MED033,DC004,2026-06-28,2027-05-01,442.0,0.0
BAT04771,MED033,DC008,2026-06-28,2027-05-01,442.0,0.0
BAT04772,MED034,DC005,2026-06-29,2027-08-19,1036.0,0.0
BAT04773,MED035,DC004,2026-06-28,2027-01-19,466.0,0.0
BAT04774,MED035,DC006,2026-06-30,2027-01-21,466.0,0.0
BAT04775,MED036,DC003,2026-06-26,2027-08-28,756.0,0.0
BAT04776,MED037,DC003,2026-06-26,2026-12-24,1365.0,0.0
BAT04777,MED038,DC008,2026-06-28,2027-12-16,1426.0,0.0
BAT04778,MED039,DC003,2026-06-26,2027-09-26,314.0,0.0
BAT04779,MED040,DC007,2026-06-27,2027-09-21,340.0,0.0
BAT04780,MED001,DC001,2026-06-28,2027-02-15,215.0,0.0
BAT04781,MED001,DC003,2026-06-27,2027-02-14,215.0,0.0
BAT04782,MED002,DC008,2026-06-29,2027-10-30,219.0,0.0
BAT04783,MED003,DC003,2026-06-27,2027-04-15,699.0,0.0
BAT04784,MED004,DC001,2026-06-28,2027-12-17,1309.0,0.0
BAT04785,MED006,DC008,2026-06-29,2027-01-17,258.0,0.0
BAT04786,MED007,DC004,2026-06-29,2027-05-25,625.0,0.0
BAT04787,MED007,DC005,2026-06-30,2027-05-26,625.0,0.0
BAT04788,MED008,DC001,2026-06-28,2027-05-22,1205.0,0.0
BAT04789,MED009,DC007,2026-06-28,2027-06-29,1366.0,0.0
BAT04790,MED010,DC005,2026-06-30,2027-12-11,549.0,0.0
BAT04791,MED011,DC005,2026-06-30,2027-05-14,520.0,0.0
BAT04792,MED011,DC006,2026-07-01,2027-05-15,520.0,0.0
BAT04793,MED011,DC008,2026-06-29,2027-05-13,520.0,0.0
BAT04794,MED012,DC001,2026-06-28,2027-01-10,890.0,0.0
BAT04795,MED012,DC005,2026-06-30,2027-01-12,890.0,0.0
BAT04796,MED013,DC003,2026-06-27,2027-06-03,361.0,0.0
BAT04797,MED014,DC004,2026-06-29,2027-05-10,437.0,0.0
BAT04798,MED015,DC002,2026-06-27,2027-07-31,1245.0,0.0
BAT04799,MED017,DC006,2026-07-01,2027-10-29,292.0,0.0
BAT04800,MED017,DC007,2026-06-28,2027-10-26,292.0,0.0
BAT04801,MED018,DC004,2026-06-29,2027-10-05,429.0,0.0
BAT04802,MED019,DC007,2026-06-28,2027-11-18,609.0,0.0
BAT04803,MED020,DC005,2026-06-30,2027-05-10,376.0,0.0
BAT04804,MED022,DC004,2026-06-29,2027-09-23,424.0,0.0
BAT04805,MED022,DC007,2026-06-28,2027-09-22,424.0,0.0
BAT04806,MED023,DC005,2026-06-30,2027-06-02,642.0,0.0
BAT04807,MED023,DC006,2026-07-01,2027-06-03,642.0,0.0
BAT04808,MED024,DC002,2026-06-27,2027-08-29,344.0,0.0
BAT04809,MED024,DC006,2026-07-01,2027-09-02,344.0,0.0
BAT04810,MED024,DC008,2026-06-29,2027-08-31,344.0,0.0
BAT04811,MED026,DC006,2026-07-01,2027-09-30,1028.0,0.0
BAT04812,MED027,DC001,2026-06-28,2027-09-15,899.0,0.0
BAT04813,MED028,DC008,2026-06-29,2027-10-05,349.0,0.0
BAT04814,MED029,DC002,2026-06-27,2027-01-27,507.0,0.0
BAT04815,MED029,DC003,2026-06-27,2027-01-27,507.0,0.0
BAT04816,MED029,DC007,2026-06-28,2027-01-28,507.0,0.0
BAT04817,MED031,DC003,2026-06-27,2027-02-10,346.0,0.0
BAT04818,MED032,DC003,2026-06-27,2027-01-20,413.0,0.0
BAT04819,MED032,DC008,2026-06-29,2027-01-22,413.0,0.0
BAT04820,MED034,DC006,2026-07-01,2027-08-21,1036.0,0.0
BAT04821,MED034,DC008,2026-06-29,2027-08-19,1036.0,0.0
BAT04822,MED035,DC002,2026-06-27,2027-01-18,466.0,0.0
BAT04823,MED035,DC003,2026-06-27,2027-01-18,466.0,0.0
BAT04824,MED037,DC002,2026-06-27,2026-12-25,1365.0,0.0
BAT04825,MED037,DC005,2026-06-30,2026-12-28,1365.0,0.0
BAT04826,MED038,DC005,2026-06-30,2027-12-18,1426.0,0.0
BAT04827,MED039,DC001,2026-06-28,2027-09-28,314.0,0.0
BAT04828,MED039,DC008,2026-06-29,2027-09-29,314.0,0.0
BAT04829,MED040,DC005,2026-06-30,2027-09-24,340.0,0.0
BAT04830,MED001,DC008,2026-06-30,2027-02-17,215.0,0.0
BAT04831,MED002,DC003,2026-06-28,2027-10-29,219.0,0.0
BAT04832,MED004,DC008,2026-06-30,2027-12-19,1309.0,0.0
BAT04833,MED006,DC004,2026-06-30,2027-01-18,258.0,0.0
BAT04834,MED007,DC001,2026-06-29,2027-05-25,625.0,0.0
BAT04835,MED007,DC008,2026-06-30,2027-05-26,625.0,0.0
BAT04836,MED008,DC008,2026-06-30,2027-05-24,1205.0,0.0
BAT04837,MED009,DC002,2026-06-28,2027-06-29,1366.0,0.0
BAT04838,MED009,DC004,2026-06-30,2027-07-01,1366.0,0.0
BAT04839,MED010,DC001,2026-06-29,2027-12-10,549.0,0.0
BAT04840,MED010,DC003,2026-06-28,2027-12-09,549.0,0.0
BAT04841,MED011,DC007,2026-06-29,2027-05-13,520.0,0.0
BAT04842,MED016,DC006,2026-07-02,2027-02-13,454.0,0.0
BAT04843,MED019,DC008,2026-06-30,2027-11-20,609.0,0.0
BAT04844,MED023,DC001,2026-06-29,2027-06-01,642.0,0.0
BAT04845,MED024,DC007,2026-06-29,2027-08-31,344.0,0.0
BAT04846,MED025,DC004,2026-06-30,2027-10-04,1266.0,0.0
BAT04847,MED028,DC006,2026-07-02,2027-10-08,349.0,0.0
BAT04848,MED029,DC001,2026-06-29,2027-01-29,507.0,0.0
BAT04849,MED029,DC004,2026-06-30,2027-01-30,507.0,0.0
BAT04850,MED030,DC008,2026-06-30,2027-04-15,350.0,0.0
BAT04851,MED031,DC008,2026-06-30,2027-02-13,346.0,0.0
BAT04852,MED033,DC005,2026-07-01,2027-05-04,442.0,0.0
BAT04853,MED033,DC007,2026-06-29,2027-05-02,442.0,0.0
BAT04854,MED034,DC001,2026-06-29,2027-08-19,1036.0,0.0
BAT04855,MED034,DC004,2026-06-30,2027-08-20,1036.0,0.0
BAT04856,MED034,DC007,2026-06-29,2027-08-19,1036.0,0.0
BAT04857,MED036,DC001,2026-06-29,2027-08-31,756.0,0.0
BAT04858,MED036,DC005,2026-07-01,2027-09-02,756.0,0.0
BAT04859,MED037,DC006,2026-07-02,2026-12-30,1365.0,0.0
BAT04860,MED039,DC005,2026-07-01,2027-10-01,314.0,0.0
BAT04861,MED040,DC008,2026-06-30,2027-09-24,340.0,0.0
BAT04862,MED001,DC006,2026-07-03,2027-02-20,215.0,0.0
BAT04863,MED002,DC002,2026-06-29,2027-10-30,219.0,0.0
BAT04864,MED002,DC004,2026-07-01,2027-11-01,219.0,0.0
BAT04865,MED004,DC005,2026-07-02,2027-12-21,1309.0,0.0
BAT04866,MED005,DC003,2026-06-29,2027-02-16,494.0,0.0
BAT04867,MED007,DC002,2026-06-29,2027-05-25,625.0,0.0
BAT04868,MED008,DC004,2026-07-01,2027-05-25,1205.0,0.0
BAT04869,MED009,DC006,2026-07-03,2027-07-04,1366.0,0.0
BAT04870,MED009,DC008,2026-07-01,2027-07-02,1366.0,0.0
BAT04871,MED011,DC003,2026-06-29,2027-05-13,520.0,0.0
BAT04872,MED013,DC004,2026-07-01,2027-06-07,361.0,0.0
BAT04873,MED013,DC005,2026-07-02,2027-06-08,361.0,0.0
BAT04874,MED014,DC005,2026-07-02,2027-05-13,437.0,0.0
BAT04875,MED015,DC004,2026-07-01,2027-08-04,1245.0,0.0
BAT04876,MED016,DC008,2026-07-01,2027-02-12,454.0,0.0
BAT04877,MED018,DC006,2026-07-03,2027-10-09,429.0,0.0
BAT04878,MED021,DC002,2026-06-29,2027-11-18,1413.0,0.0
BAT04879,MED021,DC005,2026-07-02,2027-11-21,1413.0,0.0
BAT04880,MED021,DC006,2026-07-03,2027-11-22,1413.0,0.0
BAT04881,MED021,DC007,2026-06-30,2027-11-19,1413.0,0.0
BAT04882,MED022,DC001,2026-06-30,2027-09-24,424.0,0.0
BAT04883,MED025,DC001,2026-06-30,2027-10-04,1266.0,0.0
BAT04884,MED025,DC008,2026-07-01,2027-10-05,1266.0,0.0
BAT04885,MED028,DC001,2026-06-30,2027-10-06,349.0,0.0
BAT04886,MED029,DC008,2026-07-01,2027-01-31,507.0,0.0
BAT04887,MED030,DC002,2026-06-29,2027-04-14,350.0,0.0
BAT04888,MED032,DC006,2026-07-03,2027-01-26,413.0,0.0
BAT04889,MED033,DC002,2026-06-29,2027-05-02,442.0,0.0
BAT04890,MED033,DC003,2026-06-29,2027-05-02,442.0,0.0
BAT04891,MED034,DC002,2026-06-29,2027-08-19,1036.0,0.0
BAT04892,MED036,DC002,2026-06-29,2027-08-31,756.0,0.0
BAT04893,MED037,DC001,2026-06-30,2026-12-28,1365.0,0.0
BAT04894,MED037,DC007,2026-06-30,2026-12-28,1365.0,0.0
BAT04895,MED039,DC004,2026-07-01,2027-10-01,314.0,0.0
BAT04896,MED001,DC004,2026-07-02,2027-02-19,215.0,0.0
BAT04897,MED005,DC006,2026-07-04,2027-02-21,494.0,0.0
BAT04898,MED006,DC001,2026-07-01,2027-01-19,258.0,0.0
BAT04899,MED006,DC005,2026-07-03,2027-01-21,258.0,0.0
BAT04900,MED008,DC006,2026-07-04,2027-05-28,1205.0,0.0
BAT04901,MED011,DC001,2026-07-01,2027-05-15,520.0,0.0
BAT04902,MED011,DC002,2026-06-30,2027-05-14,520.0,0.0
BAT04903,MED012,DC002,2026-06-30,2027-01-12,890.0,0.0
BAT04904,MED013,DC006,2026-07-04,2027-06-10,361.0,0.0
BAT04905,MED014,DC003,2026-06-30,2027-05-11,437.0,0.0
BAT04906,MED015,DC008,2026-07-02,2027-08-05,1245.0,0.0
BAT04907,MED017,DC003,2026-06-30,2027-10-28,292.0,0.0
BAT04908,MED017,DC008,2026-07-02,2027-10-30,292.0,0.0
BAT04909,MED018,DC001,2026-07-01,2027-10-07,429.0,0.0
BAT04910,MED018,DC002,2026-06-30,2027-10-06,429.0,0.0
BAT04911,MED018,DC008,2026-07-02,2027-10-08,429.0,0.0
BAT04912,MED019,DC002,2026-06-30,2027-11-20,609.0,0.0
BAT04913,MED020,DC001,2026-07-01,2027-05-11,376.0,0.0
BAT04914,MED020,DC004,2026-07-02,2027-05-12,376.0,0.0
BAT04915,MED022,DC002,2026-06-30,2027-09-24,424.0,0.0
BAT04916,MED022,DC003,2026-06-30,2027-09-24,424.0,0.0
BAT04917,MED022,DC005,2026-07-03,2027-09-27,424.0,0.0
BAT04918,MED025,DC006,2026-07-04,2027-10-08,1266.0,0.0
BAT04919,MED026,DC002,2026-06-30,2027-09-29,1028.0,0.0
BAT04920,MED027,DC004,2026-07-02,2027-09-19,899.0,0.0
BAT04921,MED028,DC004,2026-07-02,2027-10-08,349.0,0.0
BAT04922,MED028,DC007,2026-07-01,2027-10-07,349.0,0.0
BAT04923,MED032,DC001,2026-07-01,2027-01-24,413.0,0.0
BAT04924,MED032,DC004,2026-07-02,2027-01-25,413.0,0.0
BAT04925,MED032,DC005,2026-07-03,2027-01-26,413.0,0.0
BAT04926,MED036,DC004,2026-07-02,2027-09-03,756.0,0.0
BAT04927,MED036,DC007,2026-07-01,2027-09-02,756.0,0.0
BAT04928,MED038,DC003,2026-06-30,2027-12-18,1426.0,0.0
BAT04929,MED039,DC002,2026-06-30,2027-09-30,314.0,0.0
BAT04930,MED040,DC003,2026-06-30,2027-09-24,340.0,0.0
BAT04931,MED001,DC007,2026-07-02,2027-02-19,215.0,0.0
BAT04932,MED002,DC007,2026-07-02,2027-11-02,219.0,0.0
BAT04933,MED005,DC005,2026-07-04,2027-02-21,494.0,0.0
BAT04934,MED006,DC006,2026-07-05,2027-01-23,258.0,0.0
BAT04935,MED009,DC005,2026-07-04,2027-07-05,1366.0,0.0
BAT04936,MED012,DC006,2026-07-05,2027-01-17,890.0,0.0
BAT04937,MED012,DC007,2026-07-02,2027-01-14,890.0,0.0
BAT04938,MED012,DC008,2026-07-03,2027-01-15,890.0,0.0
BAT04939,MED016,DC007,2026-07-02,2027-02-13,454.0,0.0
BAT04940,MED019,DC003,2026-07-01,2027-11-21,609.0,0.0
BAT04941,MED019,DC006,2026-07-05,2027-11-25,609.0,0.0
BAT04942,MED020,DC007,2026-07-02,2027-05-12,376.0,0.0
BAT04943,MED022,DC008,2026-07-03,2027-09-27,424.0,0.0
BAT04944,MED024,DC004,2026-07-03,2027-09-04,344.0,0.0
BAT04945,MED029,DC005,2026-07-04,2027-02-03,507.0,0.0
BAT04946,MED030,DC005,2026-07-04,2027-04-19,350.0,0.0
BAT04947,MED034,DC003,2026-07-01,2027-08-21,1036.0,0.0
BAT04948,MED035,DC007,2026-07-02,2027-01-23,466.0,0.0
BAT04949,MED035,DC008,2026-07-03,2027-01-24,466.0,0.0
BAT04950,MED036,DC006,2026-07-05,2027-09-06,756.0,0.0
BAT04951,MED037,DC008,2026-07-03,2026-12-31,1365.0,0.0
BAT04952,MED038,DC004,2026-07-03,2027-12-21,1426.0,0.0
BAT04953,MED038,DC006,2026-07-05,2027-12-23,1426.0,0.0
BAT04954,MED040,DC001,2026-07-02,2027-09-26,340.0,0.0
BAT04955,MED001,DC002,2026-07-02,2027-02-19,215.0,0.0
BAT04956,MED001,DC005,2026-07-05,2027-02-22,215.0,0.0
BAT04957,MED003,DC005,2026-07-05,2027-04-23,699.0,0.0
BAT04958,MED007,DC006,2026-07-06,2027-06-01,625.0,0.0
BAT04959,MED014,DC007,2026-07-03,2027-05-14,437.0,0.0
BAT04960,MED015,DC003,2026-07-02,2027-08-05,1245.0,0.0
BAT04961,MED016,DC005,2026-07-05,2027-02-16,454.0,0.0
BAT04962,MED017,DC002,2026-07-02,2027-10-30,292.0,0.0
BAT04963,MED021,DC003,2026-07-02,2027-11-21,1413.0,0.0
BAT04964,MED022,DC006,2026-07-06,2027-09-30,424.0,0.0
BAT04965,MED023,DC007,2026-07-03,2027-06-05,642.0,0.0
BAT04966,MED026,DC007,2026-07-03,2027-10-02,1028.0,0.0
BAT04967,MED026,DC008,2026-07-04,2027-10-03,1028.0,0.0
BAT04968,MED028,DC002,2026-07-02,2027-10-08,349.0,0.0
BAT04969,MED031,DC004,2026-07-04,2027-02-17,346.0,0.0
BAT04970,MED031,DC006,2026-07-06,2027-02-19,346.0,0.0
BAT04971,MED035,DC001,2026-07-03,2027-01-24,466.0,0.0
BAT04972,MED035,DC005,2026-07-05,2027-01-26,466.0,0.0
BAT04973,MED037,DC004,2026-07-04,2027-01-01,1365.0,0.0
BAT04974,MED038,DC001,2026-07-03,2027-12-21,1426.0,0.0
BAT04975,MED039,DC007,2026-07-03,2027-10-03,314.0,0.0
BAT04976,MED001,DC003,2026-07-03,2027-02-20,215.0,0.0
BAT04977,MED002,DC005,2026-07-06,2027-11-06,219.0,0.0
BAT04978,MED002,DC006,2026-07-07,2027-11-07,219.0,0.0
BAT04979,MED003,DC007,2026-07-04,2027-04-22,699.0,0.0
BAT04980,MED004,DC006,2026-07-07,2027-12-26,1309.0,0.0
BAT04981,MED004,DC007,2026-07-04,2027-12-23,1309.0,0.0
BAT04982,MED005,DC002,2026-07-03,2027-02-20,494.0,0.0
BAT04983,MED006,DC003,2026-07-03,2027-01-21,258.0,0.0
BAT04984,MED007,DC007,2026-07-04,2027-05-30,625.0,0.0
BAT04985,MED008,DC002,2026-07-03,2027-05-27,1205.0,0.0
BAT04986,MED008,DC003,2026-07-03,2027-05-27,1205.0,0.0
BAT04987,MED009,DC001,2026-07-04,2027-07-05,1366.0,0.0
BAT04988,MED009,DC003,2026-07-03,2027-07-04,1366.0,0.0
BAT04989,MED010,DC002,2026-07-03,2027-12-14,549.0,0.0
BAT04990,MED010,DC008,2026-07-05,2027-12-16,549.0,0.0
BAT04991,MED011,DC004,2026-07-05,2027-05-19,520.0,0.0
BAT04992,MED013,DC007,2026-07-04,2027-06-10,361.0,0.0
BAT04993,MED013,DC008,2026-07-05,2027-06-11,361.0,0.0
BAT04994,MED014,DC006,2026-07-07,2027-05-18,437.0,0.0
BAT04995,MED015,DC006,2026-07-07,2027-08-10,1245.0,0.0
BAT04996,MED016,DC001,2026-07-04,2027-02-15,454.0,0.0
BAT04997,MED017,DC004,2026-07-05,2027-11-02,292.0,0.0
BAT04998,MED017,DC005,2026-07-06,2027-11-03,292.0,0.0
BAT04999,MED019,DC004,2026-07-05,2027-11-25,609.0,0.0
BAT05000,MED019,DC005,2026-07-06,2027-11-26,609.0,0.0
BAT05001,MED019,DC007,2026-07-04,2027-11-24,609.0,0.0
BAT05002,MED020,DC002,2026-07-03,2027-05-13,376.0,0.0
BAT05003,MED020,DC003,2026-07-03,2027-05-13,376.0,0.0
BAT05004,MED020,DC006,2026-07-07,2027-05-17,376.0,0.0
BAT05005,MED025,DC003,2026-07-03,2027-10-07,1266.0,0.0
BAT05006,MED026,DC001,2026-07-04,2027-10-03,1028.0,0.0
BAT05007,MED026,DC005,2026-07-06,2027-10-05,1028.0,0.0
BAT05008,MED027,DC003,2026-07-03,2027-09-20,899.0,0.0
BAT05009,MED027,DC007,2026-07-04,2027-09-21,899.0,0.0
BAT05010,MED028,DC003,2026-07-03,2027-10-09,349.0,0.0
BAT05011,MED028,DC005,2026-07-06,2027-10-12,349.0,0.0
BAT05012,MED030,DC004,2026-07-05,2027-04-20,350.0,0.0
BAT05013,MED036,DC003,2026-07-03,2027-09-04,756.0,0.0
BAT05014,MED036,DC008,2026-07-05,2027-09-06,756.0,0.0
BAT05015,MED037,DC003,2026-07-03,2026-12-31,1365.0,0.0
BAT05016,MED038,DC002,2026-07-03,2027-12-21,1426.0,0.0
BAT05017,MED039,DC003,2026-07-03,2027-10-03,314.0,0.0
BAT05018,MED039,DC006,2026-07-07,2027-10-07,314.0,0.0
BAT05019,MED039,DC008,2026-07-05,2027-10-05,314.0,0.0
BAT05020,MED001,DC001,2026-07-05,2027-02-22,215.0,0.0
BAT05021,MED001,DC008,2026-07-06,2027-02-23,215.0,0.0
BAT05022,MED002,DC001,2026-07-05,2027-11-05,219.0,0.0
BAT05023,MED003,DC001,2026-07-05,2027-04-23,699.0,0.0
BAT05024,MED003,DC002,2026-07-04,2027-04-22,699.0,0.0
BAT05025,MED004,DC002,2026-07-04,2027-12-23,1309.0,0.0
BAT05026,MED004,DC003,2026-07-04,2027-12-23,1309.0,0.0
BAT05027,MED004,DC004,2026-07-06,2027-12-25,1309.0,0.0
BAT05028,MED005,DC001,2026-07-05,2027-02-22,494.0,0.0
BAT05029,MED005,DC004,2026-07-06,2027-02-23,494.0,0.0
BAT05030,MED005,DC007,2026-07-05,2027-02-22,494.0,0.0
BAT05031,MED006,DC002,2026-07-04,2027-01-22,258.0,0.0
BAT05032,MED006,DC007,2026-07-05,2027-01-23,258.0,0.0
BAT05033,MED008,DC007,2026-07-05,2027-05-29,1205.0,0.0
BAT05034,MED013,DC001,2026-07-05,2027-06-11,361.0,0.0
BAT05035,MED014,DC002,2026-07-04,2027-05-15,437.0,0.0
BAT05036,MED015,DC005,2026-07-07,2027-08-10,1245.0,0.0
BAT05037,MED015,DC007,2026-07-05,2027-08-08,1245.0,0.0
BAT05038,MED017,DC001,2026-07-05,2027-11-02,292.0,0.0
BAT05039,MED017,DC007,2026-07-05,2027-11-02,292.0,0.0
BAT05040,MED018,DC007,2026-07-05,2027-10-11,429.0,0.0
BAT05041,MED020,DC008,2026-07-06,2027-05-16,376.0,0.0
BAT05042,MED021,DC001,2026-07-05,2027-11-24,1413.0,0.0
BAT05043,MED021,DC004,2026-07-06,2027-11-25,1413.0,0.0
BAT05044,MED022,DC004,2026-07-06,2027-09-30,424.0,0.0
BAT05045,MED022,DC007,2026-07-05,2027-09-29,424.0,0.0
BAT05046,MED023,DC002,2026-07-04,2027-06-06,642.0,0.0
BAT05047,MED025,DC002,2026-07-04,2027-10-08,1266.0,0.0
BAT05048,MED025,DC007,2026-07-05,2027-10-09,1266.0,0.0
BAT05049,MED026,DC003,2026-07-04,2027-10-03,1028.0,0.0
BAT05050,MED027,DC002,2026-07-04,2027-09-21,899.0,0.0
BAT05051,MED028,DC008,2026-07-06,2027-10-12,349.0,0.0
BAT05052,MED029,DC006,2026-07-08,2027-02-07,507.0,0.0
BAT05053,MED031,DC005,2026-07-07,2027-02-20,346.0,0.0
BAT05054,MED031,DC007,2026-07-05,2027-02-18,346.0,0.0
BAT05055,MED033,DC001,2026-07-05,2027-05-08,442.0,0.0
BAT05056,MED035,DC004,2026-07-06,2027-01-27,466.0,0.0
BAT05057,MED035,DC006,2026-07-08,2027-01-29,466.0,0.0
BAT05058,MED038,DC007,2026-07-05,2027-12-23,1426.0,0.0
BAT05059,MED039,DC001,2026-07-05,2027-10-05,314.0,0.0
BAT05060,MED003,DC004,2026-07-07,2027-04-25,699.0,0.0
BAT05061,MED003,DC006,2026-07-09,2027-04-27,699.0,0.0
BAT05062,MED005,DC008,2026-07-07,2027-02-24,494.0,0.0
BAT05063,MED007,DC003,2026-07-05,2027-05-31,625.0,0.0
BAT05064,MED008,DC001,2026-07-06,2027-05-30,1205.0,0.0
BAT05065,MED011,DC005,2026-07-08,2027-05-22,520.0,0.0
BAT05066,MED011,DC006,2026-07-09,2027-05-23,520.0,0.0
BAT05067,MED011,DC008,2026-07-07,2027-05-21,520.0,0.0
BAT05068,MED013,DC002,2026-07-05,2027-06-11,361.0,0.0
BAT05069,MED014,DC008,2026-07-07,2027-05-18,437.0,0.0
BAT05070,MED015,DC001,2026-07-06,2027-08-09,1245.0,0.0
BAT05071,MED015,DC002,2026-07-05,2027-08-08,1245.0,0.0
BAT05072,MED017,DC006,2026-07-09,2027-11-06,292.0,0.0
BAT05073,MED018,DC003,2026-07-05,2027-10-11,429.0,0.0
BAT05074,MED019,DC001,2026-07-06,2027-11-26,609.0,0.0
BAT05075,MED019,DC008,2026-07-07,2027-11-27,609.0,0.0
BAT05076,MED020,DC005,2026-07-08,2027-05-18,376.0,0.0
BAT05077,MED024,DC001,2026-07-06,2027-09-07,344.0,0.0
BAT05078,MED024,DC003,2026-07-05,2027-09-06,344.0,0.0
BAT05079,MED024,DC005,2026-07-08,2027-09-09,344.0,0.0
BAT05080,MED024,DC008,2026-07-07,2027-09-08,344.0,0.0
BAT05081,MED025,DC005,2026-07-08,2027-10-12,1266.0,0.0
BAT05082,MED026,DC004,2026-07-07,2027-10-06,1028.0,0.0
BAT05083,MED027,DC006,2026-07-09,2027-09-26,899.0,0.0
BAT05084,MED027,DC008,2026-07-07,2027-09-24,899.0,0.0
BAT05085,MED029,DC003,2026-07-05,2027-02-04,507.0,0.0
BAT05086,MED031,DC001,2026-07-06,2027-02-19,346.0,0.0
BAT05087,MED031,DC002,2026-07-05,2027-02-18,346.0,0.0
BAT05088,MED032,DC007,2026-07-06,2027-01-29,413.0,0.0
BAT05089,MED033,DC004,2026-07-07,2027-05-10,442.0,0.0
BAT05090,MED033,DC006,2026-07-09,2027-05-12,442.0,0.0
BAT05091,MED033,DC008,2026-07-07,2027-05-10,442.0,0.0
BAT05092,MED035,DC002,2026-07-05,2027-01-26,466.0,0.0
BAT05093,MED035,DC003,2026-07-05,2027-01-26,466.0,0.0
BAT05094,MED036,DC001,2026-07-06,2027-09-07,756.0,0.0
BAT05095,MED036,DC005,2026-07-08,2027-09-09,756.0,0.0
BAT05096,MED038,DC008,2026-07-07,2027-12-25,1426.0,0.0
BAT05097,MED039,DC005,2026-07-08,2027-10-08,314.0,0.0
BAT05098,MED040,DC006,2026-07-09,2027-10-03,340.0,0.0
BAT05099,MED002,DC008,2026-07-08,2027-11-08,219.0,0.0
BAT05100,MED003,DC003,2026-07-06,2027-04-24,699.0,0.0
BAT05101,MED003,DC008,2026-07-08,2027-04-26,699.0,0.0
BAT05102,MED007,DC005,2026-07-09,2027-06-04,625.0,0.0
BAT05103,MED008,DC005,2026-07-09,2027-06-02,1205.0,0.0
BAT05104,MED009,DC002,2026-07-06,2027-07-07,1366.0,0.0
BAT05105,MED009,DC007,2026-07-07,2027-07-08,1366.0,0.0
BAT05106,MED010,DC004,2026-07-08,2027-12-19,549.0,0.0
BAT05107,MED010,DC006,2026-07-10,2027-12-21,549.0,0.0
BAT05108,MED011,DC003,2026-07-06,2027-05-20,520.0,0.0
BAT05109,MED011,DC007,2026-07-07,2027-05-21,520.0,0.0
BAT05110,MED012,DC004,2026-07-08,2027-01-20,890.0,0.0
BAT05111,MED013,DC003,2026-07-06,2027-06-12,361.0,0.0
BAT05112,MED018,DC004,2026-07-08,2027-10-14,429.0,0.0
BAT05113,MED018,DC005,2026-07-09,2027-10-15,429.0,0.0
BAT05114,MED020,DC004,2026-07-08,2027-05-18,376.0,0.0
BAT05115,MED022,DC002,2026-07-06,2027-09-30,424.0,0.0
BAT05116,MED024,DC002,2026-07-06,2027-09-07,344.0,0.0
BAT05117,MED024,DC007,2026-07-07,2027-09-08,344.0,0.0
BAT05118,MED027,DC001,2026-07-07,2027-09-24,899.0,0.0
BAT05119,MED027,DC005,2026-07-09,2027-09-26,899.0,0.0
BAT05120,MED028,DC001,2026-07-07,2027-10-13,349.0,0.0
BAT05121,MED028,DC006,2026-07-10,2027-10-16,349.0,0.0
BAT05122,MED029,DC001,2026-07-07,2027-02-06,507.0,0.0
BAT05123,MED029,DC002,2026-07-06,2027-02-05,507.0,0.0
BAT05124,MED029,DC007,2026-07-07,2027-02-06,507.0,0.0
BAT05125,MED030,DC003,2026-07-06,2027-04-21,350.0,0.0
BAT05126,MED032,DC002,2026-07-06,2027-01-29,413.0,0.0
BAT05127,MED032,DC003,2026-07-06,2027-01-29,413.0,0.0
BAT05128,MED032,DC008,2026-07-08,2027-01-31,413.0,0.0
BAT05129,MED034,DC005,2026-07-09,2027-08-29,1036.0,0.0
BAT05130,MED034,DC006,2026-07-10,2027-08-30,1036.0,0.0
BAT05131,MED034,DC008,2026-07-08,2027-08-28,1036.0,0.0
BAT05132,MED036,DC002,2026-07-06,2027-09-07,756.0,0.0
BAT05133,MED037,DC002,2026-07-06,2027-01-03,1365.0,0.0
BAT05134,MED038,DC005,2026-07-09,2027-12-27,1426.0,0.0
BAT05135,MED039,DC004,2026-07-08,2027-10-08,314.0,0.0
BAT05136,MED001,DC004,2026-07-09,2027-02-26,215.0,0.0
BAT05137,MED001,DC006,2026-07-11,2027-02-28,215.0,0.0
BAT05138,MED002,DC003,2026-07-07,2027-11-07,219.0,0.0
BAT05139,MED002,DC004,2026-07-09,2027-11-09,219.0,0.0
BAT05140,MED004,DC001,2026-07-08,2027-12-27,1309.0,0.0
BAT05141,MED004,DC008,2026-07-09,2027-12-28,1309.0,0.0
BAT05142,MED006,DC004,2026-07-09,2027-01-27,258.0,0.0
BAT05143,MED006,DC008,2026-07-09,2027-01-27,258.0,0.0
BAT05144,MED007,DC008,2026-07-09,2027-06-04,625.0,0.0
BAT05145,MED009,DC004,2026-07-09,2027-07-10,1366.0,0.0
BAT05146,MED011,DC001,2026-07-08,2027-05-22,520.0,0.0
BAT05147,MED011,DC002,2026-07-07,2027-05-21,520.0,0.0
BAT05148,MED014,DC001,2026-07-08,2027-05-19,437.0,0.0
BAT05149,MED017,DC008,2026-07-09,2027-11-06,292.0,0.0
BAT05150,MED018,DC001,2026-07-08,2027-10-14,429.0,0.0
BAT05151,MED019,DC002,2026-07-07,2027-11-27,609.0,0.0
BAT05152,MED020,DC001,2026-07-08,2027-05-18,376.0,0.0
BAT05153,MED021,DC008,2026-07-09,2027-11-28,1413.0,0.0
BAT05154,MED022,DC001,2026-07-08,2027-10-02,424.0,0.0
BAT05155,MED022,DC003,2026-07-07,2027-10-01,424.0,0.0
BAT05156,MED022,DC005,2026-07-10,2027-10-04,424.0,0.0
BAT05157,MED024,DC006,2026-07-11,2027-09-12,344.0,0.0
BAT05158,MED028,DC004,2026-07-09,2027-10-15,349.0,0.0
BAT05159,MED028,DC007,2026-07-08,2027-10-14,349.0,0.0
BAT05160,MED033,DC005,2026-07-10,2027-05-13,442.0,0.0
BAT05161,MED033,DC007,2026-07-08,2027-05-11,442.0,0.0
BAT05162,MED034,DC001,2026-07-08,2027-08-28,1036.0,0.0
BAT05163,MED034,DC002,2026-07-07,2027-08-27,1036.0,0.0
BAT05164,MED034,DC007,2026-07-08,2027-08-28,1036.0,0.0
BAT05165,MED036,DC004,2026-07-09,2027-09-10,756.0,0.0
BAT05166,MED037,DC001,2026-07-08,2027-01-05,1365.0,0.0
BAT05167,MED040,DC004,2026-07-09,2027-10-03,340.0,0.0
BAT05168,MED001,DC002,2026-07-08,2027-02-25,215.0,0.0
BAT05169,MED001,DC007,2026-07-09,2027-02-26,215.0,0.0
BAT05170,MED002,DC002,2026-07-08,2027-11-08,219.0,0.0
BAT05171,MED007,DC001,2026-07-09,2027-06-04,625.0,0.0
BAT05172,MED007,DC002,2026-07-08,2027-06-03,625.0,0.0
BAT05173,MED008,DC004,2026-07-10,2027-06-03,1205.0,0.0
BAT05174,MED008,DC008,2026-07-10,2027-06-03,1205.0,0.0
BAT05175,MED010,DC007,2026-07-09,2027-12-20,549.0,0.0
BAT05176,MED013,DC004,2026-07-10,2027-06-16,361.0,0.0
BAT05177,MED013,DC005,2026-07-11,2027-06-17,361.0,0.0
BAT05178,MED014,DC004,2026-07-10,2027-05-21,437.0,0.0
BAT05179,MED017,DC003,2026-07-08,2027-11-05,292.0,0.0
BAT05180,MED018,DC006,2026-07-12,2027-10-18,429.0,0.0
BAT05181,MED020,DC007,2026-07-09,2027-05-19,376.0,0.0
BAT05182,MED021,DC002,2026-07-08,2027-11-27,1413.0,0.0
BAT05183,MED025,DC004,2026-07-10,2027-10-14,1266.0,0.0
BAT05184,MED026,DC006,2026-07-12,2027-10-11,1028.0,0.0
BAT05185,MED029,DC004,2026-07-10,2027-02-09,507.0,0.0
BAT05186,MED030,DC001,2026-07-09,2027-04-24,350.0,0.0
BAT05187,MED030,DC008,2026-07-10,2027-04-25,350.0,0.0
BAT05188,MED031,DC008,2026-07-10,2027-02-23,346.0,0.0
BAT05189,MED032,DC004,2026-07-10,2027-02-02,413.0,0.0
BAT05190,MED032,DC006,2026-07-12,2027-02-04,413.0,0.0
BAT05191,MED034,DC004,2026-07-10,2027-08-30,1036.0,0.0
BAT05192,MED036,DC007,2026-07-09,2027-09-10,756.0,0.0
BAT05193,MED037,DC005,2026-07-11,2027-01-08,1365.0,0.0
BAT05194,MED039,DC002,2026-07-08,2027-10-08,314.0,0.0
BAT05195,MED040,DC005,2026-07-11,2027-10-05,340.0,0.0
BAT05196,MED001,DC005,2026-07-12,2027-03-01,215.0,0.0
BAT05197,MED004,DC005,2026-07-12,2027-12-31,1309.0,0.0
BAT05198,MED006,DC001,2026-07-10,2027-01-28,258.0,0.0
BAT05199,MED006,DC005,2026-07-12,2027-01-30,258.0,0.0
BAT05200,MED006,DC006,2026-07-13,2027-01-31,258.0,0.0
BAT05201,MED007,DC004,2026-07-11,2027-06-06,625.0,0.0
BAT05202,MED009,DC008,2026-07-11,2027-07-12,1366.0,0.0
BAT05203,MED016,DC003,2026-07-09,2027-02-20,454.0,0.0
BAT05204,MED019,DC006,2026-07-13,2027-12-03,609.0,0.0
BAT05205,MED021,DC005,2026-07-12,2027-12-01,1413.0,0.0
BAT05206,MED021,DC006,2026-07-13,2027-12-02,1413.0,0.0
BAT05207,MED021,DC007,2026-07-10,2027-11-29,1413.0,0.0
BAT05208,MED022,DC008,2026-07-11,2027-10-05,424.0,0.0
BAT05209,MED023,DC005,2026-07-12,2027-06-14,642.0,0.0
BAT05210,MED025,DC008,2026-07-11,2027-10-15,1266.0,0.0
BAT05211,MED029,DC008,2026-07-11,2027-02-10,507.0,0.0
BAT05212,MED030,DC007,2026-07-10,2027-04-25,350.0,0.0
BAT05213,MED031,DC003,2026-07-09,2027-02-22,346.0,0.0
BAT05214,MED035,DC007,2026-07-10,2027-01-31,466.0,0.0
BAT05215,MED035,DC008,2026-07-11,2027-02-01,466.0,0.0
BAT05216,MED036,DC008,2026-07-11,2027-09-12,756.0,0.0
BAT05217,MED037,DC006,2026-07-13,2027-01-10,1365.0,0.0
BAT05218,MED037,DC007,2026-07-10,2027-01-07,1365.0,0.0
BAT05219,MED039,DC007,2026-07-10,2027-10-10,314.0,0.0
BAT05220,MED040,DC002,2026-07-09,2027-10-03,340.0,0.0
BAT05221,MED001,DC001,2026-07-11,2027-02-28,215.0,0.0
BAT05222,MED002,DC007,2026-07-11,2027-11-11,219.0,0.0
BAT05223,MED009,DC006,2026-07-14,2027-07-15,1366.0,0.0
BAT05224,MED010,DC005,2026-07-13,2027-12-24,549.0,0.0
BAT05225,MED011,DC004,2026-07-12,2027-05-26,520.0,0.0
BAT05226,MED012,DC007,2026-07-11,2027-01-23,890.0,0.0
BAT05227,MED014,DC005,2026-07-13,2027-05-24,437.0,0.0
BAT05228,MED015,DC008,2026-07-12,2027-08-15,1245.0,0.0
BAT05229,MED016,DC002,2026-07-10,2027-02-21,454.0,0.0
BAT05230,MED016,DC004,2026-07-12,2027-02-23,454.0,0.0
BAT05231,MED017,DC002,2026-07-10,2027-11-07,292.0,0.0
BAT05232,MED017,DC004,2026-07-12,2027-11-09,292.0,0.0
BAT05233,MED019,DC003,2026-07-10,2027-11-30,609.0,0.0
BAT05234,MED019,DC004,2026-07-12,2027-12-02,609.0,0.0
BAT05235,MED019,DC005,2026-07-13,2027-12-03,609.0,0.0
BAT05236,MED020,DC002,2026-07-10,2027-05-20,376.0,0.0
BAT05237,MED020,DC003,2026-07-10,2027-05-20,376.0,0.0
BAT05238,MED022,DC006,2026-07-14,2027-10-08,424.0,0.0
BAT05239,MED022,DC007,2026-07-11,2027-10-05,424.0,0.0
BAT05240,MED023,DC006,2026-07-14,2027-06-16,642.0,0.0
BAT05241,MED024,DC004,2026-07-12,2027-09-13,344.0,0.0
BAT05242,MED025,DC001,2026-07-11,2027-10-15,1266.0,0.0
BAT05243,MED025,DC006,2026-07-14,2027-10-18,1266.0,0.0
BAT05244,MED026,DC002,2026-07-10,2027-10-09,1028.0,0.0
BAT05245,MED028,DC002,2026-07-10,2027-10-16,349.0,0.0
BAT05246,MED028,DC003,2026-07-10,2027-10-16,349.0,0.0
BAT05247,MED028,DC005,2026-07-13,2027-10-19,349.0,0.0
BAT05248,MED030,DC005,2026-07-13,2027-04-28,350.0,0.0
BAT05249,MED032,DC005,2026-07-13,2027-02-05,413.0,0.0
BAT05250,MED033,DC002,2026-07-10,2027-05-13,442.0,0.0
BAT05251,MED033,DC003,2026-07-10,2027-05-13,442.0,0.0
BAT05252,MED034,DC003,2026-07-10,2027-08-30,1036.0,0.0
BAT05253,MED035,DC001,2026-07-11,2027-02-01,466.0,0.0
BAT05254,MED036,DC003,2026-07-10,2027-09-11,756.0,0.0
BAT05255,MED036,DC006,2026-07-14,2027-09-15,756.0,0.0
BAT05256,MED038,DC003,2026-07-10,2027-12-28,1426.0,0.0
BAT05257,MED039,DC003,2026-07-10,2027-10-10,314.0,0.0
BAT05258,MED039,DC008,2026-07-12,2027-10-12,314.0,0.0
BAT05259,MED001,DC003,2026-07-11,2027-02-28,215.0,0.0
BAT05260,MED007,DC006,2026-07-15,2027-06-10,625.0,0.0
BAT05261,MED008,DC003,2026-07-11,2027-06-04,1205.0,0.0
BAT05262,MED008,DC006,2026-07-15,2027-06-08,1205.0,0.0
BAT05263,MED010,DC001,2026-07-12,2027-12-23,549.0,0.0
BAT05264,MED013,DC006,2026-07-15,2027-06-21,361.0,0.0
BAT05265,MED013,DC008,2026-07-13,2027-06-19,361.0,0.0
BAT05266,MED014,DC003,2026-07-11,2027-05-22,437.0,0.0
BAT05267,MED014,DC006,2026-07-15,2027-05-26,437.0,0.0
BAT05268,MED014,DC007,2026-07-12,2027-05-23,437.0,0.0
BAT05269,MED015,DC003,2026-07-11,2027-08-14,1245.0,0.0
BAT05270,MED015,DC004,2026-07-13,2027-08-16,1245.0,0.0
BAT05271,MED017,DC001,2026-07-12,2027-11-09,292.0,0.0
BAT05272,MED017,DC005,2026-07-14,2027-11-11,292.0,0.0
BAT05273,MED018,DC008,2026-07-13,2027-10-19,429.0,0.0
BAT05274,MED019,DC007,2026-07-12,2027-12-02,609.0,0.0
BAT05275,MED020,DC006,2026-07-15,2027-05-25,376.0,0.0
BAT05276,MED020,DC008,2026-07-13,2027-05-23,376.0,0.0
BAT05277,MED021,DC003,2026-07-11,2027-11-30,1413.0,0.0
BAT05278,MED023,DC003,2026-07-11,2027-06-13,642.0,0.0
BAT05279,MED023,DC004,2026-07-13,2027-06-15,642.0,0.0
BAT05280,MED026,DC007,2026-07-12,2027-10-11,1028.0,0.0
BAT05281,MED026,DC008,2026-07-13,2027-10-12,1028.0,0.0
BAT05282,MED027,DC004,2026-07-13,2027-09-30,899.0,0.0
BAT05283,MED029,DC005,2026-07-14,2027-02-13,507.0,0.0
BAT05284,MED031,DC004,2026-07-13,2027-02-26,346.0,0.0
BAT05285,MED032,DC001,2026-07-12,2027-02-04,413.0,0.0
BAT05286,MED035,DC004,2026-07-13,2027-02-03,466.0,0.0
BAT05287,MED035,DC005,2026-07-14,2027-02-04,466.0,0.0
BAT05288,MED037,DC003,2026-07-11,2027-01-08,1365.0,0.0
BAT05289,MED037,DC008,2026-07-13,2027-01-10,1365.0,0.0
BAT05290,MED038,DC001,2026-07-12,2027-12-30,1426.0,0.0
BAT05291,MED038,DC006,2026-07-15,2028-01-02,1426.0,0.0
BAT05292,MED039,DC006,2026-07-15,2027-10-15,314.0,0.0
BAT05293,MED001,DC008,2026-07-14,2027-03-03,215.0,0.0
BAT05294,MED002,DC001,2026-07-13,2027-11-13,219.0,0.0
BAT05295,MED002,DC005,2026-07-15,2027-11-15,219.0,0.0
BAT05296,MED002,DC006,2026-07-16,2027-11-16,219.0,0.0
BAT05297,MED003,DC005,2026-07-15,2027-05-03,699.0,0.0
BAT05298,MED003,DC007,2026-07-13,2027-05-01,699.0,0.0
BAT05299,MED004,DC006,2026-07-16,2028-01-04,1309.0,0.0
BAT05300,MED005,DC003,2026-07-12,2027-03-01,494.0,0.0
BAT05301,MED007,DC007,2026-07-13,2027-06-08,625.0,0.0
BAT05302,MED008,DC002,2026-07-12,2027-06-05,1205.0,0.0
BAT05303,MED008,DC007,2026-07-13,2027-06-06,1205.0,0.0
BAT05304,MED009,DC001,2026-07-13,2027-07-14,1366.0,0.0
BAT05305,MED009,DC003,2026-07-12,2027-07-13,1366.0,0.0
BAT05306,MED009,DC005,2026-07-15,2027-07-16,1366.0,0.0
BAT05307,MED011,DC005,2026-07-15,2027-05-29,520.0,0.0
BAT05308,MED012,DC005,2026-07-15,2027-01-27,890.0,0.0
BAT05309,MED012,DC008,2026-07-14,2027-01-26,890.0,158.56999999999985
BAT05310,MED013,DC007,2026-07-13,2027-06-19,361.0,0.0
BAT05311,MED016,DC008,2026-07-14,2027-02-25,454.0,0.0
BAT05312,MED017,DC007,2026-07-13,2027-11-10,292.0,0.0
BAT05313,MED019,DC001,2026-07-13,2027-12-03,609.0,0.0
BAT05314,MED019,DC008,2026-07-14,2027-12-04,609.0,0.0
BAT05315,MED022,DC004,2026-07-14,2027-10-08,424.0,0.0
BAT05316,MED025,DC003,2026-07-12,2027-10-16,1266.0,0.0
BAT05317,MED026,DC003,2026-07-12,2027-10-11,1028.0,0.0
BAT05318,MED026,DC005,2026-07-15,2027-10-14,1028.0,0.0
BAT05319,MED027,DC003,2026-07-12,2027-09-29,899.0,0.0
BAT05320,MED027,DC007,2026-07-13,2027-09-30,899.0,0.0
BAT05321,MED028,DC008,2026-07-14,2027-10-20,349.0,0.0
BAT05322,MED030,DC002,2026-07-12,2027-04-27,350.0,0.0
BAT05323,MED030,DC006,2026-07-16,2027-05-01,350.0,0.0
BAT05324,MED031,DC006,2026-07-16,2027-03-01,346.0,0.0
BAT05325,MED035,DC002,2026-07-12,2027-02-02,466.0,0.0
BAT05326,MED035,DC006,2026-07-16,2027-02-06,466.0,0.0
BAT05327,MED036,DC005,2026-07-15,2027-09-16,756.0,0.0
BAT05328,MED038,DC002,2026-07-12,2027-12-30,1426.0,0.0
BAT05329,MED038,DC004,2026-07-14,2028-01-01,1426.0,0.0
BAT05330,MED039,DC001,2026-07-13,2027-10-13,314.0,0.0
BAT05331,MED039,DC005,2026-07-15,2027-10-15,314.0,0.0
BAT05332,MED040,DC003,2026-07-12,2027-10-06,340.0,0.0
BAT05333,MED003,DC001,2026-07-14,2027-05-02,699.0,0.0
BAT05334,MED004,DC004,2026-07-15,2028-01-03,1309.0,0.0
BAT05335,MED004,DC007,2026-07-14,2028-01-02,1309.0,0.0
BAT05336,MED006,DC002,2026-07-13,2027-01-31,258.0,0.0
BAT05337,MED006,DC007,2026-07-14,2027-02-01,258.0,0.0
BAT05338,MED008,DC001,2026-07-14,2027-06-07,1205.0,0.0
BAT05339,MED011,DC003,2026-07-13,2027-05-27,520.0,0.0
BAT05340,MED011,DC006,2026-07-17,2027-05-31,520.0,0.0
BAT05341,MED011,DC007,2026-07-14,2027-05-28,520.0,0.0
BAT05342,MED012,DC001,2026-07-14,2027-01-26,890.0,0.0
BAT05343,MED013,DC001,2026-07-14,2027-06-20,361.0,0.0
BAT05344,MED014,DC002,2026-07-13,2027-05-24,437.0,0.0
BAT05345,MED015,DC001,2026-07-14,2027-08-17,1245.0,0.0
BAT05346,MED015,DC006,2026-07-17,2027-08-20,1245.0,0.0
BAT05347,MED017,DC006,2026-07-17,2027-11-14,292.0,0.0
BAT05348,MED018,DC002,2026-07-13,2027-10-19,429.0,0.0
BAT05349,MED020,DC005,2026-07-16,2027-05-26,376.0,0.0
BAT05350,MED022,DC002,2026-07-13,2027-10-07,424.0,0.0
BAT05351,MED026,DC001,2026-07-14,2027-10-13,1028.0,0.0
BAT05352,MED027,DC002,2026-07-13,2027-09-30,899.0,0.0
BAT05353,MED028,DC001,2026-07-14,2027-10-20,349.0,0.0
BAT05354,MED031,DC007,2026-07-14,2027-02-27,346.0,0.0
BAT05355,MED033,DC001,2026-07-14,2027-05-17,442.0,0.0
BAT05356,MED033,DC006,2026-07-17,2027-05-20,442.0,0.0
BAT05357,MED033,DC008,2026-07-15,2027-05-18,442.0,0.0
BAT05358,MED035,DC003,2026-07-13,2027-02-03,466.0,0.0
BAT05359,MED036,DC001,2026-07-14,2027-09-15,756.0,0.0
BAT05360,MED036,DC002,2026-07-13,2027-09-14,756.0,0.0
BAT05361,MED037,DC004,2026-07-15,2027-01-12,1365.0,0.0
BAT05362,MED038,DC007,2026-07-14,2028-01-01,1426.0,0.0
BAT05363,MED040,DC001,2026-07-14,2027-10-08,340.0,0.0
BAT05364,MED040,DC007,2026-07-14,2027-10-08,340.0,0.0
BAT05365,MED001,DC004,2026-07-16,2027-03-05,215.0,0.0
BAT05366,MED003,DC002,2026-07-14,2027-05-02,699.0,0.0
BAT05367,MED003,DC004,2026-07-16,2027-05-04,699.0,0.0
BAT05368,MED004,DC002,2026-07-14,2028-01-02,1309.0,0.0
BAT05369,MED004,DC003,2026-07-14,2028-01-02,1309.0,0.0
BAT05370,MED006,DC003,2026-07-14,2027-02-01,258.0,0.0
BAT05371,MED006,DC008,2026-07-16,2027-02-03,258.0,0.0
BAT05372,MED011,DC001,2026-07-15,2027-05-29,520.0,0.0
BAT05373,MED011,DC002,2026-07-14,2027-05-28,520.0,0.0
BAT05374,MED011,DC008,2026-07-16,2027-05-30,520.0,0.0
BAT05375,MED015,DC002,2026-07-14,2027-08-17,1245.0,0.0
BAT05376,MED015,DC005,2026-07-17,2027-08-20,1245.0,0.0
BAT05377,MED015,DC007,2026-07-15,2027-08-18,1245.0,0.0
BAT05378,MED016,DC006,2026-07-18,2027-03-01,454.0,0.0
BAT05379,MED017,DC008,2026-07-16,2027-11-13,292.0,0.0
BAT05380,MED018,DC003,2026-07-14,2027-10-20,429.0,0.0
BAT05381,MED018,DC005,2026-07-17,2027-10-23,429.0,0.0
BAT05382,MED018,DC007,2026-07-15,2027-10-21,429.0,0.0
BAT05383,MED020,DC004,2026-07-16,2027-05-26,376.0,0.0
BAT05384,MED022,DC003,2026-07-14,2027-10-08,424.0,0.0
BAT05385,MED022,DC005,2026-07-17,2027-10-11,424.0,0.0
BAT05386,MED024,DC001,2026-07-15,2027-09-16,344.0,0.0
BAT05387,MED024,DC003,2026-07-14,2027-09-15,344.0,0.0
BAT05388,MED025,DC002,2026-07-14,2027-10-18,1266.0,0.0
BAT05389,MED025,DC007,2026-07-15,2027-10-19,1266.0,0.0
BAT05390,MED026,DC004,2026-07-16,2027-10-15,1028.0,0.0
BAT05391,MED027,DC006,2026-07-18,2027-10-05,899.0,0.0
BAT05392,MED028,DC004,2026-07-16,2027-10-22,349.0,0.0
BAT05393,MED028,DC006,2026-07-18,2027-10-24,349.0,0.0
BAT05394,MED028,DC007,2026-07-15,2027-10-21,349.0,0.0
BAT05395,MED029,DC002,2026-07-14,2027-02-13,507.0,0.0
BAT05396,MED029,DC003,2026-07-14,2027-02-13,507.0,0.0
BAT05397,MED029,DC006,2026-07-18,2027-02-17,507.0,0.0
BAT05398,MED031,DC005,2026-07-17,2027-03-02,346.0,0.0
BAT05399,MED032,DC002,2026-07-14,2027-02-06,413.0,0.0
BAT05400,MED036,DC004,2026-07-16,2027-09-17,756.0,0.0
BAT05401,MED037,DC002,2026-07-14,2027-01-11,1365.0,0.0
BAT05402,MED039,DC004,2026-07-16,2027-10-16,314.0,0.0
BAT05403,MED001,DC006,2026-07-19,2027-03-08,215.0,0.0
BAT05404,MED001,DC007,2026-07-16,2027-03-05,215.0,0.0
BAT05405,MED002,DC008,2026-07-17,2027-11-17,219.0,0.0
BAT05406,MED005,DC005,2026-07-18,2027-03-07,494.0,0.0
BAT05407,MED012,DC003,2026-07-15,2027-01-27,890.0,0.0
BAT05408,MED012,DC006,2026-07-19,2027-01-31,890.0,0.0
BAT05409,MED013,DC002,2026-07-15,2027-06-21,361.0,0.0
BAT05410,MED017,DC003,2026-07-15,2027-11-12,292.0,0.0
BAT05411,MED019,DC002,2026-07-15,2027-12-05,609.0,0.0
BAT05412,MED020,DC001,2026-07-16,2027-05-26,376.0,0.0
BAT05413,MED021,DC001,2026-07-16,2027-12-05,1413.0,0.0
BAT05414,MED021,DC004,2026-07-17,2027-12-06,1413.0,0.0
BAT05415,MED023,DC008,2026-07-17,2027-06-19,642.0,0.0
BAT05416,MED024,DC008,2026-07-17,2027-09-18,344.0,0.0
BAT05417,MED025,DC005,2026-07-18,2027-10-22,1266.0,0.0
BAT05418,MED027,DC008,2026-07-17,2027-10-04,899.0,0.0
BAT05419,MED029,DC001,2026-07-16,2027-02-15,507.0,0.0
BAT05420,MED031,DC001,2026-07-16,2027-03-01,346.0,0.0
BAT05421,MED031,DC002,2026-07-15,2027-02-28,346.0,0.0
BAT05422,MED032,DC007,2026-07-16,2027-02-08,413.0,0.0
BAT05423,MED036,DC007,2026-07-16,2027-09-17,756.0,0.0
BAT05424,MED039,DC002,2026-07-15,2027-10-15,314.0,0.0
BAT05425,MED001,DC002,2026-07-16,2027-03-05,215.0,0.0
BAT05426,MED003,DC006,2026-07-20,2027-05-08,699.0,0.0
BAT05427,MED005,DC004,2026-07-18,2027-03-07,494.0,0.0
BAT05428,MED006,DC004,2026-07-18,2027-02-05,258.0,0.0
BAT05429,MED007,DC003,2026-07-16,2027-06-11,625.0,0.0
BAT05430,MED007,DC008,2026-07-18,2027-06-13,625.0,0.0
BAT05431,MED009,DC002,2026-07-16,2027-07-17,1366.0,0.0
BAT05432,MED010,DC003,2026-07-16,2027-12-27,549.0,0.0
BAT05433,MED013,DC003,2026-07-16,2027-06-22,361.0,0.0
BAT05434,MED014,DC001,2026-07-17,2027-05-28,437.0,0.0
BAT05435,MED014,DC008,2026-07-18,2027-05-29,437.0,0.0
BAT05436,MED018,DC004,2026-07-18,2027-10-24,429.0,0.0
BAT05437,MED020,DC007,2026-07-17,2027-05-27,376.0,0.0
BAT05438,MED022,DC001,2026-07-17,2027-10-11,424.0,0.0
BAT05439,MED024,DC002,2026-07-16,2027-09-17,344.0,0.0
BAT05440,MED024,DC005,2026-07-19,2027-09-20,344.0,0.0
BAT05441,MED024,DC006,2026-07-20,2027-09-21,344.0,0.0
BAT05442,MED024,DC007,2026-07-17,2027-09-18,344.0,0.0
BAT05443,MED032,DC008,2026-07-18,2027-02-10,413.0,0.0
BAT05444,MED033,DC004,2026-07-18,2027-05-21,442.0,0.0
BAT05445,MED034,DC001,2026-07-17,2027-09-06,1036.0,0.0
BAT05446,MED034,DC005,2026-07-19,2027-09-08,1036.0,0.0
BAT05447,MED035,DC007,2026-07-17,2027-02-07,466.0,0.0
BAT05448,MED037,DC001,2026-07-17,2027-01-14,1365.0,0.0
BAT05449,MED038,DC005,2026-07-19,2028-01-06,1426.0,0.0
BAT05450,MED038,DC008,2026-07-18,2028-01-05,1426.0,0.0
BAT05451,MED001,DC001,2026-07-18,2027-03-07,215.0,0.0
BAT05452,MED001,DC005,2026-07-20,2027-03-09,215.0,0.0
BAT05453,MED002,DC003,2026-07-17,2027-11-17,219.0,0.0
BAT05454,MED002,DC004,2026-07-19,2027-11-19,219.0,0.0
BAT05455,MED003,DC003,2026-07-17,2027-05-05,699.0,0.0
BAT05456,MED003,DC008,2026-07-19,2027-05-07,699.0,0.0
BAT05457,MED004,DC008,2026-07-19,2028-01-07,1309.0,0.0
BAT05458,MED006,DC005,2026-07-20,2027-02-07,258.0,0.0
BAT05459,MED008,DC005,2026-07-20,2027-06-13,1205.0,0.0
BAT05460,MED009,DC007,2026-07-18,2027-07-19,1366.0,0.0
BAT05461,MED010,DC002,2026-07-17,2027-12-28,549.0,0.0
BAT05462,MED010,DC008,2026-07-19,2027-12-30,549.0,0.0
BAT05463,MED011,DC004,2026-07-19,2027-06-02,520.0,0.0
BAT05464,MED013,DC005,2026-07-20,2027-06-26,361.0,0.0
BAT05465,MED016,DC001,2026-07-18,2027-03-01,454.0,0.0
BAT05466,MED017,DC002,2026-07-17,2027-11-14,292.0,0.0
BAT05467,MED017,DC004,2026-07-19,2027-11-16,292.0,0.0
BAT05468,MED018,DC001,2026-07-18,2027-10-24,429.0,0.0
BAT05469,MED018,DC006,2026-07-21,2027-10-27,429.0,0.0
BAT05470,MED019,DC003,2026-07-17,2027-12-07,609.0,0.0
BAT05471,MED019,DC004,2026-07-19,2027-12-09,609.0,0.0
BAT05472,MED019,DC005,2026-07-20,2027-12-10,609.0,0.0
BAT05473,MED019,DC006,2026-07-21,2027-12-11,609.0,0.0
BAT05474,MED020,DC002,2026-07-17,2027-05-27,376.0,0.0
BAT05475,MED020,DC003,2026-07-17,2027-05-27,376.0,0.0
BAT05476,MED022,DC007,2026-07-18,2027-10-12,424.0,0.0
BAT05477,MED022,DC008,2026-07-19,2027-10-13,424.0,0.0
BAT05478,MED023,DC001,2026-07-18,2027-06-20,642.0,0.0
BAT05479,MED027,DC001,2026-07-18,2027-10-05,899.0,0.0
BAT05480,MED027,DC005,2026-07-20,2027-10-07,899.0,0.0
BAT05481,MED028,DC003,2026-07-17,2027-10-23,349.0,0.0
BAT05482,MED028,DC005,2026-07-20,2027-10-26,349.0,0.0
BAT05483,MED029,DC007,2026-07-18,2027-02-17,507.0,0.0
BAT05484,MED032,DC004,2026-07-19,2027-02-11,413.0,0.0
BAT05485,MED033,DC007,2026-07-18,2027-05-21,442.0,0.0
BAT05486,MED034,DC002,2026-07-17,2027-09-06,1036.0,0.0
BAT05487,MED034,DC006,2026-07-21,2027-09-10,1036.0,0.0
BAT05488,MED034,DC007,2026-07-18,2027-09-07,1036.0,0.0
BAT05489,MED034,DC008,2026-07-19,2027-09-08,1036.0,0.0
BAT05490,MED035,DC008,2026-07-19,2027-02-09,466.0,0.0
BAT05491,MED036,DC008,2026-07-19,2027-09-20,756.0,0.0
BAT05492,MED039,DC003,2026-07-17,2027-10-17,314.0,0.0
BAT05493,MED039,DC007,2026-07-18,2027-10-18,314.0,0.0
BAT05494,MED001,DC003,2026-07-18,2027-03-07,215.0,0.0
BAT05495,MED001,DC008,2026-07-20,2027-03-09,215.0,0.0
BAT05496,MED002,DC002,2026-07-18,2027-11-18,219.0,0.0
BAT05497,MED004,DC001,2026-07-19,2028-01-07,1309.0,0.0
BAT05498,MED005,DC001,2026-07-19,2027-03-08,494.0,0.0
BAT05499,MED005,DC007,2026-07-19,2027-03-08,494.0,0.0
BAT05500,MED006,DC001,2026-07-19,2027-02-06,258.0,0.0
BAT05501,MED007,DC001,2026-07-19,2027-06-14,625.0,0.0
BAT05502,MED007,DC002,2026-07-18,2027-06-13,625.0,0.0
BAT05503,MED007,DC004,2026-07-20,2027-06-15,625.0,0.0
BAT05504,MED007,DC005,2026-07-21,2027-06-16,625.0,0.0
BAT05505,MED008,DC008,2026-07-20,2027-06-13,1205.0,0.0
BAT05506,MED009,DC004,2026-07-20,2027-07-21,1366.0,0.0
BAT05507,MED012,DC002,2026-07-18,2027-01-30,890.0,0.0
BAT05508,MED013,DC004,2026-07-20,2027-06-26,361.0,0.0
BAT05509,MED014,DC004,2026-07-20,2027-05-31,437.0,0.0
BAT05510,MED016,DC007,2026-07-19,2027-03-02,454.0,0.0
BAT05511,MED017,DC001,2026-07-19,2027-11-16,292.0,0.0
BAT05512,MED017,DC005,2026-07-21,2027-11-18,292.0,0.0
BAT05513,MED017,DC007,2026-07-19,2027-11-16,292.0,0.0
BAT05514,MED020,DC008,2026-07-20,2027-05-30,376.0,0.0
BAT05515,MED021,DC007,2026-07-19,2027-12-08,1413.0,0.0
BAT05516,MED021,DC008,2026-07-20,2027-12-09,1413.0,0.0
BAT05517,MED022,DC006,2026-07-22,2027-10-16,424.0,0.0
BAT05518,MED023,DC002,2026-07-18,2027-06-20,642.0,0.0
BAT05519,MED023,DC007,2026-07-19,2027-06-21,642.0,0.0
BAT05520,MED025,DC004,2026-07-20,2027-10-24,1266.0,0.0
BAT05521,MED026,DC006,2026-07-22,2027-10-21,1028.0,0.0
BAT05522,MED028,DC002,2026-07-18,2027-10-24,349.0,0.0
BAT05523,MED028,DC008,2026-07-20,2027-10-26,349.0,0.0
BAT05524,MED029,DC004,2026-07-20,2027-02-19,507.0,0.0
BAT05525,MED029,DC008,2026-07-20,2027-02-19,507.0,0.0
BAT05526,MED031,DC003,2026-07-18,2027-03-03,346.0,0.0
BAT05527,MED032,DC003,2026-07-18,2027-02-10,413.0,0.0
BAT05528,MED032,DC006,2026-07-22,2027-02-14,413.0,0.0
BAT05529,MED033,DC005,2026-07-21,2027-05-24,442.0,0.0
BAT05530,MED034,DC004,2026-07-20,2027-09-09,1036.0,0.0
BAT05531,MED035,DC001,2026-07-19,2027-02-09,466.0,0.0
BAT05532,MED035,DC004,2026-07-20,2027-02-10,466.0,0.0
BAT05533,MED035,DC005,2026-07-21,2027-02-11,466.0,0.0
BAT05534,MED036,DC003,2026-07-18,2027-09-19,756.0,0.0
BAT05535,MED036,DC006,2026-07-22,2027-09-23,756.0,0.0
BAT05536,MED037,DC005,2026-07-21,2027-01-18,1365.0,0.0
BAT05537,MED039,DC008,2026-07-20,2027-10-20,314.0,0.0
BAT05538,MED040,DC008,2026-07-20,2027-10-14,340.0,0.0
BAT05539,MED004,DC005,2026-07-22,2028-01-10,1309.0,0.0
BAT05540,MED005,DC006,2026-07-23,2027-03-12,494.0,127.28000000000026
BAT05541,MED006,DC006,2026-07-23,2027-02-10,258.0,0.0
BAT05542,MED008,DC004,2026-07-21,2027-06-14,1205.0,0.0
BAT05543,MED010,DC004,2026-07-21,2028-01-01,549.0,0.0
BAT05544,MED011,DC005,2026-07-22,2027-06-05,520.0,0.0
BAT05545,MED012,DC004,2026-07-21,2027-02-02,890.0,0.0
BAT05546,MED014,DC003,2026-07-19,2027-05-30,437.0,0.0
BAT05547,MED014,DC005,2026-07-22,2027-06-02,437.0,0.0
BAT05548,MED015,DC003,2026-07-19,2027-08-22,1245.0,0.0
BAT05549,MED015,DC008,2026-07-21,2027-08-24,1245.0,0.0
BAT05550,MED019,DC001,2026-07-20,2027-12-10,609.0,0.0
BAT05551,MED019,DC007,2026-07-20,2027-12-10,609.0,0.0
BAT05552,MED020,DC006,2026-07-23,2027-06-02,376.0,0.0
BAT05553,MED021,DC005,2026-07-22,2027-12-11,1413.0,0.0
BAT05554,MED021,DC006,2026-07-23,2027-12-12,1413.0,0.0
BAT05555,MED025,DC001,2026-07-20,2027-10-24,1266.0,0.0
BAT05556,MED025,DC008,2026-07-21,2027-10-25,1266.0,0.0
BAT05557,MED026,DC002,2026-07-19,2027-10-18,1028.0,0.0
BAT05558,MED030,DC001,2026-07-20,2027-05-05,350.0,0.0
BAT05559,MED031,DC008,2026-07-21,2027-03-06,346.0,0.0
BAT05560,MED032,DC005,2026-07-22,2027-02-14,413.0,0.0
BAT05561,MED034,DC003,2026-07-19,2027-09-08,1036.0,0.0
BAT05562,MED037,DC003,2026-07-19,2027-01-16,1365.0,0.0
BAT05563,MED037,DC006,2026-07-23,2027-01-20,1365.0,0.0
BAT05564,MED039,DC001,2026-07-20,2027-10-20,314.0,0.0
BAT05565,MED039,DC006,2026-07-23,2027-10-23,314.0,0.0
BAT05566,MED040,DC005,2026-07-22,2027-10-16,340.0,0.0
BAT05567,MED002,DC001,2026-07-21,2027-11-21,219.0,0.0
BAT05568,MED002,DC007,2026-07-21,2027-11-21,219.0,0.0
BAT05569,MED004,DC004,2026-07-22,2028-01-10,1309.0,0.0
BAT05570,MED005,DC002,2026-07-20,2027-03-09,494.0,27.94000000000014
BAT05571,MED008,DC002,2026-07-20,2027-06-13,1205.0,0.0
BAT05572,MED008,DC003,2026-07-20,2027-06-13,1205.0,0.0
BAT05573,MED009,DC003,2026-07-20,2027-07-21,1366.0,0.0
BAT05574,MED009,DC006,2026-07-24,2027-07-25,1366.0,0.0
BAT05575,MED009,DC008,2026-07-22,2027-07-23,1366.0,0.0
BAT05576,MED010,DC006,2026-07-24,2028-01-04,549.0,104.82999999999984
BAT05577,MED011,DC003,2026-07-20,2027-06-03,520.0,0.0
BAT05578,MED013,DC006,2026-07-24,2027-06-30,361.0,0.0
BAT05579,MED013,DC007,2026-07-21,2027-06-27,361.0,0.0
BAT05580,MED013,DC008,2026-07-22,2027-06-28,361.0,0.0
BAT05581,MED014,DC006,2026-07-24,2027-06-04,437.0,0.0
BAT05582,MED014,DC007,2026-07-21,2027-06-01,437.0,0.0
BAT05583,MED018,DC008,2026-07-22,2027-10-28,429.0,0.0
BAT05584,MED020,DC005,2026-07-23,2027-06-02,376.0,0.0
BAT05585,MED021,DC002,2026-07-20,2027-12-09,1413.0,0.0
BAT05586,MED022,DC004,2026-07-22,2027-10-16,424.0,0.0
BAT05587,MED024,DC004,2026-07-22,2027-09-23,344.0,0.0
BAT05588,MED025,DC006,2026-07-24,2027-10-28,1266.0,0.0
BAT05589,MED028,DC001,2026-07-21,2027-10-27,349.0,0.0
BAT05590,MED029,DC005,2026-07-23,2027-02-22,507.0,0.0
BAT05591,MED030,DC003,2026-07-20,2027-05-05,350.0,0.0
BAT05592,MED030,DC004,2026-07-22,2027-05-07,350.0,0.0
BAT05593,MED030,DC005,2026-07-23,2027-05-08,350.0,0.0
BAT05594,MED032,DC001,2026-07-21,2027-02-13,413.0,0.0
BAT05595,MED033,DC003,2026-07-20,2027-05-23,442.0,0.0
BAT05596,MED035,DC002,2026-07-20,2027-02-10,466.0,0.0
BAT05597,MED035,DC006,2026-07-24,2027-02-14,466.0,0.0
BAT05598,MED036,DC005,2026-07-23,2027-09-24,756.0,0.0
BAT05599,MED037,DC007,2026-07-21,2027-01-18,1365.0,0.0
BAT05600,MED039,DC005,2026-07-23,2027-10-23,314.0,0.0
BAT05601,MED001,DC004,2026-07-23,2027-03-12,215.0,0.0
BAT05602,MED002,DC005,2026-07-24,2027-11-24,219.0,0.0
BAT05603,MED002,DC006,2026-07-25,2027-11-25,219.0,0.0
BAT05604,MED003,DC005,2026-07-24,2027-05-12,699.0,0.0
BAT05605,MED007,DC007,2026-07-22,2027-06-17,625.0,0.0
BAT05606,MED008,DC006,2026-07-25,2027-06-18,1205.0,0.0
BAT05607,MED008,DC007,2026-07-22,2027-06-15,1205.0,0.0
BAT05608,MED009,DC001,2026-07-22,2027-07-23,1366.0,0.0
BAT05609,MED010,DC005,2026-07-24,2028-01-04,549.0,115.53999999999999
BAT05610,MED011,DC001,2026-07-22,2027-06-05,520.0,0.0
BAT05611,MED011,DC006,2026-07-25,2027-06-08,520.0,0.0
BAT05612,MED011,DC007,2026-07-22,2027-06-05,520.0,0.0
BAT05613,MED013,DC001,2026-07-22,2027-06-28,361.0,0.0
BAT05614,MED015,DC004,2026-07-23,2027-08-26,1245.0,0.0
BAT05615,MED016,DC003,2026-07-21,2027-03-04,454.0,0.0
BAT05616,MED016,DC005,2026-07-24,2027-03-07,454.0,12.729999999999805
BAT05617,MED017,DC006,2026-07-25,2027-11-22,292.0,0.0
BAT05618,MED017,DC008,2026-07-23,2027-11-20,292.0,0.0
BAT05619,MED019,DC008,2026-07-23,2027-12-13,609.0,0.0
BAT05620,MED020,DC004,2026-07-23,2027-06-02,376.0,0.0
BAT05621,MED021,DC003,2026-07-21,2027-12-10,1413.0,0.0
BAT05622,MED022,DC002,2026-07-21,2027-10-15,424.0,0.0
BAT05623,MED026,DC007,2026-07-22,2027-10-21,1028.0,0.0
BAT05624,MED026,DC008,2026-07-23,2027-10-22,1028.0,0.0
BAT05625,MED027,DC004,2026-07-23,2027-10-10,899.0,0.0
BAT05626,MED028,DC004,2026-07-23,2027-10-29,349.0,0.0
BAT05627,MED030,DC007,2026-07-22,2027-05-07,350.0,0.0
BAT05628,MED030,DC008,2026-07-23,2027-05-08,350.0,107.64000000000003
BAT05629,MED031,DC004,2026-07-23,2027-03-08,346.0,0.0
BAT05630,MED031,DC005,2026-07-24,2027-03-09,346.0,0.0
BAT05631,MED033,DC002,2026-07-21,2027-05-24,442.0,0.0
BAT05632,MED035,DC003,2026-07-21,2027-02-11,466.0,0.0
BAT05633,MED036,DC001,2026-07-22,2027-09-23,756.0,0.0
BAT05634,MED036,DC007,2026-07-22,2027-09-23,756.0,0.0
BAT05635,MED037,DC008,2026-07-23,2027-01-20,1365.0,0.0
BAT05636,MED038,DC003,2026-07-21,2028-01-08,1426.0,0.0
BAT05637,MED038,DC006,2026-07-25,2028-01-12,1426.0,0.0
BAT05638,MED040,DC004,2026-07-23,2027-10-17,340.0,89.26999999999991
BAT05639,MED001,DC002,2026-07-22,2027-03-11,215.0,0.0
BAT05640,MED001,DC007,2026-07-23,2027-03-12,215.0,0.0
BAT05641,MED006,DC003,2026-07-22,2027-02-09,258.0,0.0
BAT05642,MED007,DC006,2026-07-26,2027-06-21,625.0,0.0
BAT05643,MED008,DC001,2026-07-23,2027-06-16,1205.0,0.0
BAT05644,MED009,DC005,2026-07-25,2027-07-26,1366.0,0.0
BAT05645,MED011,DC008,2026-07-24,2027-06-07,520.0,0.0
BAT05646,MED015,DC001,2026-07-23,2027-08-26,1245.0,0.0
BAT05647,MED018,DC003,2026-07-22,2027-10-28,429.0,0.0
BAT05648,MED020,DC001,2026-07-23,2027-06-02,376.0,0.0
BAT05649,MED022,DC003,2026-07-22,2027-10-16,424.0,0.0
BAT05650,MED022,DC005,2026-07-25,2027-10-19,424.0,0.0
BAT05651,MED026,DC003,2026-07-22,2027-10-21,1028.0,0.0
BAT05652,MED027,DC007,2026-07-23,2027-10-10,899.0,0.0
BAT05653,MED028,DC006,2026-07-26,2027-11-01,349.0,0.0
BAT05654,MED030,DC006,2026-07-26,2027-05-11,350.0,160.99000000000015
BAT05655,MED031,DC006,2026-07-26,2027-03-11,346.0,61.09999999999979
BAT05656,MED033,DC008,2026-07-24,2027-05-27,442.0,0.0
BAT05657,MED036,DC004,2026-07-24,2027-09-25,756.0,0.0
BAT05658,MED038,DC001,2026-07-23,2028-01-10,1426.0,0.0
BAT05659,MED039,DC002,2026-07-22,2027-10-22,314.0,0.0
BAT05660,MED039,DC004,2026-07-24,2027-10-24,314.0,0.0
BAT05661,MED040,DC006,2026-07-26,2027-10-20,340.0,96.17000000000004
BAT05662,MED001,DC006,2026-07-27,2027-03-16,215.0,0.0
BAT05663,MED003,DC001,2026-07-24,2027-05-12,699.0,0.0
BAT05664,MED003,DC002,2026-07-23,2027-05-11,699.0,0.0
BAT05665,MED003,DC007,2026-07-24,2027-05-12,699.0,0.0
BAT05666,MED004,DC006,2026-07-27,2028-01-15,1309.0,68.78000000000048
BAT05667,MED005,DC003,2026-07-23,2027-03-12,494.0,0.0
BAT05668,MED005,DC008,2026-07-25,2027-03-14,494.0,43.07999999999986
BAT05669,MED011,DC002,2026-07-23,2027-06-06,520.0,0.0
BAT05670,MED012,DC005,2026-07-26,2027-02-07,890.0,380.7599999999994
BAT05671,MED014,DC002,2026-07-23,2027-06-03,437.0,0.0
BAT05672,MED015,DC002,2026-07-23,2027-08-26,1245.0,0.0
BAT05673,MED015,DC007,2026-07-24,2027-08-27,1245.0,0.0
BAT05674,MED016,DC004,2026-07-25,2027-03-08,454.0,0.0
BAT05675,MED017,DC003,2026-07-23,2027-11-20,292.0,0.0
BAT05676,MED018,DC002,2026-07-23,2027-10-29,429.0,0.0
BAT05677,MED019,DC002,2026-07-23,2027-12-13,609.0,0.0
BAT05678,MED022,DC001,2026-07-24,2027-10-18,424.0,0.0
BAT05679,MED023,DC004,2026-07-25,2027-06-27,642.0,522.3299999999998
BAT05680,MED025,DC003,2026-07-23,2027-10-27,1266.0,0.0
BAT05681,MED026,DC001,2026-07-24,2027-10-23,1028.0,0.0
BAT05682,MED027,DC003,2026-07-23,2027-10-10,899.0,0.0
BAT05683,MED028,DC007,2026-07-24,2027-10-30,349.0,0.0
BAT05684,MED029,DC002,2026-07-23,2027-02-22,507.0,0.0
BAT05685,MED032,DC002,2026-07-23,2027-02-15,413.0,0.0
BAT05686,MED033,DC001,2026-07-24,2027-05-27,442.0,0.0
BAT05687,MED036,DC002,2026-07-23,2027-09-24,756.0,0.0
BAT05688,MED038,DC002,2026-07-23,2028-01-10,1426.0,0.0
BAT05689,MED038,DC004,2026-07-25,2028-01-12,1426.0,0.0
BAT05690,MED001,DC003,2026-07-24,2027-03-13,215.0,0.0
BAT05691,MED001,DC005,2026-07-27,2027-03-16,215.0,0.0
BAT05692,MED002,DC008,2026-07-26,2027-11-26,219.0,0.0
BAT05693,MED003,DC004,2026-07-26,2027-05-14,699.0,0.0
BAT05694,MED004,DC007,2026-07-25,2028-01-13,1309.0,0.0
BAT05695,MED006,DC002,2026-07-24,2027-02-11,258.0,0.0
BAT05696,MED006,DC007,2026-07-25,2027-02-12,258.0,0.0
BAT05697,MED006,DC008,2026-07-26,2027-02-13,258.0,0.0
BAT05698,MED009,DC002,2026-07-24,2027-07-25,1366.0,0.0
BAT05699,MED010,DC007,2026-07-25,2028-01-05,549.0,0.0
BAT05700,MED011,DC004,2026-07-26,2027-06-09,520.0,0.0
BAT05701,MED015,DC006,2026-07-28,2027-08-31,1245.0,297.81999999999937
BAT05702,MED017,DC002,2026-07-24,2027-11-21,292.0,0.0
BAT05703,MED018,DC005,2026-07-27,2027-11-02,429.0,0.0
BAT05704,MED018,DC007,2026-07-25,2027-10-31,429.0,0.0
BAT05705,MED019,DC003,2026-07-24,2027-12-14,609.0,0.0
BAT05706,MED019,DC004,2026-07-26,2027-12-16,609.0,0.0
BAT05707,MED019,DC005,2026-07-27,2027-12-17,609.0,0.0
BAT05708,MED020,DC003,2026-07-24,2027-06-03,376.0,0.0
BAT05709,MED020,DC007,2026-07-25,2027-06-04,376.0,0.0
BAT05710,MED021,DC001,2026-07-25,2027-12-14,1413.0,0.0
BAT05711,MED022,DC007,2026-07-25,2027-10-19,424.0,0.0
BAT05712,MED023,DC006,2026-07-28,2027-06-30,642.0,492.54999999999995
BAT05713,MED024,DC003,2026-07-24,2027-09-25,344.0,0.0
BAT05714,MED025,DC002,2026-07-24,2027-10-28,1266.0,0.0
BAT05715,MED026,DC004,2026-07-26,2027-10-25,1028.0,0.0
BAT05716,MED026,DC005,2026-07-27,2027-10-26,1028.0,0.0
BAT05717,MED027,DC002,2026-07-24,2027-10-11,899.0,0.0
BAT05718,MED028,DC005,2026-07-27,2027-11-02,349.0,0.0
BAT05719,MED029,DC001,2026-07-25,2027-02-24,507.0,0.0
BAT05720,MED029,DC003,2026-07-24,2027-02-23,507.0,0.0
BAT05721,MED029,DC006,2026-07-28,2027-02-27,507.0,54.43999999999986
BAT05722,MED031,DC007,2026-07-25,2027-03-10,346.0,0.0
BAT05723,MED032,DC008,2026-07-26,2027-02-18,413.0,0.0
BAT05724,MED033,DC006,2026-07-28,2027-05-31,442.0,0.0
BAT05725,MED035,DC007,2026-07-25,2027-02-15,466.0,0.0
BAT05726,MED035,DC008,2026-07-26,2027-02-16,466.0,0.0
BAT05727,MED037,DC002,2026-07-24,2027-01-21,1365.0,0.0
BAT05728,MED037,DC004,2026-07-26,2027-01-23,1365.0,0.0
BAT05729,MED038,DC007,2026-07-25,2028-01-12,1426.0,0.0
BAT05730,MED039,DC003,2026-07-24,2027-10-24,314.0,0.0
BAT05731,MED039,DC007,2026-07-25,2027-10-25,314.0,0.0
BAT05732,MED040,DC002,2026-07-24,2027-10-18,340.0,141.18999999999974
BAT05733,MED001,DC001,2026-07-26,2027-03-15,215.0,0.0
BAT05734,MED001,DC008,2026-07-27,2027-03-16,215.0,0.0
BAT05735,MED004,DC002,2026-07-25,2028-01-13,1309.0,0.0
BAT05736,MED004,DC003,2026-07-25,2028-01-13,1309.0,0.0
BAT05737,MED007,DC008,2026-07-27,2027-06-22,625.0,0.0
BAT05738,MED010,DC001,2026-07-26,2028-01-06,549.0,29.640000000000406
BAT05739,MED012,DC007,2026-07-26,2027-02-07,890.0,249.36000000000018
BAT05740,MED013,DC002,2026-07-25,2027-07-01,361.0,0.0
BAT05741,MED014,DC008,2026-07-27,2027-06-07,437.0,0.0
BAT05742,MED015,DC005,2026-07-28,2027-08-31,1245.0,0.0
BAT05743,MED017,DC001,2026-07-26,2027-11-23,292.0,0.0
BAT05744,MED017,DC004,2026-07-27,2027-11-24,292.0,0.0
BAT05745,MED017,DC005,2026-07-28,2027-11-25,292.0,0.0
BAT05746,MED019,DC006,2026-07-29,2027-12-19,609.0,0.0
BAT05747,MED020,DC002,2026-07-25,2027-06-04,376.0,0.0
BAT05748,MED020,DC008,2026-07-27,2027-06-06,376.0,0.0
BAT05749,MED022,DC008,2026-07-27,2027-10-21,424.0,0.0
BAT05750,MED024,DC002,2026-07-25,2027-09-26,344.0,0.0
BAT05751,MED024,DC008,2026-07-27,2027-09-28,344.0,0.0
BAT05752,MED025,DC005,2026-07-28,2027-11-01,1266.0,22.65000000000032
BAT05753,MED025,DC007,2026-07-26,2027-10-30,1266.0,0.0
BAT05754,MED027,DC006,2026-07-29,2027-10-16,899.0,51.629999999999995
BAT05755,MED028,DC002,2026-07-25,2027-10-31,349.0,0.0
BAT05756,MED028,DC003,2026-07-25,2027-10-31,349.0,0.0
BAT05757,MED028,DC008,2026-07-27,2027-11-02,349.0,0.0
BAT05758,MED031,DC002,2026-07-25,2027-03-10,346.0,0.0
BAT05759,MED032,DC007,2026-07-26,2027-02-18,413.0,0.0
BAT05760,MED034,DC001,2026-07-26,2027-09-15,1036.0,0.0
BAT05761,MED035,DC001,2026-07-26,2027-02-16,466.0,0.0
BAT05762,MED035,DC005,2026-07-28,2027-02-18,466.0,0.0
BAT05763,MED036,DC003,2026-07-25,2027-09-26,756.0,0.0
BAT05764,MED036,DC008,2026-07-27,2027-09-28,756.0,0.0
BAT05765,MED039,DC008,2026-07-27,2027-10-27,314.0,0.0
BAT05766,MED040,DC003,2026-07-25,2027-10-19,340.0,106.40000000000015
BAT05767,MED002,DC002,2026-07-26,2027-11-26,219.0,0.0
BAT05768,MED002,DC003,2026-07-26,2027-11-26,219.0,0.0
BAT05769,MED003,DC006,2026-07-30,2027-05-18,699.0,205.55999999999983
BAT05770,MED006,DC001,2026-07-27,2027-02-14,258.0,0.0
BAT05771,MED006,DC004,2026-07-28,2027-02-15,258.0,0.0
BAT05772,MED006,DC005,2026-07-29,2027-02-16,258.0,9.179999999999964
BAT05773,MED007,DC003,2026-07-26,2027-06-21,625.0,0.0
BAT05774,MED011,DC005,2026-07-29,2027-06-12,520.0,0.0
BAT05775,MED013,DC003,2026-07-26,2027-07-02,361.0,0.0
BAT05776,MED014,DC001,2026-07-27,2027-06-07,437.0,0.0
BAT05777,MED014,DC004,2026-07-28,2027-06-08,437.0,89.34999999999998
BAT05778,MED016,DC008,2026-07-28,2027-03-11,454.0,360.51999999999975
BAT05779,MED017,DC007,2026-07-27,2027-11-24,292.0,0.0
BAT05780,MED018,DC004,2026-07-28,2027-11-03,429.0,39.75000000000003
BAT05781,MED019,DC001,2026-07-27,2027-12-17,609.0,0.0
BAT05782,MED019,DC007,2026-07-27,2027-12-17,609.0,0.0
BAT05783,MED021,DC004,2026-07-28,2027-12-17,1413.0,0.0
BAT05784,MED022,DC006,2026-07-30,2027-10-24,424.0,0.0
BAT05785,MED023,DC003,2026-07-26,2027-06-28,642.0,142.45000000000005
BAT05786,MED023,DC005,2026-07-29,2027-07-01,642.0,398.1999999999997
BAT05787,MED024,DC001,2026-07-27,2027-09-28,344.0,0.0
BAT05788,MED024,DC006,2026-07-30,2027-10-01,344.0,10.680000000000248
BAT05789,MED027,DC008,2026-07-28,2027-10-15,899.0,0.0
BAT05790,MED028,DC001,2026-07-27,2027-11-02,349.0,0.0
BAT05791,MED029,DC007,2026-07-27,2027-02-26,507.0,0.0
BAT05792,MED031,DC001,2026-07-27,2027-03-12,346.0,0.0
BAT05793,MED032,DC003,2026-07-26,2027-02-18,413.0,0.0
BAT05794,MED033,DC004,2026-07-28,2027-05-31,442.0,0.0
BAT05795,MED033,DC007,2026-07-27,2027-05-30,442.0,0.0
BAT05796,MED034,DC002,2026-07-26,2027-09-15,1036.0,0.0
BAT05797,MED034,DC005,2026-07-29,2027-09-18,1036.0,97.4200000000003
BAT05798,MED035,DC004,2026-07-28,2027-02-18,466.0,0.0
BAT05799,MED036,DC006,2026-07-30,2027-10-01,756.0,0.0
BAT05800,MED037,DC001,2026-07-27,2027-01-24,1365.0,0.0
BAT05801,MED038,DC008,2026-07-28,2028-01-15,1426.0,0.0
BAT05802,MED039,DC001,2026-07-27,2027-10-27,314.0,0.0
BAT05803,MED040,DC001,2026-07-27,2027-10-21,340.0,129.4599999999997
BAT05804,MED040,DC007,2026-07-27,2027-10-21,340.0,10.620000000000111
BAT05805,MED002,DC004,2026-07-29,2027-11-29,219.0,0.0
BAT05806,MED003,DC003,2026-07-27,2027-05-15,699.0,0.0
BAT05807,MED003,DC008,2026-07-29,2027-05-17,699.0,17.589999999999733
BAT05808,MED005,DC004,2026-07-29,2027-03-18,494.0,335.69999999999976
BAT05809,MED007,DC001,2026-07-28,2027-06-23,625.0,0.0
BAT05810,MED007,DC002,2026-07-27,2027-06-22,625.0,0.0
BAT05811,MED007,DC004,2026-07-29,2027-06-24,625.0,59.09000000000061
BAT05812,MED008,DC005,2026-07-30,2027-06-23,1205.0,267.5400000000011
BAT05813,MED010,DC008,2026-07-29,2028-01-09,549.0,258.3199999999999
BAT05814,MED013,DC005,2026-07-30,2027-07-06,361.0,89.12999999999995
BAT05815,MED020,DC006,2026-07-31,2027-06-10,376.0,0.0
BAT05816,MED021,DC008,2026-07-29,2027-12-18,1413.0,0.0
BAT05817,MED022,DC004,2026-07-29,2027-10-23,424.0,0.0
BAT05818,MED024,DC007,2026-07-28,2027-09-29,344.0,0.0
BAT05819,MED025,DC004,2026-07-29,2027-11-02,1266.0,165.09999999999937
BAT05820,MED026,DC006,2026-07-31,2027-10-30,1028.0,335.87
BAT05821,MED027,DC001,2026-07-28,2027-10-15,899.0,0.0
BAT05822,MED032,DC004,2026-07-29,2027-02-21,413.0,114.84000000000015
BAT05823,MED032,DC006,2026-07-31,2027-02-23,413.0,89.41999999999999
BAT05824,MED033,DC005,2026-07-30,2027-06-02,442.0,0.0
BAT05825,MED034,DC003,2026-07-27,2027-09-16,1036.0,0.0
BAT05826,MED034,DC006,2026-07-31,2027-09-20,1036.0,460.2900000000003
BAT05827,MED034,DC007,2026-07-28,2027-09-17,1036.0,28.890000000000313
BAT05828,MED034,DC008,2026-07-29,2027-09-18,1036.0,15.289999999999864
BAT05829,MED036,DC005,2026-07-30,2027-10-01,756.0,0.0
BAT05830,MED038,DC005,2026-07-30,2028-01-17,1426.0,362.2499999999999
BAT05831,MED039,DC005,2026-07-30,2027-10-30,314.0,0.0
BAT05832,MED039,DC006,2026-07-31,2027-10-31,314.0,0.0
BAT05833,MED040,DC008,2026-07-29,2027-10-23,340.0,193.03000000000006
BAT05834,MED004,DC001,2026-07-29,2028-01-17,1309.0,0.0
BAT05835,MED004,DC008,2026-07-30,2028-01-18,1309.0,219.07999999999973
BAT05836,MED006,DC006,2026-08-01,2027-02-19,258.0,26.469999999999967
BAT05837,MED007,DC005,2026-07-31,2027-06-26,625.0,289.8600000000001
BAT05838,MED008,DC003,2026-07-28,2027-06-21,1205.0,0.0
BAT05839,MED009,DC007,2026-07-29,2027-07-30,1366.0,0.0
BAT05840,MED011,DC003,2026-07-28,2027-06-11,520.0,0.0
BAT05841,MED011,DC007,2026-07-29,2027-06-12,520.0,0.0
BAT05842,MED011,DC008,2026-07-30,2027-06-13,520.0,0.0
BAT05843,MED012,DC006,2026-08-01,2027-02-13,890.0,791.8099999999998
BAT05844,MED012,DC008,2026-07-30,2027-02-11,890.0,890.0
BAT05845,MED013,DC004,2026-07-30,2027-07-06,361.0,47.36999999999999
BAT05846,MED015,DC003,2026-07-28,2027-08-31,1245.0,0.0
BAT05847,MED018,DC006,2026-08-01,2027-11-07,429.0,187.55000000000013
BAT05848,MED019,DC008,2026-07-30,2027-12-20,609.0,0.0
BAT05849,MED020,DC005,2026-07-31,2027-06-10,376.0,0.0
BAT05850,MED021,DC007,2026-07-29,2027-12-18,1413.0,133.13000000000136
BAT05851,MED023,DC008,2026-07-30,2027-07-02,642.0,410.6200000000002
BAT05852,MED024,DC005,2026-07-31,2027-10-02,344.0,117.94000000000014
BAT05853,MED027,DC005,2026-07-31,2027-10-18,899.0,213.7000000000004
BAT05854,MED028,DC004,2026-07-30,2027-11-05,349.0,0.0
BAT05855,MED029,DC008,2026-07-30,2027-03-01,507.0,0.0
BAT05856,MED030,DC002,2026-07-28,2027-05-13,350.0,122.00000000000014
BAT05857,MED031,DC003,2026-07-28,2027-03-13,346.0,0.0
BAT05858,MED031,DC008,2026-07-30,2027-03-15,346.0,38.97999999999968
BAT05859,MED034,DC004,2026-07-30,2027-09-19,1036.0,177.15999999999957
BAT05860,MED035,DC002,2026-07-28,2027-02-18,466.0,0.0
BAT05861,MED035,DC003,2026-07-28,2027-02-18,466.0,0.0
BAT05862,MED035,DC006,2026-08-01,2027-02-22,466.0,0.0
BAT05863,MED036,DC001,2026-07-29,2027-09-30,756.0,0.0
BAT05864,MED037,DC007,2026-07-29,2027-01-26,1365.0,9.039999999999765
BAT05865,MED001,DC004,2026-07-31,2027-03-20,215.0,0.0
BAT05866,MED001,DC007,2026-07-30,2027-03-19,215.0,0.0
BAT05867,MED002,DC001,2026-07-30,2027-11-30,219.0,0.0
BAT05868,MED002,DC007,2026-07-30,2027-11-30,219.0,0.0
BAT05869,MED008,DC002,2026-07-29,2027-06-22,1205.0,0.0
BAT05870,MED008,DC004,2026-07-31,2027-06-24,1205.0,350.61
BAT05871,MED008,DC008,2026-07-31,2027-06-24,1205.0,291.73000000000036
BAT05872,MED009,DC003,2026-07-29,2027-07-30,1366.0,0.0
BAT05873,MED009,DC004,2026-07-31,2027-08-01,1366.0,269.6899999999991
BAT05874,MED011,DC001,2026-07-30,2027-06-13,520.0,0.0
BAT05875,MED011,DC006,2026-08-02,2027-06-16,520.0,0.0
BAT05876,MED012,DC001,2026-07-30,2027-02-11,890.0,433.9699999999996
BAT05877,MED014,DC005,2026-08-01,2027-06-12,437.0,152.9699999999999
BAT05878,MED014,DC006,2026-08-02,2027-06-13,437.0,208.2000000000001
BAT05879,MED016,DC001,2026-07-30,2027-03-13,454.0,194.76999999999987
BAT05880,MED016,DC006,2026-08-02,2027-03-16,454.0,401.7100000000002
BAT05881,MED017,DC006,2026-08-02,2027-11-30,292.0,0.0
BAT05882,MED020,DC001,2026-07-30,2027-06-09,376.0,0.0
BAT05883,MED021,DC005,2026-08-01,2027-12-21,1413.0,585.0099999999995
BAT05884,MED022,DC002,2026-07-29,2027-10-23,424.0,0.0
BAT05885,MED022,DC005,2026-08-01,2027-10-26,424.0,0.0
BAT05886,MED025,DC008,2026-07-31,2027-11-04,1266.0,328.12
BAT05887,MED026,DC002,2026-07-29,2027-10-28,1028.0,74.28999999999972
BAT05888,MED029,DC004,2026-07-31,2027-03-02,507.0,74.50999999999979
BAT05889,MED032,DC005,2026-08-01,2027-02-24,413.0,153.62000000000006
BAT05890,MED033,DC003,2026-07-29,2027-06-01,442.0,0.0
BAT05891,MED036,DC007,2026-07-30,2027-10-01,756.0,0.0
BAT05892,MED037,DC003,2026-07-29,2027-01-26,1365.0,0.0
BAT05893,MED037,DC006,2026-08-02,2027-01-30,1365.0,797.2200000000008
BAT05894,MED039,DC002,2026-07-29,2027-10-29,314.0,0.0
BAT05895,MED039,DC004,2026-07-31,2027-10-31,314.0,0.0
BAT05896,MED001,DC002,2026-07-30,2027-03-19,215.0,0.0
BAT05897,MED002,DC006,2026-08-03,2027-12-04,219.0,108.62999999999985
BAT05898,MED004,DC005,2026-08-02,2028-01-21,1309.0,621.9599999999999
BAT05899,MED009,DC001,2026-07-31,2027-08-01,1366.0,0.0
BAT05900,MED009,DC008,2026-08-01,2027-08-02,1366.0,506.7099999999999
BAT05901,MED010,DC002,2026-07-30,2028-01-10,549.0,128.29999999999987
BAT05902,MED010,DC006,2026-08-03,2028-01-14,549.0,549.0
BAT05903,MED011,DC002,2026-07-30,2027-06-13,520.0,0.0
BAT05904,MED013,DC007,2026-07-31,2027-07-07,361.0,47.55000000000006
BAT05905,MED014,DC003,2026-07-30,2027-06-10,437.0,0.0
BAT05906,MED014,DC007,2026-07-31,2027-06-11,437.0,0.0
BAT05907,MED015,DC008,2026-08-01,2027-09-04,1245.0,381.26000000000033
BAT05908,MED016,DC002,2026-07-30,2027-03-13,454.0,227.14000000000019
BAT05909,MED017,DC003,2026-07-30,2027-11-27,292.0,0.0
BAT05910,MED017,DC008,2026-08-01,2027-11-29,292.0,0.0
BAT05911,MED018,DC001,2026-07-31,2027-11-06,429.0,0.0
BAT05912,MED020,DC004,2026-08-01,2027-06-11,376.0,0.0
BAT05913,MED025,DC001,2026-07-31,2027-11-04,1266.0,252.81999999999942
BAT05914,MED026,DC007,2026-07-31,2027-10-30,1028.0,260.2499999999999
BAT05915,MED028,DC006,2026-08-03,2027-11-09,349.0,0.0
BAT05916,MED028,DC007,2026-07-31,2027-11-06,349.0,0.0
BAT05917,MED030,DC004,2026-08-01,2027-05-17,350.0,277.0299999999999
BAT05918,MED030,DC005,2026-08-02,2027-05-18,350.0,250.51999999999978
BAT05919,MED031,DC004,2026-08-01,2027-03-17,346.0,46.900000000000205
BAT05920,MED032,DC001,2026-07-31,2027-02-23,413.0,0.0
BAT05921,MED036,DC004,2026-08-01,2027-10-03,756.0,0.0
BAT05922,MED037,DC005,2026-08-02,2027-01-30,1365.0,656.0900000000005
BAT05923,MED001,DC001,2026-08-01,2027-03-21,215.0,0.0
BAT05924,MED001,DC003,2026-07-31,2027-03-20,215.0,0.0
BAT05925,MED001,DC005,2026-08-03,2027-03-23,215.0,0.0
BAT05926,MED001,DC006,2026-08-04,2027-03-24,215.0,1.1368683772161603e-13
BAT05927,MED001,DC008,2026-08-02,2027-03-22,215.0,0.0
BAT05928,MED002,DC005,2026-08-03,2027-12-04,219.0,82.25000000000023
BAT05929,MED003,DC005,2026-08-03,2027-05-22,699.0,499.52999999999963
BAT05930,MED004,DC004,2026-08-02,2028-01-21,1309.0,526.6700000000002
BAT05931,MED005,DC006,2026-08-04,2027-03-24,494.0,494.0
BAT05932,MED009,DC006,2026-08-04,2027-08-05,1366.0,1036.7799999999993
BAT05933,MED013,DC006,2026-08-04,2027-07-11,361.0,199.18000000000004
BAT05934,MED013,DC008,2026-08-02,2027-07-09,361.0,170.7800000000002
BAT05935,MED014,DC002,2026-07-31,2027-06-11,437.0,21.249999999999595
BAT05936,MED015,DC001,2026-08-01,2027-09-04,1245.0,18.439999999999884
BAT05937,MED016,DC007,2026-08-01,2027-03-15,454.0,142.1800000000003
BAT05938,MED017,DC002,2026-07-31,2027-11-28,292.0,0.0
BAT05939,MED018,DC002,2026-07-31,2027-11-06,429.0,15.120000000000054
BAT05940,MED018,DC003,2026-07-31,2027-11-06,429.0,131.13999999999993
BAT05941,MED018,DC008,2026-08-02,2027-11-08,429.0,156.45000000000005
BAT05942,MED019,DC002,2026-07-31,2027-12-21,609.0,0.0
BAT05943,MED019,DC005,2026-08-03,2027-12-24,609.0,0.0
BAT05944,MED020,DC003,2026-07-31,2027-06-10,376.0,0.0
BAT05945,MED020,DC007,2026-08-01,2027-06-11,376.0,0.0
BAT05946,MED021,DC003,2026-07-31,2027-12-20,1413.0,250.5500000000003
BAT05947,MED021,DC006,2026-08-04,2027-12-24,1413.0,945.8900000000009
BAT05948,MED022,DC001,2026-08-01,2027-10-26,424.0,0.0
BAT05949,MED022,DC003,2026-07-31,2027-10-25,424.0,0.0
BAT05950,MED023,DC007,2026-08-01,2027-07-04,642.0,536.8
BAT05951,MED024,DC004,2026-08-02,2027-10-04,344.0,82.69999999999989
BAT05952,MED025,DC006,2026-08-04,2027-11-08,1266.0,904.1299999999994
BAT05953,MED027,DC004,2026-08-02,2027-10-20,899.0,369.19000000000005
BAT05954,MED028,DC005,2026-08-03,2027-11-09,349.0,0.0
BAT05955,MED029,DC005,2026-08-03,2027-03-05,507.0,228.25
BAT05956,MED035,DC001,2026-08-01,2027-02-22,466.0,0.0
BAT05957,MED035,DC008,2026-08-02,2027-02-23,466.0,0.0
BAT05958,MED036,DC002,2026-07-31,2027-10-02,756.0,0.0
BAT05959,MED037,DC008,2026-08-02,2027-01-30,1365.0,737.7200000000004
BAT05960,MED038,DC003,2026-07-31,2028-01-18,1426.0,222.2800000000007
BAT05961,MED039,DC008,2026-08-02,2027-11-02,314.0,0.0
BAT05962,MED005,DC005,2026-08-04,2027-03-24,494.0,420.85999999999996
BAT05963,MED006,DC002,2026-08-01,2027-02-19,258.0,76.47999999999897
BAT05964,MED006,DC003,2026-08-01,2027-02-19,258.0,0.0
BAT05965,MED006,DC007,2026-08-02,2027-02-20,258.0,82.85999999999993
BAT05966,MED007,DC006,2026-08-05,2027-07-01,625.0,420.5899999999997
BAT05967,MED007,DC007,2026-08-02,2027-06-28,625.0,236.07999999999987
BAT05968,MED008,DC001,2026-08-02,2027-06-26,1205.0,208.98999999999995
BAT05969,MED008,DC006,2026-08-05,2027-06-29,1205.0,947.2599999999999
BAT05970,MED008,DC007,2026-08-02,2027-06-26,1205.0,483.1399999999991
BAT05971,MED010,DC003,2026-08-01,2028-01-12,549.0,301.59000000000003
BAT05972,MED010,DC004,2026-08-03,2028-01-14,549.0,368.4399999999997
BAT05973,MED011,DC004,2026-08-03,2027-06-17,520.0,0.0
BAT05974,MED012,DC002,2026-08-01,2027-02-13,890.0,644.1400000000004
BAT05975,MED012,DC003,2026-08-01,2027-02-13,890.0,407.1799999999996
BAT05976,MED013,DC001,2026-08-02,2027-07-09,361.0,116.85000000000008
BAT05977,MED015,DC002,2026-08-01,2027-09-04,1245.0,24.0400000000011
BAT05978,MED015,DC004,2026-08-03,2027-09-06,1245.0,733.9100000000007
BAT05979,MED016,DC005,2026-08-04,2027-03-18,454.0,454.0
BAT05980,MED017,DC001,2026-08-02,2027-11-30,292.0,0.0
BAT05981,MED017,DC005,2026-08-04,2027-12-02,292.0,0.3399999999997618
BAT05982,MED019,DC007,2026-08-02,2027-12-23,609.0,0.0
BAT05983,MED020,DC002,2026-08-01,2027-06-11,376.0,0.0
BAT05984,MED020,DC008,2026-08-03,2027-06-13,376.0,0.0
BAT05985,MED021,DC002,2026-08-01,2027-12-21,1413.0,365.03999999999985
BAT05986,MED022,DC007,2026-08-02,2027-10-27,424.0,0.0
BAT05987,MED022,DC008,2026-08-03,2027-10-28,424.0,0.0
BAT05988,MED023,DC002,2026-08-01,2027-07-04,642.0,528.57
BAT05989,MED024,DC003,2026-08-01,2027-10-03,344.0,57.10999999999988
BAT05990,MED026,DC001,2026-08-02,2027-11-01,1028.0,302.5200000000003
BAT05991,MED026,DC008,2026-08-03,2027-11-02,1028.0,492.90999999999997
BAT05992,MED028,DC003,2026-08-01,2027-11-07,349.0,0.0
BAT05993,MED028,DC008,2026-08-03,2027-11-09,349.0,0.0
BAT05994,MED029,DC002,2026-08-01,2027-03-03,507.0,0.0
BAT05995,MED033,DC008,2026-08-03,2027-06-06,442.0,242.7300000000002
BAT05996,MED035,DC005,2026-08-04,2027-02-25,466.0,130.42000000000004
BAT05997,MED035,DC007,2026-08-02,2027-02-23,466.0,0.0
BAT05998,MED036,DC003,2026-08-01,2027-10-03,756.0,0.0
BAT05999,MED036,DC008,2026-08-03,2027-10-05,756.0,0.0
BAT06000,MED037,DC002,2026-08-01,2027-01-29,1365.0,53.72999999999949
BAT06001,MED039,DC003,2026-08-01,2027-11-01,314.0,0.0
BAT06002,MED039,DC007,2026-08-02,2027-11-02,314.0,0.0
BAT06003,MED003,DC001,2026-08-03,2027-05-22,699.0,367.02000000000004
BAT06004,MED003,DC002,2026-08-02,2027-05-21,699.0,235.7099999999998
BAT06005,MED004,DC006,2026-08-06,2028-01-25,1309.0,1309.0
BAT06006,MED004,DC007,2026-08-03,2028-01-22,1309.0,720.0000000000002
BAT06007,MED005,DC001,2026-08-03,2027-03-23,494.0,428.83000000000004
BAT06008,MED009,DC002,2026-08-02,2027-08-03,1366.0,378.02999999999884
BAT06009,MED009,DC005,2026-08-05,2027-08-06,1366.0,1111.0099999999998
BAT06010,MED011,DC005,2026-08-05,2027-06-19,520.0,115.9
BAT06011,MED012,DC004,2026-08-04,2027-02-16,890.0,724.1200000000007
BAT06012,MED015,DC007,2026-08-03,2027-09-06,1245.0,579.3600000000005
BAT06013,MED017,DC004,2026-08-04,2027-12-02,292.0,23.050000000000495
BAT06014,MED017,DC007,2026-08-03,2027-12-01,292.0,17.429999999999865
BAT06015,MED019,DC001,2026-08-03,2027-12-24,609.0,0.0
BAT06016,MED019,DC003,2026-08-02,2027-12-23,609.0,0.0
BAT06017,MED019,DC004,2026-08-04,2027-12-25,609.0,89.46000000000015
BAT06018,MED019,DC006,2026-08-06,2027-12-27,609.0,125.87000000000049
BAT06019,MED023,DC001,2026-08-03,2027-07-06,642.0,366.6099999999998
BAT06020,MED024,DC002,2026-08-02,2027-10-04,344.0,57.800000000000054
BAT06021,MED025,DC003,2026-08-02,2027-11-06,1266.0,465.5700000000007
BAT06022,MED026,DC003,2026-08-02,2027-11-01,1028.0,521.9199999999997
BAT06023,MED027,DC002,2026-08-02,2027-10-20,899.0,248.06999999999988
BAT06024,MED027,DC007,2026-08-03,2027-10-21,899.0,413.10000000000025
BAT06025,MED028,DC002,2026-08-02,2027-11-08,349.0,0.0
BAT06026,MED029,DC001,2026-08-03,2027-03-05,507.0,184.74000000000026
BAT06027,MED029,DC003,2026-08-02,2027-03-04,507.0,61.54000000000029
BAT06028,MED031,DC005,2026-08-05,2027-03-21,346.0,285.53999999999985
BAT06029,MED031,DC006,2026-08-06,2027-03-22,346.0,346.0
BAT06030,MED038,DC001,2026-08-03,2028-01-21,1426.0,752.42
BAT06031,MED038,DC004,2026-08-04,2028-01-22,1426.0,987.2199999999996
BAT06032,MED038,DC006,2026-08-06,2028-01-24,1426.0,1246.0299999999993
BAT06033,MED039,DC001,2026-08-03,2027-11-03,314.0,6.039999999999857
BAT06034,MED002,DC008,2026-08-05,2027-12-06,219.0,106.79000000000019
BAT06035,MED003,DC007,2026-08-04,2027-05-23,699.0,363.51000000000016
BAT06036,MED004,DC002,2026-08-03,2028-01-22,1309.0,631.5199999999992
BAT06037,MED006,DC001,2026-08-04,2027-02-22,258.0,126.05999999999989
BAT06038,MED006,DC004,2026-08-05,2027-02-23,258.0,174.93999999999994
BAT06039,MED007,DC008,2026-08-05,2027-07-01,625.0,443.24000000000024
BAT06040,MED010,DC005,2026-08-06,2028-01-17,549.0,549.0
BAT06041,MED014,DC001,2026-08-04,2027-06-15,437.0,183.79999999999984
BAT06042,MED014,DC008,2026-08-05,2027-06-16,437.0,343.3299999999996
BAT06043,MED018,DC007,2026-08-04,2027-11-10,429.0,221.73000000000025
BAT06044,MED021,DC001,2026-08-04,2027-12-24,1413.0,870.6399999999998
BAT06045,MED022,DC004,2026-08-05,2027-10-30,424.0,89.59000000000007
BAT06046,MED022,DC006,2026-08-07,2027-11-01,424.0,134.4399999999997
BAT06047,MED025,DC002,2026-08-03,2027-11-07,1266.0,575.6999999999995
BAT06048,MED026,DC005,2026-08-06,2027-11-05,1028.0,909.9399999999999
BAT06049,MED027,DC003,2026-08-03,2027-10-21,899.0,412.9
BAT06050,MED027,DC006,2026-08-07,2027-10-25,899.0,899.0
BAT06051,MED028,DC001,2026-08-04,2027-11-10,349.0,28.18000000000025
BAT06052,MED031,DC002,2026-08-03,2027-03-19,346.0,142.21000000000006
BAT06053,MED031,DC007,2026-08-04,2027-03-20,346.0,137.97999999999945
BAT06054,MED032,DC002,2026-08-03,2027-02-26,413.0,134.22000000000003
BAT06055,MED032,DC008,2026-08-05,2027-02-28,413.0,235.80999999999995
BAT06056,MED033,DC001,2026-08-04,2027-06-07,442.0,254.85999999999976
BAT06057,MED033,DC002,2026-08-03,2027-06-06,442.0,155.3199999999999
BAT06058,MED033,DC006,2026-08-07,2027-06-10,442.0,441.5599999999999
BAT06059,MED034,DC001,2026-08-04,2027-09-24,1036.0,368.6600000000011
BAT06060,MED034,DC002,2026-08-03,2027-09-23,1036.0,363.8099999999999
BAT06061,MED035,DC003,2026-08-03,2027-02-24,466.0,0.0
BAT06062,MED035,DC004,2026-08-05,2027-02-26,466.0,18.540000000000006
BAT06063,MED036,DC005,2026-08-06,2027-10-08,756.0,144.8199999999997
BAT06064,MED036,DC006,2026-08-07,2027-10-09,756.0,335.34999999999957
BAT06065,MED037,DC004,2026-08-05,2027-02-02,1365.0,1245.6500000000003
BAT06066,MED038,DC002,2026-08-03,2028-01-21,1426.0,686.9099999999999
BAT06067,MED039,DC005,2026-08-06,2027-11-06,314.0,91.43000000000009
BAT06068,MED040,DC005,2026-08-06,2027-10-31,340.0,326.02999999999975
BAT06069,MED040,DC006,2026-08-07,2027-11-01,340.0,340.0
BAT06070,MED002,DC002,2026-08-04,2027-12-05,219.0,76.83000000000018
BAT06071,MED002,DC003,2026-08-04,2027-12-05,219.0,101.79999999999995
BAT06072,MED003,DC004,2026-08-06,2027-05-25,699.0,614.8899999999998
BAT06073,MED005,DC007,2026-08-05,2027-03-25,494.0,464.8600000000001
BAT06074,MED005,DC008,2026-08-06,2027-03-26,494.0,494.0
BAT06075,MED006,DC005,2026-08-07,2027-02-25,258.0,258.0
BAT06076,MED006,DC008,2026-08-06,2027-02-24,258.0,206.83000000000013
BAT06077,MED011,DC007,2026-08-05,2027-06-19,520.0,51.85000000000019
BAT06078,MED012,DC007,2026-08-05,2027-02-17,890.0,890.0
BAT06079,MED013,DC002,2026-08-04,2027-07-11,361.0,199.86999999999995
BAT06080,MED013,DC003,2026-08-04,2027-07-11,361.0,151.35000000000042
BAT06081,MED015,DC005,2026-08-07,2027-09-10,1245.0,1132.3400000000008
BAT06082,MED015,DC006,2026-08-08,2027-09-11,1245.0,1245.0
BAT06083,MED016,DC004,2026-08-06,2027-03-20,454.0,435.19000000000034
BAT06084,MED018,DC005,2026-08-07,2027-11-13,429.0,289.32
BAT06085,MED020,DC006,2026-08-08,2027-06-18,376.0,216.10000000000025
BAT06086,MED021,DC004,2026-08-06,2027-12-26,1413.0,1196.2700000000007
BAT06087,MED024,DC001,2026-08-05,2027-10-07,344.0,248.0200000000001
BAT06088,MED024,DC006,2026-08-08,2027-10-10,344.0,344.0
BAT06089,MED024,DC007,2026-08-05,2027-10-07,344.0,127.01000000000022
BAT06090,MED024,DC008,2026-08-06,2027-10-08,344.0,302.28
BAT06091,MED025,DC005,2026-08-07,2027-11-11,1266.0,1266.0
BAT06092,MED026,DC004,2026-08-06,2027-11-05,1028.0,873.0799999999995
BAT06093,MED027,DC008,2026-08-06,2027-10-24,899.0,663.5400000000001
BAT06094,MED028,DC004,2026-08-06,2027-11-12,349.0,153.17000000000033
BAT06095,MED029,DC006,2026-08-08,2027-03-10,507.0,507.0
BAT06096,MED030,DC001,2026-08-05,2027-05-21,350.0,250.03000000000037
BAT06097,MED030,DC007,2026-08-05,2027-05-21,350.0,344.97000000000025
BAT06098,MED030,DC008,2026-08-06,2027-05-22,350.0,350.0
BAT06099,MED031,DC001,2026-08-05,2027-03-21,346.0,137.51000000000033
BAT06100,MED032,DC007,2026-08-05,2027-02-28,413.0,218.34000000000012
BAT06101,MED033,DC004,2026-08-06,2027-06-09,442.0,329.85999999999984
BAT06102,MED036,DC001,2026-08-05,2027-10-07,756.0,144.22000000000062
BAT06103,MED037,DC001,2026-08-05,2027-02-02,1365.0,636.2399999999998
BAT06104,MED039,DC004,2026-08-06,2027-11-06,314.0,104.5600000000003
BAT06105,MED039,DC006,2026-08-08,2027-11-08,314.0,146.68000000000035
BAT06106,MED001,DC002,2026-08-05,2027-03-25,215.0,47.149999999998805
BAT06107,MED001,DC004,2026-08-07,2027-03-27,215.0,52.130000000000464
BAT06108,MED003,DC006,2026-08-09,2027-05-28,699.0,699.0
BAT06109,MED003,DC008,2026-08-07,2027-05-26,699.0,699.0
BAT06110,MED004,DC003,2026-08-05,2028-01-24,1309.0,776.6600000000003
BAT06111,MED005,DC003,2026-08-05,2027-03-25,494.0,429.2900000000004
BAT06112,MED006,DC006,2026-08-09,2027-02-27,258.0,258.0
BAT06113,MED007,DC001,2026-08-06,2027-07-02,625.0,444.4599999999999
BAT06114,MED011,DC001,2026-08-06,2027-06-20,520.0,286.25000000000006
BAT06115,MED011,DC008,2026-08-07,2027-06-21,520.0,332.65000000000003
BAT06116,MED012,DC005,2026-08-08,2027-02-20,890.0,890.0
BAT06117,MED019,DC008,2026-08-07,2027-12-28,609.0,318.54000000000025
BAT06118,MED020,DC001,2026-08-06,2027-06-16,376.0,120.99000000000015
BAT06119,MED020,DC005,2026-08-08,2027-06-18,376.0,225.53999999999968
BAT06120,MED022,DC002,2026-08-05,2027-10-30,424.0,71.33000000000004
BAT06121,MED025,DC007,2026-08-06,2027-11-10,1266.0,1072.4500000000005
BAT06122,MED030,DC006,2026-08-09,2027-05-25,350.0,350.0
BAT06123,MED032,DC003,2026-08-05,2027-02-28,413.0,214.76000000000002
BAT06124,MED033,DC005,2026-08-08,2027-06-11,442.0,379.57000000000016
BAT06125,MED034,DC005,2026-08-08,2027-09-28,1036.0,1036.0
BAT06126,MED035,DC002,2026-08-05,2027-02-26,466.0,169.56999999999977
BAT06127,MED035,DC006,2026-08-09,2027-03-02,466.0,312.99000000000046
BAT06128,MED038,DC008,2026-08-07,2028-01-25,1426.0,1406.3100000000009
BAT06129,MED039,DC002,2026-08-05,2027-11-05,314.0,19.10000000000027
BAT06130,MED001,DC007,2026-08-07,2027-03-27,215.0,70.49000000000024
BAT06131,MED003,DC003,2026-08-06,2027-05-25,699.0,423.7699999999998
BAT06132,MED011,DC003,2026-08-06,2027-06-20,520.0,93.2800000000001
BAT06133,MED011,DC006,2026-08-10,2027-06-24,520.0,380.44999999999976
BAT06134,MED017,DC003,2026-08-06,2027-12-04,292.0,59.78000000000005
BAT06135,MED017,DC006,2026-08-10,2027-12-08,292.0,212.84000000000043
BAT06136,MED020,DC004,2026-08-08,2027-06-18,376.0,218.33999999999992
BAT06137,MED021,DC008,2026-08-08,2027-12-28,1413.0,1262.2500000000011
BAT06138,MED022,DC005,2026-08-09,2027-11-03,424.0,318.91000000000054
BAT06139,MED026,DC006,2026-08-10,2027-11-09,1028.0,1028.0
BAT06140,MED028,DC007,2026-08-07,2027-11-13,349.0,155.42000000000036
BAT06141,MED029,DC007,2026-08-07,2027-03-09,507.0,430.79000000000025
BAT06142,MED030,DC003,2026-08-06,2027-05-22,350.0,342.99999999999994
BAT06143,MED032,DC006,2026-08-10,2027-03-05,413.0,413.0
BAT06144,MED034,DC003,2026-08-06,2027-09-26,1036.0,592.5999999999997
BAT06145,MED034,DC008,2026-08-08,2027-09-28,1036.0,1036.0
BAT06146,MED036,DC004,2026-08-08,2027-10-10,756.0,548.3
BAT06147,MED036,DC007,2026-08-07,2027-10-09,756.0,407.97999999999973
BAT06148,MED038,DC005,2026-08-09,2028-01-27,1426.0,1426.0
BAT06149,MED040,DC004,2026-08-08,2027-11-02,340.0,340.0
BAT06150,MED001,DC001,2026-08-08,2027-03-28,215.0,112.33999999999963
BAT06151,MED001,DC003,2026-08-07,2027-03-27,215.0,90.78000000000029
BAT06152,MED001,DC005,2026-08-10,2027-03-30,215.0,166.31999999999985
BAT06153,MED001,DC008,2026-08-09,2027-03-29,215.0,124.83000000000004
BAT06154,MED002,DC001,2026-08-08,2027-12-09,219.0,192.15999999999988
BAT06155,MED002,DC004,2026-08-09,2027-12-10,219.0,215.3000000000001
BAT06156,MED002,DC007,2026-08-08,2027-12-09,219.0,175.15999999999985
BAT06157,MED004,DC008,2026-08-09,2028-01-28,1309.0,1309.0
BAT06158,MED005,DC002,2026-08-07,2027-03-27,494.0,494.0
BAT06159,MED007,DC003,2026-08-07,2027-07-03,625.0,446.91999999999956
BAT06160,MED007,DC004,2026-08-09,2027-07-05,625.0,625.0
BAT06161,MED008,DC003,2026-08-07,2027-07-01,1205.0,760.8299999999999
BAT06162,MED008,DC005,2026-08-10,2027-07-04,1205.0,1205.0
BAT06163,MED009,DC007,2026-08-08,2027-08-09,1366.0,1340.2699999999998
BAT06164,MED010,DC007,2026-08-08,2028-01-19,549.0,509.1999999999996
BAT06165,MED011,DC002,2026-08-07,2027-06-21,520.0,190.23000000000002
BAT06166,MED013,DC004,2026-08-09,2027-07-16,361.0,361.0
BAT06167,MED013,DC005,2026-08-10,2027-07-17,361.0,361.0
BAT06168,MED014,DC004,2026-08-09,2027-06-20,437.0,437.0
BAT06169,MED015,DC003,2026-08-07,2027-09-10,1245.0,852.5
BAT06170,MED018,DC004,2026-08-09,2027-11-15,429.0,429.0
BAT06171,MED019,DC002,2026-08-07,2027-12-28,609.0,301.5300000000001
BAT06172,MED019,DC005,2026-08-10,2027-12-31,609.0,424.77999999999986
BAT06173,MED020,DC002,2026-08-07,2027-06-17,376.0,187.07000000000008
BAT06174,MED020,DC003,2026-08-07,2027-06-17,376.0,118.04999999999981
BAT06175,MED020,DC007,2026-08-08,2027-06-18,376.0,229.77000000000004
BAT06176,MED022,DC001,2026-08-08,2027-11-02,424.0,227.64999999999986
BAT06177,MED022,DC003,2026-08-07,2027-11-01,424.0,150.02000000000004
BAT06178,MED023,DC005,2026-08-10,2027-07-13,642.0,642.0
BAT06179,MED024,DC005,2026-08-10,2027-10-12,344.0,344.0
BAT06180,MED025,DC004,2026-08-09,2027-11-13,1266.0,1266.0
BAT06181,MED027,DC001,2026-08-08,2027-10-26,899.0,804.6800000000006
BAT06182,MED028,DC005,2026-08-10,2027-11-16,349.0,288.0499999999999
BAT06183,MED028,DC006,2026-08-11,2027-11-17,349.0,295.9100000000004
BAT06184,MED029,DC004,2026-08-09,2027-03-11,507.0,507.0
BAT06185,MED029,DC008,2026-08-09,2027-03-11,507.0,480.04999999999995
BAT06186,MED033,DC007,2026-08-08,2027-06-11,442.0,411.1599999999998
BAT06187,MED034,DC006,2026-08-11,2027-10-01,1036.0,1036.0
BAT06188,MED035,DC001,2026-08-08,2027-03-01,466.0,218.3200000000001
BAT06189,MED035,DC008,2026-08-09,2027-03-02,466.0,291.1200000000001
BAT06190,MED038,DC007,2026-08-08,2028-01-26,1426.0,1350.4700000000005
BAT06191,MED039,DC008,2026-08-09,2027-11-09,314.0,274.1000000000001
BAT06192,MED040,DC007,2026-08-08,2027-11-02,340.0,340.0
BAT06193,MED001,DC006,2026-08-12,2027-04-01,215.0,215.0
BAT06194,MED002,DC006,2026-08-12,2027-12-13,219.0,219.0
BAT06195,MED004,DC001,2026-08-09,2028-01-28,1309.0,1292.2500000000005
BAT06196,MED007,DC002,2026-08-08,2027-07-04,625.0,596.0000000000001
BAT06197,MED007,DC005,2026-08-11,2027-07-07,625.0,625.0
BAT06198,MED008,DC002,2026-08-08,2027-07-02,1205.0,949.7900000000001
BAT06199,MED009,DC001,2026-08-09,2027-08-10,1366.0,1261.9499999999994
BAT06200,MED009,DC003,2026-08-08,2027-08-09,1366.0,1211.5600000000002
BAT06201,MED009,DC004,2026-08-10,2027-08-11,1366.0,1366.0
BAT06202,MED010,DC001,2026-08-09,2028-01-20,549.0,549.0
BAT06203,MED011,DC004,2026-08-10,2027-06-24,520.0,466.81000000000006
BAT06204,MED014,DC006,2026-08-12,2027-06-23,437.0,437.0
BAT06205,MED014,DC007,2026-08-09,2027-06-20,437.0,377.3100000000005
BAT06206,MED015,DC001,2026-08-09,2027-09-12,1245.0,1245.0
BAT06207,MED017,DC001,2026-08-09,2027-12-07,292.0,233.87000000000012
BAT06208,MED017,DC002,2026-08-08,2027-12-06,292.0,144.23000000000036
BAT06209,MED017,DC005,2026-08-11,2027-12-09,292.0,292.0
BAT06210,MED017,DC008,2026-08-10,2027-12-08,292.0,241.78000000000014
BAT06211,MED020,DC008,2026-08-10,2027-06-20,376.0,325.17999999999984
BAT06212,MED021,DC007,2026-08-09,2027-12-29,1413.0,1413.0
BAT06213,MED022,DC007,2026-08-09,2027-11-03,424.0,285.4900000000004
BAT06214,MED025,DC008,2026-08-10,2027-11-14,1266.0,1266.0
BAT06215,MED027,DC005,2026-08-11,2027-10-29,899.0,899.0
BAT06216,MED028,DC003,2026-08-08,2027-11-14,349.0,179.88999999999893
BAT06217,MED028,DC008,2026-08-10,2027-11-16,349.0,295.0999999999999
BAT06218,MED031,DC003,2026-08-08,2027-03-24,346.0,278.30999999999995
BAT06219,MED031,DC004,2026-08-10,2027-03-26,346.0,346.0
BAT06220,MED031,DC008,2026-08-10,2027-03-26,346.0,346.0
BAT06221,MED032,DC001,2026-08-09,2027-03-04,413.0,407.70999999999975
BAT06222,MED032,DC004,2026-08-10,2027-03-05,413.0,413.0
BAT06223,MED033,DC003,2026-08-08,2027-06-11,442.0,413.94999999999976
BAT06224,MED034,DC004,2026-08-10,2027-09-30,1036.0,1036.0
BAT06225,MED034,DC007,2026-08-09,2027-09-29,1036.0,1036.0
BAT06226,MED035,DC007,2026-08-09,2027-03-02,466.0,327.12
BAT06227,MED036,DC003,2026-08-08,2027-10-10,756.0,467.18999999999915
BAT06228,MED037,DC007,2026-08-09,2027-02-06,1365.0,1365.0
BAT06229,MED039,DC003,2026-08-08,2027-11-08,314.0,154.19999999999916
BAT06230,MED039,DC007,2026-08-09,2027-11-09,314.0,228.48000000000022
BAT06231,MED002,DC005,2026-08-12,2027-12-13,219.0,219.0
BAT06232,MED004,DC005,2026-08-12,2028-01-31,1309.0,1309.0
BAT06233,MED006,DC003,2026-08-09,2027-02-27,258.0,228.95
BAT06234,MED008,DC004,2026-08-11,2027-07-05,1205.0,1205.0
BAT06235,MED008,DC008,2026-08-11,2027-07-05,1205.0,1205.0
BAT06236,MED013,DC006,2026-08-13,2027-07-20,361.0,361.0
BAT06237,MED014,DC002,2026-08-09,2027-06-20,437.0,437.0
BAT06238,MED014,DC003,2026-08-09,2027-06-20,437.0,407.34000000000003
BAT06239,MED014,DC005,2026-08-12,2027-06-23,437.0,437.0
BAT06240,MED017,DC004,2026-08-11,2027-12-09,292.0,292.0
BAT06241,MED018,DC001,2026-08-10,2027-11-16,429.0,363.4399999999997
BAT06242,MED018,DC006,2026-08-13,2027-11-19,429.0,429.0
BAT06243,MED019,DC001,2026-08-10,2027-12-31,609.0,396.23000000000036
BAT06244,MED019,DC003,2026-08-09,2027-12-30,609.0,518.71
BAT06245,MED019,DC004,2026-08-11,2028-01-01,609.0,609.0
BAT06246,MED021,DC005,2026-08-12,2028-01-01,1413.0,1413.0
BAT06247,MED022,DC008,2026-08-11,2027-11-05,424.0,408.1100000000001
BAT06248,MED024,DC004,2026-08-11,2027-10-13,344.0,344.0
BAT06249,MED025,DC001,2026-08-10,2027-11-14,1266.0,1266.0
BAT06250,MED026,DC002,2026-08-09,2027-11-08,1028.0,1028.0
BAT06251,MED028,DC002,2026-08-09,2027-11-15,349.0,242.0000000000002
BAT06252,MED029,DC002,2026-08-09,2027-03-11,507.0,485.6400000000003
BAT06253,MED029,DC005,2026-08-12,2027-03-14,507.0,507.0
BAT06254,MED032,DC005,2026-08-12,2027-03-07,413.0,413.0
BAT06255,MED035,DC005,2026-08-12,2027-03-05,466.0,466.0
BAT06256,MED036,DC002,2026-08-09,2027-10-11,756.0,519.53
BAT06257,MED036,DC008,2026-08-11,2027-10-13,756.0,735.8500000000007
BAT06258,MED037,DC003,2026-08-09,2027-02-06,1365.0,1354.1
BAT06259,MED037,DC005,2026-08-12,2027-02-09,1365.0,1365.0
BAT06260,MED037,DC006,2026-08-13,2027-02-10,1365.0,1365.0
BAT06261,MED039,DC001,2026-08-10,2027-11-10,314.0,314.0
BAT06262,MED004,DC004,2026-08-12,2028-01-31,1309.0,1309.0
BAT06263,MED008,DC001,2026-08-11,2027-07-05,1205.0,1205.0
BAT06264,MED009,DC006,2026-08-14,2027-08-15,1366.0,1366.0
BAT06265,MED009,DC008,2026-08-12,2027-08-13,1366.0,1366.0
BAT06266,MED011,DC005,2026-08-13,2027-06-27,520.0,520.0
BAT06267,MED012,DC006,2026-08-14,2027-02-26,890.0,890.0
BAT06268,MED013,DC007,2026-08-11,2027-07-18,361.0,361.0
BAT06269,MED015,DC002,2026-08-10,2027-09-13,1245.0,1245.0
BAT06270,MED015,DC008,2026-08-12,2027-09-15,1245.0,1245.0
BAT06271,MED016,DC003,2026-08-10,2027-03-24,454.0,435.26999999999964
BAT06272,MED017,DC007,2026-08-11,2027-12-09,292.0,292.0
BAT06273,MED018,DC002,2026-08-10,2027-11-16,429.0,429.0
BAT06274,MED018,DC008,2026-08-12,2027-11-18,429.0,429.0
BAT06275,MED019,DC006,2026-08-14,2028-01-04,609.0,609.0
BAT06276,MED019,DC007,2026-08-11,2028-01-01,609.0,535.3900000000001
BAT06277,MED021,DC006,2026-08-14,2028-01-03,1413.0,1413.0
BAT06278,MED022,DC004,2026-08-12,2027-11-06,424.0,424.0
BAT06279,MED023,DC003,2026-08-10,2027-07-13,642.0,642.0
BAT06280,MED023,DC006,2026-08-14,2027-07-17,642.0,642.0
BAT06281,MED024,DC003,2026-08-10,2027-10-12,344.0,344.0
BAT06282,MED025,DC006,2026-08-14,2027-11-18,1266.0,1266.0
BAT06283,MED026,DC007,2026-08-11,2027-11-10,1028.0,1028.0
BAT06284,MED028,DC001,2026-08-11,2027-11-17,349.0,349.0
BAT06285,MED035,DC004,2026-08-12,2027-03-05,466.0,466.0
BAT06286,MED036,DC005,2026-08-13,2027-10-15,756.0,756.0
BAT06287,MED037,DC002,2026-08-10,2027-02-07,1365.0,1365.0
BAT06288,MED039,DC005,2026-08-13,2027-11-13,314.0,314.0
BAT06289,MED040,DC002,2026-08-10,2027-11-04,340.0,340.0
BAT06290,MED001,DC004,2026-08-13,2027-04-02,215.0,215.0
BAT06291,MED002,DC008,2026-08-13,2027-12-14,219.0,219.0
BAT06292,MED003,DC005,2026-08-14,2027-06-02,699.0,699.0
BAT06293,MED006,DC007,2026-08-12,2027-03-02,258.0,258.0
BAT06294,MED007,DC006,2026-08-15,2027-07-11,625.0,625.0
BAT06295,MED007,DC007,2026-08-12,2027-07-08,625.0,625.0
BAT06296,MED008,DC006,2026-08-15,2027-07-09,1205.0,1205.0
BAT06297,MED008,DC007,2026-08-12,2027-07-06,1205.0,1205.0
BAT06298,MED011,DC007,2026-08-12,2027-06-26,520.0,520.0
BAT06299,MED013,DC001,2026-08-12,2027-07-19,361.0,361.0
BAT06300,MED013,DC008,2026-08-13,2027-07-20,361.0,361.0
BAT06301,MED016,DC006,2026-08-15,2027-03-29,454.0,454.0
BAT06302,MED018,DC003,2026-08-11,2027-11-17,429.0,429.0
BAT06303,MED021,DC003,2026-08-11,2027-12-31,1413.0,1413.0
BAT06304,MED022,DC006,2026-08-15,2027-11-09,424.0,424.0
BAT06305,MED024,DC002,2026-08-11,2027-10-13,344.0,344.0
BAT06306,MED026,DC001,2026-08-12,2027-11-11,1028.0,1028.0
BAT06307,MED026,DC008,2026-08-13,2027-11-12,1028.0,1028.0
BAT06308,MED027,DC004,2026-08-13,2027-10-31,899.0,899.0
BAT06309,MED029,DC001,2026-08-12,2027-03-14,507.0,507.0
BAT06310,MED029,DC003,2026-08-11,2027-03-13,507.0,507.0
BAT06311,MED033,DC008,2026-08-13,2027-06-16,442.0,442.0
BAT06312,MED034,DC001,2026-08-12,2027-10-02,1036.0,1036.0
BAT06313,MED035,DC003,2026-08-11,2027-03-04,466.0,462.0000000000002
BAT06314,MED036,DC001,2026-08-12,2027-10-14,756.0,756.0
BAT06315,MED036,DC006,2026-08-15,2027-10-17,756.0,756.0
BAT06316,MED037,DC008,2026-08-13,2027-02-10,1365.0,1365.0
BAT06317,MED038,DC003,2026-08-11,2028-01-29,1426.0,1426.0
BAT06318,MED039,DC002,2026-08-11,2027-11-11,314.0,314.0
BAT06319,MED040,DC001,2026-08-12,2027-11-06,340.0,340.0
BAT06320,MED040,DC008,2026-08-13,2027-11-07,340.0,340.0
BAT06321,MED006,DC002,2026-08-12,2027-03-02,258.0,258.0
BAT06322,MED009,DC002,2026-08-12,2027-08-13,1366.0,1366.0
BAT06323,MED009,DC005,2026-08-15,2027-08-16,1366.0,1366.0
BAT06324,MED010,DC004,2026-08-14,2028-01-25,549.0,549.0
BAT06325,MED010,DC008,2026-08-14,2028-01-25,549.0,549.0
BAT06326,MED011,DC003,2026-08-12,2027-06-26,520.0,520.0
BAT06327,MED012,DC004,2026-08-14,2027-02-26,890.0,890.0
BAT06328,MED014,DC001,2026-08-13,2027-06-24,437.0,437.0
BAT06329,MED015,DC004,2026-08-14,2027-09-17,1245.0,1245.0
BAT06330,MED015,DC007,2026-08-13,2027-09-16,1245.0,1245.0
BAT06331,MED016,DC001,2026-08-13,2027-03-27,454.0,454.0
BAT06332,MED016,DC007,2026-08-13,2027-03-27,454.0,454.0
BAT06333,MED018,DC005,2026-08-15,2027-11-21,429.0,429.0
BAT06334,MED019,DC008,2026-08-14,2028-01-04,609.0,609.0
BAT06335,MED020,DC001,2026-08-13,2027-06-23,376.0,376.0
BAT06336,MED020,DC005,2026-08-15,2027-06-25,376.0,376.0
BAT06337,MED020,DC006,2026-08-16,2027-06-26,376.0,376.0
BAT06338,MED021,DC002,2026-08-12,2028-01-01,1413.0,1413.0
BAT06339,MED023,DC008,2026-08-14,2027-07-17,642.0,642.0
BAT06340,MED024,DC007,2026-08-13,2027-10-15,344.0,344.0
BAT06341,MED027,DC002,2026-08-12,2027-10-30,899.0,899.0
BAT06342,MED027,DC007,2026-08-13,2027-10-31,899.0,899.0
BAT06343,MED028,DC004,2026-08-14,2027-11-20,349.0,349.0
BAT06344,MED030,DC005,2026-08-15,2027-05-31,350.0,350.0
BAT06345,MED031,DC007,2026-08-13,2027-03-29,346.0,346.0
BAT06346,MED032,DC008,2026-08-14,2027-03-09,413.0,413.0
BAT06347,MED038,DC006,2026-08-16,2028-02-03,1426.0,1426.0
BAT06348,MED039,DC004,2026-08-14,2027-11-14,314.0,314.0
BAT06349,MED039,DC006,2026-08-16,2027-11-16,314.0,314.0
BAT06350,MED040,DC003,2026-08-12,2027-11-06,340.0,340.0
BAT06351,MED001,DC002,2026-08-13,2027-04-02,215.0,215.0
BAT06352,MED001,DC007,2026-08-14,2027-04-03,215.0,215.0
BAT06353,MED002,DC002,2026-08-13,2027-12-14,219.0,219.0
BAT06354,MED003,DC001,2026-08-14,2027-06-02,699.0,699.0
BAT06355,MED003,DC002,2026-08-13,2027-06-01,699.0,699.0
BAT06356,MED003,DC007,2026-08-14,2027-06-02,699.0,699.0
BAT06357,MED004,DC007,2026-08-14,2028-02-02,1309.0,1309.0
BAT06358,MED005,DC004,2026-08-15,2027-04-04,494.0,494.0
BAT06359,MED006,DC001,2026-08-14,2027-03-04,258.0,258.0
BAT06360,MED010,DC002,2026-08-13,2028-01-24,549.0,549.0
BAT06361,MED011,DC008,2026-08-15,2027-06-29,520.0,520.0
BAT06362,MED016,DC008,2026-08-15,2027-03-29,454.0,454.0
BAT06363,MED017,DC003,2026-08-13,2027-12-11,292.0,292.0
BAT06364,MED022,DC002,2026-08-13,2027-11-07,424.0,424.0
BAT06365,MED025,DC003,2026-08-13,2027-11-17,1266.0,1266.0
BAT06366,MED028,DC007,2026-08-14,2027-11-20,349.0,349.0
BAT06367,MED030,DC002,2026-08-13,2027-05-29,350.0,350.0
BAT06368,MED030,DC004,2026-08-15,2027-05-31,350.0,350.0
BAT06369,MED031,DC001,2026-08-14,2027-03-30,346.0,346.0
BAT06370,MED031,DC005,2026-08-16,2027-04-01,346.0,346.0
BAT06371,MED032,DC002,2026-08-13,2027-03-08,413.0,413.0
BAT06372,MED032,DC007,2026-08-14,2027-03-09,413.0,413.0
BAT06373,MED033,DC002,2026-08-13,2027-06-16,442.0,442.0
BAT06374,MED033,DC005,2026-08-16,2027-06-19,442.0,442.0
BAT06375,MED034,DC002,2026-08-13,2027-10-03,1036.0,1036.0
BAT06376,MED035,DC006,2026-08-17,2027-03-10,466.0,466.0
BAT06377,MED036,DC007,2026-08-14,2027-10-16,756.0,756.0
BAT06378,MED037,DC001,2026-08-14,2027-02-11,1365.0,1365.0
BAT06379,MED038,DC001,2026-08-14,2028-02-01,1426.0,1426.0
BAT06380,MED038,DC004,2026-08-15,2028-02-02,1426.0,1426.0
BAT06381,MED001,DC001,2026-08-15,2027-04-04,215.0,215.0
BAT06382,MED001,DC003,2026-08-14,2027-04-03,215.0,215.0
BAT06383,MED001,DC005,2026-08-17,2027-04-06,215.0,215.0
BAT06384,MED001,DC008,2026-08-16,2027-04-05,215.0,215.0
BAT06385,MED004,DC002,2026-08-14,2028-02-02,1309.0,1309.0
BAT06386,MED004,DC006,2026-08-18,2028-02-06,1309.0,1309.0
BAT06387,MED005,DC005,2026-08-17,2027-04-06,494.0,494.0
BAT06388,MED006,DC004,2026-08-16,2027-03-06,258.0,258.0
BAT06389,MED006,DC006,2026-08-18,2027-03-08,258.0,258.0
BAT06390,MED007,DC008,2026-08-16,2027-07-12,625.0,625.0
BAT06391,MED010,DC003,2026-08-14,2028-01-25,549.0,549.0
BAT06392,MED011,DC001,2026-08-15,2027-06-29,520.0,520.0
BAT06393,MED011,DC002,2026-08-14,2027-06-28,520.0,520.0
BAT06394,MED011,DC006,2026-08-18,2027-07-02,520.0,520.0
BAT06395,MED012,DC001,2026-08-15,2027-02-27,890.0,890.0
BAT06396,MED012,DC003,2026-08-14,2027-02-26,890.0,890.0
BAT06397,MED013,DC003,2026-08-14,2027-07-21,361.0,361.0
BAT06398,MED015,DC005,2026-08-17,2027-09-20,1245.0,1245.0
BAT06399,MED016,DC002,2026-08-14,2027-03-28,454.0,454.0
BAT06400,MED017,DC006,2026-08-18,2027-12-16,292.0,292.0
BAT06401,MED018,DC007,2026-08-15,2027-11-21,429.0,429.0
BAT06402,MED019,DC005,2026-08-17,2028-01-07,609.0,609.0
BAT06403,MED020,DC003,2026-08-14,2027-06-24,376.0,376.0
BAT06404,MED020,DC004,2026-08-16,2027-06-26,376.0,376.0
BAT06405,MED021,DC001,2026-08-15,2028-01-04,1413.0,1413.0
BAT06406,MED022,DC001,2026-08-15,2027-11-09,424.0,424.0
BAT06407,MED022,DC003,2026-08-14,2027-11-08,424.0,424.0
BAT06408,MED022,DC005,2026-08-17,2027-11-11,424.0,424.0
BAT06409,MED023,DC001,2026-08-15,2027-07-18,642.0,642.0
BAT06410,MED023,DC004,2026-08-16,2027-07-19,642.0,642.0
BAT06411,MED024,DC006,2026-08-18,2027-10-20,344.0,344.0
BAT06412,MED025,DC002,2026-08-14,2027-11-18,1266.0,1266.0
BAT06413,MED026,DC003,2026-08-14,2027-11-13,1028.0,1028.0
BAT06414,MED026,DC005,2026-08-17,2027-11-16,1028.0,1028.0
BAT06415,MED027,DC003,2026-08-14,2027-11-01,899.0,899.0
BAT06416,MED027,DC006,2026-08-18,2027-11-05,899.0,899.0
BAT06417,MED027,DC008,2026-08-16,2027-11-03,899.0,899.0
BAT06418,MED028,DC005,2026-08-17,2027-11-23,349.0,349.0
BAT06419,MED031,DC002,2026-08-14,2027-03-30,346.0,346.0
BAT06420,MED033,DC001,2026-08-15,2027-06-18,442.0,442.0
BAT06421,MED033,DC004,2026-08-16,2027-06-19,442.0,442.0
BAT06422,MED033,DC006,2026-08-18,2027-06-21,442.0,442.0
BAT06423,MED035,DC001,2026-08-15,2027-03-08,466.0,466.0
BAT06424,MED035,DC002,2026-08-14,2027-03-07,466.0,466.0
BAT06425,MED035,DC008,2026-08-16,2027-03-09,466.0,466.0
BAT06426,MED036,DC004,2026-08-16,2027-10-18,756.0,756.0
BAT06427,MED038,DC002,2026-08-14,2028-02-01,1426.0,1426.0
BAT06428,MED040,DC005,2026-08-17,2027-11-11,340.0,340.0
BAT06429,MED002,DC003,2026-08-15,2027-12-16,219.0,219.0
BAT06430,MED003,DC004,2026-08-17,2027-06-05,699.0,699.0
BAT06431,MED004,DC003,2026-08-15,2028-02-03,1309.0,1309.0
BAT06432,MED006,DC005,2026-08-18,2027-03-08,258.0,258.0
BAT06433,MED006,DC008,2026-08-17,2027-03-07,258.0,258.0
BAT06434,MED007,DC001,2026-08-16,2027-07-12,625.0,625.0
BAT06435,MED010,DC006,2026-08-19,2028-01-30,549.0,549.0
BAT06436,MED011,DC004,2026-08-17,2027-07-01,520.0,520.0
BAT06437,MED013,DC002,2026-08-15,2027-07-22,361.0,361.0
BAT06438,MED014,DC008,2026-08-17,2027-06-28,437.0,437.0
BAT06439,MED016,DC005,2026-08-18,2027-04-01,454.0,454.0
BAT06440,MED017,DC002,2026-08-15,2027-12-13,292.0,292.0
BAT06441,MED017,DC005,2026-08-18,2027-12-16,292.0,292.0
BAT06442,MED017,DC008,2026-08-17,2027-12-15,292.0,292.0
BAT06443,MED019,DC001,2026-08-16,2028-01-06,609.0,609.0
BAT06444,MED019,DC002,2026-08-15,2028-01-05,609.0,609.0
BAT06445,MED020,DC002,2026-08-15,2027-06-25,376.0,376.0
BAT06446,MED020,DC007,2026-08-16,2027-06-26,376.0,376.0
BAT06447,MED020,DC008,2026-08-17,2027-06-27,376.0,376.0
BAT06448,MED021,DC004,2026-08-17,2028-01-06,1413.0,1413.0
BAT06449,MED021,DC008,2026-08-17,2028-01-06,1413.0,1413.0
BAT06450,MED022,DC007,2026-08-16,2027-11-10,424.0,424.0
BAT06451,MED024,DC001,2026-08-16,2027-10-18,344.0,344.0
BAT06452,MED024,DC008,2026-08-17,2027-10-19,344.0,344.0
BAT06453,MED025,DC005,2026-08-18,2027-11-22,1266.0,1266.0
BAT06454,MED026,DC004,2026-08-17,2027-11-16,1028.0,1028.0
BAT06455,MED028,DC003,2026-08-15,2027-11-21,349.0,349.0
BAT06456,MED028,DC006,2026-08-19,2027-11-25,349.0,349.0
BAT06457,MED028,DC008,2026-08-17,2027-11-23,349.0,349.0
BAT06458,MED029,DC006,2026-08-19,2027-03-21,507.0,507.0
BAT06459,MED030,DC001,2026-08-16,2027-06-01,350.0,350.0
BAT06460,MED031,DC006,2026-08-19,2027-04-04,346.0,346.0
BAT06461,MED032,DC003,2026-08-15,2027-03-10,413.0,413.0
BAT06462,MED034,DC003,2026-08-15,2027-10-05,1036.0,1036.0
BAT06463,MED035,DC007,2026-08-16,2027-03-09,466.0,466.0
BAT06464,MED039,DC003,2026-08-15,2027-11-15,314.0,314.0
BAT06465,MED039,DC007,2026-08-16,2027-11-16,314.0,314.0
BAT06466,MED039,DC008,2026-08-17,2027-11-17,314.0,314.0
